{"type": "FeatureCollection", "features": [{"type": "Feature", "properties": {"id": "TLC", "name": "North East (England)"}, "geometry": {"type": "MultiPolygon", "coordinates": [[[[-2.085664733508655, 55.76270813825205], [-2.0858318081104237, 55.78256578730363], [-2.088505001738719, 55.78673105027542], [-2.086165957313961, 55.79302737802349], [-2.0819890922697493, 55.79389917725014], [-2.0601023194380828, 55.80261716951669], [-2.0525839623585025, 55.802520302935946], [-2.034372830765741, 55.81114142862175], [-2.031198413332141, 55.804167034808515], [-2.016328773774748, 55.79399604383088], [-1.9999554628014398, 55.78595611762951], [-1.997449343774913, 55.77675379245927], [-1.9909334343059442, 55.76803580019272], [-2.0049677008544933, 55.767551467289024], [-2.014658027757064, 55.77452586110226], [-2.0360435767834257, 55.770166864968985], [-2.038048472004647, 55.76232067192909], [-2.054755932181492, 55.75825227553804], [-2.0666182289070516, 55.76125513954096], [-2.085664733508655, 55.76270813825205]]], [[[-1.7800852868741588, 55.667682022546686], [-1.8026403581128996, 55.66826322203113], [-1.8058147755464997, 55.67717494745915], [-1.8155051024490705, 55.682115143076864], [-1.8307088912099996, 55.68327754204574], [-1.84574560536916, 55.67736868062063], [-1.8561042306788034, 55.681340210430946], [-1.8577749766964882, 55.69160806798932], [-1.8507578434222136, 55.696645130187775], [-1.8277015483781671, 55.688508337405665], [-1.797628120059846, 55.68724907185605], [-1.7789157646617797, 55.68511800707978], [-1.7817560328918427, 55.676787481136195], [-1.7800852868741588, 55.667682022546686]]], [[[-1.971719855102572, 54.45394376588188], [-1.9760637947485513, 54.459755760726246], [-1.9855870470493535, 54.45994949388773], [-1.986589494659964, 54.461596225760296], [-1.9967810453678396, 54.466923887700965], [-2.014658027757064, 54.47157348357646], [-2.029527667314456, 54.4729296157068], [-2.0368789497922677, 54.47428574783716], [-2.044731456075385, 54.475157547063816], [-2.043227784659469, 54.48358493958814], [-2.050411992535512, 54.481357008231136], [-2.0530851861638073, 54.48067894216596], [-2.061271841650462, 54.48058207558522], [-2.0631096622699143, 54.47883847713191], [-2.069959720942421, 54.47564187996751], [-2.0758073320043167, 54.473123348868285], [-2.081654943066213, 54.46982988512315], [-2.1018709698801956, 54.46537402240914], [-2.114234490411061, 54.464211623440264], [-2.1230894443047887, 54.461499359179555], [-2.126598010941926, 54.46208055866399], [-2.1501555297912773, 54.45994949388773], [-2.1553348424460994, 54.457043496465545], [-2.1593446328885424, 54.45549363117371], [-2.1702044820034914, 54.45820589543442], [-2.1616836773133006, 54.46469595634396], [-2.1593446328885424, 54.4711860172535], [-2.1590104836850053, 54.47205781648015], [-2.1665288407645855, 54.4898812673362], [-2.162351975720375, 54.50392692154342], [-2.168700810587575, 54.5196193076232], [-2.1745484216494715, 54.52175037239947], [-2.1712069296141028, 54.529015365954926], [-2.172376451826482, 54.532405696280804], [-2.1822338533308203, 54.53589289318742], [-2.197604716693518, 54.53269629602302], [-2.2101353118261517, 54.54364221964658], [-2.2094670134190775, 54.55168214584795], [-2.2458892766045997, 54.56504973398999], [-2.262262587577908, 54.57425205916023], [-2.2709504668698672, 54.58219511878086], [-2.3045324618253265, 54.596240772988075], [-2.308709326869537, 54.61183629248712], [-2.3249155632410776, 54.6316939415387], [-2.3237460410286976, 54.631984541280914], [-2.31706305695796, 54.6353748716068], [-2.311215445896064, 54.637602802963805], [-2.308375177666001, 54.6407994001282], [-2.305869058639474, 54.64273673174299], [-2.2990189999669672, 54.645642729165175], [-2.289829896869702, 54.65339205562433], [-2.2928372397015346, 54.66385364634419], [-2.3062032078430104, 54.67014997409225], [-2.308375177666001, 54.66947190802707], [-2.3225765188163185, 54.668987575123374], [-2.3250826378428453, 54.67014997409225], [-2.3277558314711406, 54.671602972803335], [-2.3270875330640672, 54.673637170998866], [-2.3305960997012045, 54.67460583680626], [-2.335608337754258, 54.675283902871435], [-2.3434608440373754, 54.68225829668467], [-2.346802336072744, 54.68390502855724], [-2.3518145741257976, 54.6874890920446], [-2.35047797731165, 54.69000762314383], [-2.3523157979311033, 54.69446348585784], [-2.353986543948788, 54.695916484568926], [-2.3534853201434824, 54.69795068276446], [-2.349642604302808, 54.701147279928854], [-2.344463291647986, 54.70172847941329], [-2.344463291647986, 54.70201907915551], [-2.3426254710285335, 54.70463447683547], [-2.3414559488161535, 54.70599060896583], [-2.3439620678426802, 54.707734207419136], [-2.344129142444449, 54.7098652721954], [-2.341957172621459, 54.713933668586456], [-2.3414559488161535, 54.714805467813115], [-2.3421242472232278, 54.71616159994346], [-2.337947382179016, 54.716742799427905], [-2.3257509362499196, 54.72662319066332], [-2.3305960997012045, 54.73030412073142], [-2.331598547311815, 54.73243518550768], [-2.3309302489047417, 54.73514744976839], [-2.3285912044799835, 54.73698791480244], [-2.3277558314711406, 54.73698791480244], [-2.3274216822676044, 54.74018451196684], [-2.327588756869372, 54.7432842425505], [-2.3269204584622987, 54.747255772360816], [-2.322743593418087, 54.75209910139779], [-2.3209057727986346, 54.75500509881997], [-2.321072847400403, 54.75665183069254], [-2.3209057727986346, 54.7656604227013], [-2.3209057727986346, 54.76624162218574], [-2.317564280763265, 54.768760153284965], [-2.313220341117286, 54.77079435148049], [-2.3097117744801485, 54.7725379499338], [-2.3085422522677694, 54.7735066157412], [-2.3117166697013696, 54.77544394735598], [-2.3130532665155172, 54.7826120743307], [-2.3140557141261278, 54.78513060542993], [-2.3130532665155172, 54.78735853678693], [-2.3120508189049067, 54.791039466855025], [-2.315893534745581, 54.79258933214686], [-2.323244817223393, 54.79501099666535], [-2.3274216822676044, 54.80537572080446], [-2.3282570552764463, 54.80489138790077], [-2.3339375917365732, 54.80489138790077], [-2.348473082090429, 54.80711931925777], [-2.3526499471346405, 54.81070338274513], [-2.360001229612452, 54.81670911075097], [-2.371362302532707, 54.82503963669456], [-2.374035496161002, 54.826008302501954], [-2.3815538532405824, 54.83007669889301], [-2.3823892262494244, 54.830657898377446], [-2.3895734341254675, 54.83191716392706], [-2.398261313417427, 54.844122353100225], [-2.4016028054527965, 54.85148421323642], [-2.4116272815589035, 54.85642440885413], [-2.416973668815494, 54.84925628187941], [-2.420315160850863, 54.84538161864984], [-2.4300054877534327, 54.84015082328991], [-2.4336811289923386, 54.839666490386215], [-2.438359217841856, 54.83714795928699], [-2.440364113063077, 54.83676049296403], [-2.447047097133815, 54.83511376109146], [-2.450388589169184, 54.83269209657298], [-2.453897155806321, 54.83211089708854], [-2.4554008272222374, 54.83143283102336], [-2.4630862589035862, 54.830561031796705], [-2.4689338699654817, 54.826008302501954], [-2.473277809611462, 54.82378037114495], [-2.478791271469821, 54.8192276418502], [-2.487646225363548, 54.81496551229766], [-2.496501179257276, 54.810025316679955], [-2.5003438950979504, 54.810219049841436], [-2.5210611457172387, 54.80740991899999], [-2.533758815451641, 54.80673185293482], [-2.5432820677524424, 54.81215638145622], [-2.558318781911603, 54.81670911075097], [-2.567842034212405, 54.82358663798347], [-2.5780335849202807, 54.83646989322181], [-2.582711673769797, 54.845865951553535], [-2.5733554960707634, 54.85351841143195], [-2.581208002353881, 54.86427060189402], [-2.5885592848316925, 54.86950139725395], [-2.5902300308493773, 54.873763526806485], [-2.6045984466014644, 54.885484383075955], [-2.5960776419112728, 54.88761544785222], [-2.594406895893589, 54.88771231443296], [-2.591232478459988, 54.888971579982574], [-2.5882251356281563, 54.89110264475884], [-2.581876300760955, 54.8942023753425], [-2.576362838902596, 54.89672090644173], [-2.567507885008868, 54.90902296219563], [-2.5661712881947203, 54.91919395317327], [-2.558151707309835, 54.921325017949535], [-2.557149259699224, 54.921518751111016], [-2.550299201026718, 54.92994614363534], [-2.551802872442634, 54.92975241047387], [-2.554308991469161, 54.9335302071227], [-2.5601566025310563, 54.93411140660714], [-2.5713506008495424, 54.948350793975834], [-2.56834325801771, 54.95832805179199], [-2.578367734123818, 54.960846582891214], [-2.595576418105968, 54.96346198057118], [-2.5982496117342633, 54.96656171115484], [-2.6014240291678634, 54.97130817361107], [-2.600421581557253, 54.97363297154882], [-2.5905641800529144, 54.97741076819766], [-2.588392210229925, 54.9797355661354], [-2.581542151557418, 54.98206036407315], [-2.57586161509729, 54.984966361495324], [-2.5705152278407004, 54.998721415960325], [-2.5701810786371633, 55.003952211320254], [-2.571851824654848, 55.008408074034264], [-2.5748591674866796, 55.011217204875706], [-2.565001765982341, 55.020128930303734], [-2.5569821850974552, 55.01964459740004], [-2.5548102152744656, 55.02090386294965], [-2.552638245451476, 55.021000729530385], [-2.546623559787812, 55.02351926062961], [-2.545788186778969, 55.02613465830958], [-2.5319209948321877, 55.03039678786211], [-2.527744129787977, 55.03223725289616], [-2.5259063091685237, 55.0323341194769], [-2.524569712354376, 55.03291531896134], [-2.5190562504960177, 55.032818452380596], [-2.515714758460648, 55.03359338502651], [-2.5162159822659538, 55.034658917414646], [-2.5118720426199737, 55.034562050833905], [-2.5110366696111317, 55.03591818296426], [-2.5091988489916783, 55.036305649287215], [-2.508864699788142, 55.034465184253165], [-2.505690282354541, 55.03485265057613], [-2.506525655363384, 55.03562758322204], [-2.4934938364254444, 55.03717744851387], [-2.4829681365140317, 55.039986579355315], [-2.4881474491688538, 55.046186040522635], [-2.4943292094342864, 55.050738769817386], [-2.4931596872219073, 55.05209490194774], [-2.490820642797149, 55.054516566466226], [-2.4921572396112968, 55.054225966724005], [-2.494830433239592, 55.054419699885486], [-2.4978377760714237, 55.05664763124249], [-2.502014641115635, 55.05771316363062], [-2.5026829395227095, 55.060522294472065], [-2.5040195363368563, 55.062459626086856], [-2.5006780443014875, 55.064300091120906], [-2.4978377760714237, 55.06468755744386], [-2.4938279856289816, 55.065946822993475], [-2.4921572396112968, 55.06817475435048], [-2.493326761823676, 55.07088701861119], [-2.5011792681067933, 55.07524601474446], [-2.4946633586378235, 55.08183294223474], [-2.4911547920006862, 55.082317275138436], [-2.4866437777529375, 55.08105800958882], [-2.4863096285494013, 55.08309220778435], [-2.490820642797149, 55.084060873591746], [-2.48965112058477, 55.08425460675322], [-2.495164582443129, 55.08774180365984], [-2.495665806248434, 55.086676271271706], [-2.4990072982838027, 55.08783867024058], [-2.516550131469491, 55.08909793579019], [-2.524903861557913, 55.08551387230283], [-2.526908756779134, 55.08425460675322], [-2.532255144035725, 55.08280160804213], [-2.5401076503188422, 55.08425460675322], [-2.545788186778969, 55.083770273849524], [-2.548628455009033, 55.08270474146139], [-2.551802872442634, 55.081348609331044], [-2.5531394692567817, 55.08183294223474], [-2.5569821850974552, 55.08105800958882], [-2.5608249009381296, 55.083964007011005], [-2.559822453327519, 55.08522327256062], [-2.5596553787257506, 55.08793553682132], [-2.560323677132825, 55.088419869725016], [-2.558318781911603, 55.08880733604798], [-2.560991975539898, 55.08871046946724], [-2.5633310199646564, 55.09122900056646], [-2.5653359151858783, 55.09161646688942], [-2.56834325801771, 55.093941264827166], [-2.5773652865132064, 55.09675039566861], [-2.5793701817344283, 55.09665352908787], [-2.583547046778639, 55.09704099541082], [-2.5840482705839447, 55.09713786199156], [-2.5833799721768713, 55.101690591286314], [-2.5853848673980924, 55.10275612367445], [-2.5885592848316925, 55.103531056320364], [-2.593571522884746, 55.1050809216122], [-2.5932373736812098, 55.10624332058107], [-2.594406895893589, 55.10759945271142], [-2.5932373736812098, 55.110021117229905], [-2.599586208548411, 55.11563937891279], [-2.601591103769632, 55.12261377272603], [-2.602760625982011, 55.12464797092156], [-2.615625370318182, 55.127457101763], [-2.6243132496101413, 55.12900696705483], [-2.625649846424289, 55.12755396834374], [-2.635674322530396, 55.129588166539264], [-2.6472024700524193, 55.13104116525036], [-2.656892796954989, 55.13617509402955], [-2.659733065185053, 55.14208395545465], [-2.6664160492557913, 55.147508483976054], [-2.672597809521224, 55.15089881430194], [-2.6732661079282973, 55.15177061352859], [-2.6772758983707403, 55.15545154359669], [-2.676106376158361, 55.15787320811518], [-2.6832905840344043, 55.166591200381724], [-2.6799490919990356, 55.16881913173873], [-2.674268555538908, 55.1736624607757], [-2.689806493503374, 55.188967380532524], [-2.6851284046538577, 55.19555430802281], [-2.68379180783971, 55.19574804118428], [-2.6812856888131833, 55.19855717202573], [-2.6832905840344043, 55.20185063577087], [-2.6667501984593276, 55.22161141824171], [-2.66006721438859, 55.2198678197884], [-2.641354858990524, 55.22112708533801], [-2.6314974574861845, 55.22374248301797], [-2.6346718749197855, 55.22548608147128], [-2.634003576512711, 55.232169875542304], [-2.6321657558932587, 55.236625738256315], [-2.63199868129149, 55.23759440406371], [-2.631330382884416, 55.241953400196984], [-2.630160860672037, 55.244762531038425], [-2.6243132496101413, 55.246409262910994], [-2.62013638456593, 55.24718419555691], [-2.615291221114645, 55.248249727945044], [-2.6294925622649634, 55.25134945852871], [-2.6403524113799124, 55.256483387307895], [-2.6266522940348995, 55.26219851557152], [-2.623310801999531, 55.2719820402262], [-2.618465638548246, 55.27498490422912], [-2.6137875496987286, 55.278375234555], [-2.6109472814686656, 55.28089376565423], [-2.605266745008538, 55.28534962836824], [-2.5902300308493773, 55.291452222954824], [-2.583045822973334, 55.29348642115035], [-2.5733554960707634, 55.296876751476226], [-2.570682302442469, 55.30142948077098], [-2.5651688405841098, 55.305982210065736], [-2.5591541549204457, 55.31518453523598], [-2.536599083681705, 55.32099653008034], [-2.5202257727083968, 55.32303072827587], [-2.50685980456692, 55.33397665189942], [-2.502014641115635, 55.337173249063824], [-2.4949975078413607, 55.34753797320294], [-2.488481598372391, 55.351800102755476], [-2.4751156302309143, 55.3548029667584], [-2.47127291439024, 55.353834300951], [-2.4517251859833316, 55.35644969863097], [-2.440364113063077, 55.35916196289167], [-2.4393616654524664, 55.359452562633884], [-2.4291701147445908, 55.35644969863097], [-2.426329846514527, 55.35809643050354], [-2.414968773594272, 55.35896822973019], [-2.4024381784616384, 55.35460923359692], [-2.3995979102315745, 55.35054083720586], [-2.390241732532542, 55.347925439525895], [-2.378880659612287, 55.34918470507551], [-2.3750379437716127, 55.35373743437026], [-2.372865973948623, 55.355093566500614], [-2.364178094656663, 55.358774496568714], [-2.3374461583737114, 55.36729875567378], [-2.343293769435607, 55.37068908599966], [-2.3463011122674393, 55.3730138839374], [-2.330094875895899, 55.381247543300255], [-2.3357754123560266, 55.38618773891796], [-2.3354412631524895, 55.39258093324676], [-2.344797440851523, 55.399458460479266], [-2.3329351441259627, 55.40430178951623], [-2.332433920320658, 55.40992005119912], [-2.330763174302973, 55.4096294514569], [-2.3229106680198557, 55.40759525326138], [-2.2960116571351348, 55.41495711339757], [-2.2945079857192194, 55.42047850849971], [-2.2739578097016997, 55.42599990360186], [-2.270616317666331, 55.42958396708922], [-2.2644345574008984, 55.428809034443304], [-2.260591841560224, 55.4329742974151], [-2.242547784569231, 55.43210249818844], [-2.231353786250745, 55.42842156812035], [-2.205624297578403, 55.43752702670985], [-2.1982730151005914, 55.44217662258534], [-2.1942632246581484, 55.44527635316901], [-2.18440582315381, 55.46406846983245], [-2.1665288407645855, 55.467458800158326], [-2.1685337359858075, 55.469105532030895], [-2.1737130486406295, 55.4723021291953], [-2.1954327468705275, 55.47530499319822], [-2.2034523277554134, 55.47859845694336], [-2.2054572229766345, 55.480148322235195], [-2.2022828055430343, 55.488285115017305], [-2.205290148374866, 55.4914817121817], [-2.2206610117375636, 55.50630229903483], [-2.228847667224218, 55.50949889619923], [-2.2266756974012285, 55.51947615401539], [-2.227678145011839, 55.528387879443414], [-2.2331916068701974, 55.52964714499303], [-2.232189159259587, 55.54485519816912], [-2.2351965020914193, 55.548342395075736], [-2.2575844987283915, 55.562581782444425], [-2.259756468551381, 55.56510031354365], [-2.2764639287282264, 55.57565877084425], [-2.285485957223723, 55.577692969039774], [-2.292336015896229, 55.585829761821884], [-2.290331120675008, 55.589607558470725], [-2.2884933000555545, 55.59793808441432], [-2.295176284126293, 55.60859340829565], [-2.305869058639474, 55.612080605202266], [-2.3160606093473497, 55.62041113114586], [-2.308709326869537, 55.62883852367018], [-2.3108812966925276, 55.62893539025092], [-2.3280899806746778, 55.627385524959095], [-2.335942486957795, 55.63203512083459], [-2.327588756869372, 55.6360066506449], [-2.3260850854534567, 55.637169049613775], [-2.3160606093473497, 55.643271644200354], [-2.314724012533202, 55.643562243942576], [-2.2990189999669672, 55.647146307429935], [-2.289161598462629, 55.643368510781094], [-2.2731224366928577, 55.642690444715925], [-2.259756468551381, 55.64453090974997], [-2.245722202002831, 55.63949384755152], [-2.2318550100560497, 55.645112109234404], [-2.2478941718258216, 55.650633504336554], [-2.2338599052772716, 55.65809223105349], [-2.230017189436597, 55.662451227186764], [-2.2169853704986577, 55.666907089900775], [-2.219658564126953, 55.67378461713327], [-2.2049559991713297, 55.68637727262939], [-2.1920912548351588, 55.695579597799636], [-2.1897522104104006, 55.6959670641226], [-2.186410718375031, 55.69984172735217], [-2.184071673950273, 55.70158532580548], [-2.16719713917166, 55.70604118851949], [-2.1725435264282495, 55.710787650975725], [-2.1770545406759982, 55.71650277923935], [-2.173545974038861, 55.720668042211145], [-2.151826275808962, 55.722508507245195], [-2.1481506345700563, 55.72948290105843], [-2.1488189329771297, 55.73645729487167], [-2.136622487048033, 55.740428824681985], [-2.125428488729547, 55.737038494356106], [-2.1172418332428924, 55.73839462648646], [-2.113733266605755, 55.74817815114114], [-2.1050453873137958, 55.75118101514406], [-2.106214909526175, 55.760092740572084], [-2.092180642977625, 55.762126938767615], [-2.0554242305885655, 55.7571867431499], [-2.0382155466064154, 55.760092740572084], [-2.028358145102077, 55.768229533354194], [-2.0176653705888956, 55.7714261305186], [-2.001793283420893, 55.76096453979874], [-1.9924371057218595, 55.76125513954096], [-1.9832480026245953, 55.75098728198258], [-1.9606929313858545, 55.733260697707266], [-1.9414793521824825, 55.72163670801854], [-1.9114059238641614, 55.7087534527802], [-1.8796617495281556, 55.701004126321045], [-1.8688019004132057, 55.673300284229576], [-1.860281095723015, 55.6593514966031], [-1.8460797545726964, 55.651408436982464], [-1.84140166572318, 55.64298104445814], [-1.812497759617238, 55.63387558586864], [-1.8006354628916776, 55.63765338251747], [-1.7901097629802658, 55.650633504336554], [-1.7678888409450613, 55.632713186899764], [-1.7576972902371866, 55.627191791797614], [-1.7658839457238402, 55.62031426456512], [-1.7787486900600111, 55.61488973604371], [-1.7680559155468298, 55.60423441216238], [-1.756360693423039, 55.61324300417114], [-1.743495949086868, 55.619151865596244], [-1.7279580111224018, 55.617602000304416], [-1.7167640128039157, 55.61246807152523], [-1.6920369717421853, 55.60607487719643], [-1.6646367370521586, 55.586023494983365], [-1.6437524118311027, 55.57924283433161], [-1.6445877848399446, 55.57091230838802], [-1.62353638501712, 55.55221705830531], [-1.632391338910848, 55.550279726690526], [-1.6374035769639015, 55.540302468874366], [-1.6330596373179214, 55.533909274545564], [-1.6171875501499189, 55.52199468511462], [-1.613511908911013, 55.50978949594145], [-1.6168534009463817, 55.502524502385995], [-1.6108387152827177, 55.495356375411276], [-1.59546785192002, 55.49128797902022], [-1.5916251360793456, 55.48518538443364], [-1.593462956698799, 55.47307706184122], [-1.588617793247514, 55.46193740505618], [-1.5931288074952619, 55.45815960840734], [-1.5869470472298293, 55.446826218460835], [-1.5932958820970304, 55.44033615755129], [-1.5847750774068396, 55.433361763738056], [-1.5757530489113432, 55.43190876502697], [-1.5817677345750072, 55.41573204604349], [-1.5787603917431747, 55.40982318461838], [-1.5926275836899562, 55.402751924224404], [-1.5968044487341677, 55.39442139828081], [-1.609167969265033, 55.38425040730318], [-1.5998117915660002, 55.35829016366501], [-1.5879494948404398, 55.345406908426675], [-1.593462956698799, 55.33872311435565], [-1.5760871981148803, 55.337270115644564], [-1.5637236775840142, 55.33232992002685], [-1.549355261831928, 55.321965195887735], [-1.5498564856372328, 55.312278537813796], [-1.5580431411238873, 55.30704774245387], [-1.5699054378494477, 55.29154908953556], [-1.570239587052984, 55.27556610371356], [-1.559713887141572, 55.25377112304719], [-1.5460137697965584, 55.23972546883998], [-1.5251294445755024, 55.226939080182376], [-1.5288050858144082, 55.2220957511454], [-1.5209525795312908, 55.20737203087301], [-1.5050804923632883, 55.19429504247319], [-1.5082549097968885, 55.18518958388369], [-1.5147708192658582, 55.179280722458586], [-1.526131892186113, 55.16000427289144], [-1.519281833513607, 55.14266515493909], [-1.5301416826285559, 55.13985602409765], [-1.500402403513772, 55.127941434666695], [-1.4977292098854766, 55.108180652195855], [-1.4888742559917487, 55.09539426353825], [-1.4761765862573464, 55.085707605464314], [-1.4699948259919138, 55.08483580623766], [-1.4618081705052592, 55.074277348937066], [-1.4532873658150685, 55.06991835280379], [-1.4549581118327533, 55.062265892925375], [-1.4484422023637835, 55.050738769817386], [-1.4317347421869382, 55.040858378581966], [-1.4324030405940125, 55.034368317672424], [-1.4177004756383882, 55.01412320229789], [-1.4297298469657171, 55.01334826965198], [-1.4292286231604114, 55.00724567506539], [-1.4143589836030195, 55.003952211320254], [-1.4075089249305126, 54.9957185519574], [-1.3811111378510974, 54.98554756097977], [-1.3807769886475612, 54.98031676561983], [-1.365573199886632, 54.97324550522586], [-1.353209679355766, 54.95755311914608], [-1.3562170221875984, 54.95038499217136], [-1.367578095107853, 54.93701740402932], [-1.3627329316565682, 54.918709620269574], [-1.3530426047539983, 54.90640756451567], [-1.361563409444189, 54.89827077173356], [-1.3597255888247357, 54.88887471340183], [-1.3540450523646088, 54.880059854554545], [-1.3545462761699136, 54.87347292706427], [-1.347529142895639, 54.864754934797716], [-1.345524247674418, 54.85497141014304], [-1.3306546081170252, 54.839569623805474], [-1.312610551126033, 54.811768915133264], [-1.3084336860818215, 54.786583604141015], [-1.3096032082942006, 54.78193400826552], [-1.292227449710282, 54.76101082682581], [-1.26649796103794, 54.74338110913124], [-1.2663308864361715, 54.740862578032015], [-1.2491222024540214, 54.72759185647072], [-1.2248963851975958, 54.714805467813115], [-1.2025083885606236, 54.70618434212731], [-1.1779484221006609, 54.69920994831407], [-1.1816240633395676, 54.693204220308225], [-1.1978302997111072, 54.69184808817787], [-1.1991668965252549, 54.680708431392844], [-1.1846314061713992, 54.66046331601831], [-1.1640812301538794, 54.647289461037744], [-1.173103258649376, 54.63353440657275], [-1.188307047410305, 54.63256574076536], [-1.2005034933394025, 54.62171668372254], [-1.1727691094458397, 54.62152295056106], [-1.1587348428972897, 54.617842020492965], [-1.1605726635167422, 54.61038329377603], [-1.167422722189249, 54.60476503209314], [-1.2016730155517816, 54.58335751774973], [-1.190311942631527, 54.58568231568748], [-1.1575653206849106, 54.60544309815832], [-1.1517177096230142, 54.61173942590638], [-1.1520518588265514, 54.627819278309126], [-1.1355114732514746, 54.62965974334317], [-1.1410249351098338, 54.63518113844532], [-1.1348431748444012, 54.6385714687712], [-1.1127893274109653, 54.627722411728385], [-1.0888976593580768, 54.6211354842381], [-1.071187751570621, 54.62123235081884], [-1.0513058739601755, 54.615904688878175], [-1.036603309004552, 54.606024297642755], [-1.0018517918367138, 54.593625375308115], [-0.9610855890052115, 54.58490738304157], [-0.9430415320142194, 54.589072646013356], [-0.9201523115719414, 54.58481051646083], [-0.8979313895367378, 54.57124919515731], [-0.8725360500679331, 54.569505596704], [-0.8534895454663296, 54.571733528061], [-0.8297649520152097, 54.565824666635905], [-0.8240844155550819, 54.561950003406324], [-0.797185404670361, 54.554103810366435], [-0.8048708363517099, 54.55090721320203], [-0.8157306854666597, 54.5525539450746], [-0.825253937767461, 54.54906674816798], [-0.8386199059089376, 54.539767556417], [-0.8421284725460749, 54.535989759768164], [-0.8506492772362657, 54.526303101694225], [-0.853322470864561, 54.502667655993804], [-0.8439662931655274, 54.491237399466556], [-0.8563298136963935, 54.48784706914068], [-0.8757104675015333, 54.491140532885815], [-0.8808897801563553, 54.49704939431092], [-0.8957594197137473, 54.495596395599826], [-0.9014399561738751, 54.49424026346948], [-0.9229925798020053, 54.491043666305075], [-0.9440439796248299, 54.48871886836733], [-0.9528989335185578, 54.48804080230215], [-0.9677685730759498, 54.4972431274724], [-1.00335546325263, 54.503055122316766], [-1.0237385646683812, 54.50208645650937], [-1.0367703836063198, 54.494046530308], [-1.0429521438717533, 54.49530579585761], [-1.0446228898894372, 54.49598386192279], [-1.0491339041371859, 54.49637132824574], [-1.0578217834291452, 54.49898672592571], [-1.0648389167034198, 54.49850239302201], [-1.0678462595352523, 54.5004397246368], [-1.0782048848448964, 54.50383005496268], [-1.087226913340392, 54.50334572205898], [-1.0945781958182046, 54.50673605238486], [-1.1117868798003547, 54.50441125444711], [-1.1122881036056604, 54.500827190959754], [-1.1142929988268815, 54.49898672592571], [-1.1228138035170723, 54.49898672592571], [-1.1308333844019582, 54.50005225831384], [-1.146204247764656, 54.502861389155285], [-1.1480420683841084, 54.501117790701976], [-1.158233619091984, 54.50237705625159], [-1.1640812301538794, 54.50344258863972], [-1.165417826968027, 54.50353945522046], [-1.172267885640534, 54.50257078941306], [-1.174272780861755, 54.50383005496268], [-1.173437407852913, 54.50402378812416], [-1.1756093776759027, 54.504701854189335], [-1.1799533173218828, 54.50615485290042], [-1.1851326299767049, 54.507317251869296], [-1.2038449853747712, 54.50692978554634], [-1.2275695788258911, 54.51196684774479], [-1.2349208613037028, 54.51032011587222], [-1.2422721437815145, 54.50169899018641], [-1.2538002913035378, 54.49879299276423], [-1.2546356643123806, 54.496565061407225], [-1.2574759325424436, 54.48736273623698], [-1.2710089752856888, 54.48910633469029], [-1.2728467959051413, 54.490268733659164], [-1.2776919593564262, 54.48978440075547], [-1.2810334513917958, 54.49046246682064], [-1.287382286258997, 54.487556469398456], [-1.2877164354625332, 54.48794393572142], [-1.2878835100643018, 54.48639407042958], [-1.2867139878519227, 54.4839724059111], [-1.3015836274093147, 54.47641681261342], [-1.3020848512146204, 54.47796667790526], [-1.3032543734269995, 54.47845101080895], [-1.3107727305065797, 54.47748234500156], [-1.313111774931338, 54.47728861184008], [-1.31829108758616, 54.47215468306089], [-1.3440205762585018, 54.464211623440264], [-1.3428510540461227, 54.467795686927616], [-1.3425169048425856, 54.46808628666984], [-1.3438535016567332, 54.468764352735015], [-1.3448559492673438, 54.46905495247723], [-1.3446888746655752, 54.47157348357646], [-1.3448559492673438, 54.47244528280311], [-1.3498681873203973, 54.47273588254533], [-1.3618975586477262, 54.467795686927616], [-1.3734257061697486, 54.47360768177198], [-1.3757647505945076, 54.49065619998212], [-1.3809440632493288, 54.494046530308], [-1.3897990171430568, 54.486684670171805], [-1.410182118558808, 54.48968753417473], [-1.4100150439570394, 54.47835414422821], [-1.4178675502401568, 54.4770948786786], [-1.4330713390010859, 54.48009774268152], [-1.4268895787356533, 54.4839724059111], [-1.4429287405054243, 54.490946799724334], [-1.4564617832486695, 54.502764522574545], [-1.4728350942219777, 54.50160212360567], [-1.4746729148414301, 54.49685566114944], [-1.4584666784698905, 54.492884131339125], [-1.4618081705052592, 54.48590973752589], [-1.4613069466999544, 54.484747338557014], [-1.4576313054610486, 54.481453874811876], [-1.4601374244875753, 54.471282883834235], [-1.4619752451070278, 54.46285549130991], [-1.455459335638058, 54.45549363117371], [-1.463144767319407, 54.45142523478266], [-1.4719997212131348, 54.45559049775445], [-1.4688253037795347, 54.45936829440329], [-1.4679899307706918, 54.463146091052124], [-1.4790168544874103, 54.47535128022529], [-1.4870364353722954, 54.473026482287544], [-1.49839750829255, 54.474963813902335], [-1.5014048511243825, 54.48435987223406], [-1.5069183129827408, 54.47845101080895], [-1.5141025208587848, 54.48377867274962], [-1.5288050858144082, 54.484844205137755], [-1.5326478016550826, 54.46915181905797], [-1.5511930824513804, 54.47447948099864], [-1.5540333506814443, 54.479613409777826], [-1.5552028728938234, 54.484941071718495], [-1.5732469298848164, 54.49017186707842], [-1.583438480592692, 54.49801806011831], [-1.5787603917431747, 54.50392692154342], [-1.5810994361679338, 54.512838646971446], [-1.6036545074066746, 54.51138564826035], [-1.6006471645748421, 54.517100776523975], [-1.614347281919855, 54.51952244104246], [-1.6278803246631002, 54.51380731277884], [-1.6400767705921968, 54.52562503562905], [-1.6529415149283677, 54.52417203691795], [-1.6549464101495888, 54.53037149808527], [-1.6606269466097165, 54.535214827122246], [-1.6836832416537622, 54.53347122866894], [-1.6895308527156585, 54.53540856028373], [-1.698552881211154, 54.536086626348904], [-1.710582252538483, 54.53831455770591], [-1.7212750270516635, 54.542286087516224], [-1.7272897127153284, 54.530468364666014], [-1.7331373237772238, 54.52775610040531], [-1.747505739529311, 54.52930596569714], [-1.7540216489982798, 54.52862789963197], [-1.7612058568743238, 54.528918499374186], [-1.7672205425379879, 54.532308829700064], [-1.7797511376706217, 54.53192136337711], [-1.776409645635253, 54.519134974719506], [-1.7760754964317158, 54.50673605238486], [-1.782424331298917, 54.50576738657747], [-1.7850975249272123, 54.502764522574545], [-1.7871024201484333, 54.501020924121235], [-1.7902768375820344, 54.492884131339125], [-1.7911122105908763, 54.489396934432506], [-1.7929500312103297, 54.4844567388148], [-1.822522235723345, 54.49520892927687], [-1.824527130944567, 54.49792119353757], [-1.8243600563427984, 54.500149124894584], [-1.8318784134223787, 54.502667655993804], [-1.8315442642188415, 54.5036363218012], [-1.839396770501959, 54.50847965083817], [-1.8509249180239822, 54.50353945522046], [-1.85543593227173, 54.50353945522046], [-1.8577749766964882, 54.49365906398504], [-1.8592786481124044, 54.48910633469029], [-1.8601140211212464, 54.48707213649476], [-1.8586103497053301, 54.48281000694223], [-1.8672982289972904, 54.48213194087705], [-1.885509360590051, 54.4729296157068], [-1.8933618668731684, 54.466923887700965], [-1.913243744483614, 54.46198369208325], [-1.9282804586427744, 54.45646229698111], [-1.9339609951029022, 54.45733409620776], [-1.9469928140408408, 54.45433123220484], [-1.9538428727133477, 54.453459432978185], [-1.955346544129264, 54.45384689930114], [-1.960525856784086, 54.45220016742857], [-1.9660393186424443, 54.451618967944135], [-1.9683783630672025, 54.45181270110562], [-1.971719855102572, 54.45394376588188]]]]}}, {"type": "Feature", "properties": {"id": "TLD", "name": "North West (England)"}, "geometry": {"type": "MultiPolygon", "coordinates": [[[[-3.1955413130564754, 54.04429499593492], [-3.2099097288085625, 54.0476853262608], [-3.2251135175694907, 54.06328084575984], [-3.2471673650029267, 54.08207296242329], [-3.2673833918169093, 54.106773940511836], [-3.275570047303563, 54.13166865176186], [-3.2765724949141743, 54.14203337590098], [-3.2713931822593523, 54.148039103906825], [-3.2560223188966546, 54.13496211550701], [-3.2508430062418325, 54.1258566569175], [-3.2508430062418325, 54.11597626568208], [-3.246666141197621, 54.11152040296807], [-3.2391477841180407, 54.08769122410617], [-3.228956233410165, 54.085947625652864], [-3.225781815976565, 54.07025523957308], [-3.2107451018174045, 54.06163411388727], [-3.2055657891625824, 54.05204432239407], [-3.196042536861781, 54.04875085864893], [-3.1786667782778615, 54.05524091955847], [-3.173153316419503, 54.04710412677636], [-3.1955413130564754, 54.04429499593492]]], [[[-2.5295819504074295, 52.947184102480364], [-2.540943023327684, 52.95270549758251], [-2.5479601566019596, 52.957064493715784], [-2.555812662885076, 52.95900182533057], [-2.5591541549204457, 52.96219842249497], [-2.5680091088141737, 52.962489022237186], [-2.571183526247774, 52.96210155591423], [-2.572353048460153, 52.962489022237186], [-2.571851824654848, 52.95919555849205], [-2.573522570672532, 52.95851749242687], [-2.5862202404069343, 52.955320895262474], [-2.5977483879289576, 52.96297335514088], [-2.59641179111481, 52.96655741862824], [-2.5960776419112728, 52.967622951016374], [-2.5969130149201156, 52.969560282631164], [-2.598416686336032, 52.97169134740743], [-2.592736149875904, 52.974209878506656], [-2.595910567309505, 52.979731273608806], [-2.6005886561590215, 52.97876260780141], [-2.6042642973979273, 52.97895634096289], [-2.6037630735926216, 52.98176547180433], [-2.6149570719111077, 52.987771199810176], [-2.621974205185383, 52.986705667422044], [-2.6309962336808796, 52.99590799259229], [-2.634003576512711, 52.99600485917303], [-2.655389125539073, 52.99309886175084], [-2.658229393769137, 52.99164586303975], [-2.6607355127956636, 52.99145212987827], [-2.6659148254504856, 52.98883673219831], [-2.6715953619106134, 52.987093133745], [-2.674602704742445, 52.985640135033904], [-2.6796149427954985, 52.9866088008413], [-2.684627180848552, 52.9866088008413], [-2.6871332998750788, 52.98680253400278], [-2.6864650014680054, 52.98825553271387], [-2.691811388724596, 52.99048346407088], [-2.6944845823528905, 52.99338946149306], [-2.6993297458041763, 52.99542365968858], [-2.71186034093681, 52.9861244679376], [-2.7152018329721788, 52.98505893554947], [-2.7180421012022427, 52.98418713632282], [-2.720381145627001, 52.983993403161335], [-2.7268970550959706, 52.98331533709616], [-2.7289019503171916, 52.9843808694843], [-2.731575143945487, 52.98457460264577], [-2.734749561379087, 52.98505893554947], [-2.7362532327950033, 52.98457460264577], [-2.736754456600309, 52.98457460264577], [-2.737255680405614, 52.98476833580725], [-2.739594724830373, 52.985833868195385], [-2.7402630232374463, 52.985640135033904], [-2.7417666946533625, 52.98641506767982], [-2.7457764850958055, 52.987093133745], [-2.7481155295205637, 52.9866088008413], [-2.7537960659806906, 52.9861244679376], [-2.761648572263808, 52.989417931682745], [-2.761147348458503, 52.98970853142496], [-2.76248394527265, 52.99145212987827], [-2.764488840493872, 52.99358319465454], [-2.7651571389009453, 52.993873794396755], [-2.766493735715093, 52.99416439413898], [-2.7686657055380834, 52.993970660977496], [-2.77117182456461, 52.99338946149306], [-2.7715059737681464, 52.99406752755824], [-2.7746803912017475, 52.99445499388119], [-2.7758499134141266, 52.99474559362341], [-2.7781889578388848, 52.99368006123528], [-2.780528002263643, 52.993776927816015], [-2.7803609276618744, 52.99406752755824], [-2.7815304498742535, 52.99426126071971], [-2.7815304498742535, 52.99464872704267], [-2.781697524476022, 52.99532679310785], [-2.7806950768654115, 52.995714259430805], [-2.783702419697244, 52.99542365968858], [-2.7843707181043174, 52.99503619336563], [-2.78403656890078, 52.99464872704267], [-2.794228119608656, 52.99290512858936], [-2.792056149785666, 52.992130195943446], [-2.7972354624404883, 52.991258396716795], [-2.7972354624404883, 52.99058033065162], [-2.800576954475857, 52.99067719723236], [-2.8010781782811627, 52.99096779697457], [-2.801746476688236, 52.99038659749014], [-2.803417222705921, 52.98961166484422], [-2.8039184465112266, 52.99154899645901], [-2.8070928639448267, 52.99183959620123], [-2.8127734004049545, 52.99280826200862], [-2.8131075496084907, 52.99232392910493], [-2.8171173400509337, 52.99358319465454], [-2.819456384475692, 52.99426126071971], [-2.8236332495199035, 52.99358319465454], [-2.823800324121672, 52.99329259491232], [-2.82831133836942, 52.99542365968858], [-2.8321540542100943, 52.99600485917303], [-2.8339918748295476, 52.9966829252382], [-2.8359967700507687, 52.99774845762633], [-2.836999217661379, 53.001913720598125], [-2.8385028890772954, 53.00520718434327], [-2.839839485891443, 53.00695078279658], [-2.840674858900285, 53.007241382538794], [-2.8408419335020536, 53.0104379797032], [-2.8411760827055907, 53.01431264293277], [-2.8517017826170035, 53.01702490719347], [-2.861057960316036, 53.02283690203784], [-2.8597213635018885, 53.02564603287928], [-2.8592201396965837, 53.03058622849699], [-2.858217692085973, 53.03087682823921], [-2.8562127968647513, 53.03300789301548], [-2.858217692085973, 53.03852928811762], [-2.862394557130184, 53.0392073541828], [-2.866738496776164, 53.040563486313154], [-2.8625616317319524, 53.04424441638125], [-2.866404347572627, 53.04443814954273], [-2.865067750758479, 53.045019349027164], [-2.8692446158026907, 53.04453501612347], [-2.8700799888115327, 53.04540681535012], [-2.863062855537258, 53.048603412514524], [-2.8649006761567106, 53.05180000967892], [-2.868409242793848, 53.05005641122561], [-2.8660701983690897, 53.051509409936706], [-2.8657360491655535, 53.05189687625966], [-2.8660701983690897, 53.05276867548632], [-2.8592201396965837, 53.05412480761667], [-2.8602225873071943, 53.054802873681844], [-2.8670726459797002, 53.056740205296634], [-2.865568974563785, 53.05722453820033], [-2.8608908857142676, 53.05732140478107], [-2.8657360491655535, 53.05877440349216], [-2.8702470634133013, 53.056837071877375], [-2.8725861078380595, 53.05867753691142], [-2.864733601554942, 53.06080860168769], [-2.8617262587231105, 53.060324268783994], [-2.861559184121342, 53.06080860168769], [-2.8638982285461, 53.063230266206176], [-2.87041413801507, 53.06419893201357], [-2.8702470634133013, 53.064780131498004], [-2.8677409443867745, 53.06691119627427], [-2.8694116904044593, 53.06972032711572], [-2.8754263760681233, 53.07330439060307], [-2.880772763324714, 53.07398245666825], [-2.8792690919087978, 53.07785711989783], [-2.8757605252716605, 53.08153804996592], [-2.8911313886343573, 53.08754377797177], [-2.8919667616432, 53.089965442490254], [-2.893637507660884, 53.09151530778208], [-2.9021583123510757, 53.092774573331695], [-2.897146074298022, 53.098974034499015], [-2.893971656864421, 53.098102235272364], [-2.8943058060679583, 53.09742416920719], [-2.8978143727050956, 53.09645550339979], [-2.8934704330591163, 53.096261770238314], [-2.887288672793683, 53.10536722882782], [-2.8909643140325896, 53.10497976250486], [-2.892802134652042, 53.1041079632782], [-2.893136283855579, 53.10575469515077], [-2.891632612439663, 53.10943562521887], [-2.889961866421978, 53.108951292315176], [-2.883947180758314, 53.11379462135215], [-2.8814410617317874, 53.12183454755352], [-2.8841142553600827, 53.120672148584646], [-2.886453299784841, 53.12135021464982], [-2.891632612439663, 53.118734816969855], [-2.8921338362449687, 53.11795988432394], [-2.8951411790768002, 53.11650688561285], [-2.8994851187227804, 53.11408522109436], [-2.90600102819175, 53.11224475606031], [-2.909676669430656, 53.112632222383276], [-2.9138535344748666, 53.11369775477141], [-2.917362101112005, 53.11476328715954], [-2.919701145536763, 53.116022552709154], [-2.921371891554447, 53.11728181825877], [-2.924045085182742, 53.118541083808374], [-2.928556099430491, 53.11980034935799], [-2.9318975914658596, 53.12009094910021], [-2.9355732327047654, 53.121447081230556], [-2.9424232913772723, 53.12135021464982], [-2.94693430562502, 53.12725907607492], [-2.9479367532356306, 53.12784027555936], [-2.9581283039435062, 53.130455673239325], [-2.963808840403634, 53.13278047117707], [-2.9803492259787108, 53.14934465648351], [-2.9845260910229214, 53.14779479119168], [-2.9873663592529853, 53.151088254936816], [-2.9922115227042703, 53.15670651661971], [-2.9900395528812806, 53.15757831584636], [-2.9836907180140795, 53.15757831584636], [-2.98151874819109, 53.156319050296744], [-2.9628063927930235, 53.162034178560376], [-2.950944096067463, 53.16590884178995], [-2.945430634209104, 53.166102574951424], [-2.940251321554282, 53.1667806410166], [-2.9339024866870806, 53.16939603869657], [-2.922875562970363, 53.175304900121674], [-2.9210377423509106, 53.17704849857498], [-2.920202369342068, 53.1805356954816], [-2.9203694439438364, 53.18295736000008], [-2.920536518545605, 53.18363542606526], [-2.9252146073951213, 53.19109415278219], [-2.935406158102997, 53.19632494814212], [-2.9487721262444735, 53.21056433551082], [-2.9917102988989654, 53.23255304933866], [-3.025960592261497, 53.24843916857993], [-3.035985068367604, 53.251829498905806], [-3.0690658395177577, 53.25299189787468], [-3.091787985358267, 53.259772558526436], [-3.09262335836711, 53.26025689143013], [-3.095463626597173, 53.26209735646418], [-3.09579777580071, 53.2623879562064], [-3.099473417039616, 53.26539082020932], [-3.1073259233227333, 53.2719777476996], [-3.108662520136881, 53.2798239407395], [-3.12386630889781, 53.292900929139314], [-3.136396904030444, 53.29677559236889], [-3.140740843676423, 53.30617165070061], [-3.131050516773853, 53.30529985147396], [-3.119856518455367, 53.312564845029414], [-3.135060307216296, 53.31566457561308], [-3.1368981278357486, 53.32602929975219], [-3.1308834421720846, 53.33000082956251], [-3.1480921261542356, 53.34181855241272], [-3.162460541906322, 53.34840547990299], [-3.1769960322601776, 53.36138560172208], [-3.1861851353574417, 53.364388465725], [-3.2023913717289814, 53.37688425464038], [-3.2027255209325185, 53.38482731426102], [-3.170480122791208, 53.402360165374844], [-3.14107499287996, 53.41185309028731], [-3.126205353322568, 53.41466222112875], [-3.098638044030774, 53.422314681007165], [-3.073409779163738, 53.43539166940699], [-3.0603779602257983, 53.439363199217304], [-3.043169276243648, 53.44178486373579], [-3.0366533667746785, 53.43975066554026], [-3.023955697040276, 53.41824628461611], [-3.016771489164233, 53.411562490545094], [-3.008751908279347, 53.39548263814235], [-3.006747013058126, 53.38250251632327], [-3.0014006258015353, 53.373784524056724], [-2.989538329075975, 53.363032333594646], [-2.983857792615848, 53.362257400948735], [-2.9636417658018654, 53.3420122855742], [-2.95779415473997, 53.3314538282736], [-2.949440424651547, 53.32312330233001], [-2.928556099430491, 53.308205848896144], [-2.91134741544834, 53.30413745250509], [-2.90165708854577, 53.296484992626674], [-2.8705812126168384, 53.290963597524524], [-2.8411760827055907, 53.29813172449924], [-2.846355395360413, 53.30694658334653], [-2.82179542890045, 53.307237183088745], [-2.7887146577502975, 53.29677559236889], [-2.752459469166543, 53.313630377417546], [-2.763319318281493, 53.32757916504402], [-2.755968035803681, 53.3420122855742], [-2.7432703660692788, 53.34530574931934], [-2.718710399609316, 53.344918282996375], [-2.699496820405944, 53.356639139265845], [-2.7001651188130182, 53.36235426752947], [-2.7188774742110846, 53.3552830071355], [-2.728400726511886, 53.35450807448958], [-2.736754456600309, 53.34782428041856], [-2.7474472311134894, 53.350633411260006], [-2.7591424532372812, 53.349567878871866], [-2.7689998547416197, 53.34559634906155], [-2.7761840626176637, 53.33726582311797], [-2.7790243308477267, 53.32738543188255], [-2.7947293434139615, 53.32225150310336], [-2.8035842973076894, 53.32767603162476], [-2.8191222352721557, 53.33300369356543], [-2.836330919254306, 53.326997965559585], [-2.855043274652372, 53.32748229846328], [-2.8780995696964187, 53.3341660925343], [-2.903160759961686, 53.34482141641564], [-2.91886577252792, 53.354895540812535], [-2.945764783412641, 53.36719759656644], [-2.9693223022619923, 53.37581872225225], [-2.985027314828227, 53.386474046133586], [-3.00307137181922, 53.412531156352486], [-3.008751908279347, 53.438394533409905], [-3.017272712969538, 53.44963105677568], [-3.028800860491561, 53.455539918200785], [-3.041331455624195, 53.465517176016945], [-3.037655814385289, 53.468229440277646], [-3.0558669459780505, 53.49031502068623], [-3.0652231236770833, 53.51598466458218], [-3.086608672703445, 53.52596192239834], [-3.1028149090749846, 53.538942044217414], [-3.1048198042962065, 53.546981970418784], [-3.1023136852696798, 53.56112449120674], [-3.0956307011989415, 53.57391087986434], [-3.078087868013254, 53.59609332685367], [-3.0678963173053786, 53.606748650735], [-3.0538620507568286, 53.626121966882884], [-3.047346141287859, 53.62922169746655], [-3.026461816066803, 53.65014487890626], [-3.0177739367748435, 53.654213275297316], [-3.0057445654475146, 53.66467486601717], [-3.0140982955359377, 53.670002527957834], [-3.0140982955359377, 53.67910798654734], [-3.002403073412146, 53.67697692177107], [-2.979513852969868, 53.690150776751636], [-2.9771748085451097, 53.6964471044997], [-2.9591307515541168, 53.69576903843452], [-2.950275797660389, 53.70032176772927], [-2.9544526627046004, 53.7050682301855], [-2.94375988819142, 53.71029902554543], [-2.948270902439168, 53.71407682219427], [-2.9399171723507456, 53.724150946591166], [-2.91569135509432, 53.72628201136744], [-2.90165708854577, 53.719404484134934], [-2.8832788823512407, 53.73064100750071], [-2.8951411790768002, 53.73345013834215], [-2.9290573232357957, 53.731415940146626], [-2.963474691200097, 53.73432193756881], [-2.9800150767751736, 53.73441880414955], [-2.9925456719078074, 53.73732480157173], [-3.0069140876598945, 53.73703420182951], [-3.037989963588826, 53.74691459306493], [-3.047346141287859, 53.75417958662038], [-3.0551986475709763, 53.766965975277984], [-3.058874288809882, 53.78411136006886], [-3.056869393588661, 53.79738208163016], [-3.056535244385124, 53.83206031753487], [-3.0541961999603657, 53.849883768390924], [-3.048014439694933, 53.870419483507675], [-3.0470119920843226, 53.884852604037846], [-3.050854707924997, 53.918077841231465], [-3.044840022261332, 53.92321177001065], [-3.0140982955359377, 53.9287331651128], [-3.005911640049283, 53.927861365886145], [-3.0049091924386726, 53.897445259533974], [-2.992712746509576, 53.88504633719933], [-2.9765065101380364, 53.88010614158162], [-2.968988153058456, 53.87351921409134], [-2.9780101815539517, 53.871485015895814], [-2.9765065101380364, 53.86179835782187], [-2.9644771388107074, 53.872066215380244], [-2.9716613466867514, 53.88194660661567], [-2.9851943894299957, 53.88979279965556], [-2.9922115227042703, 53.896573460307316], [-2.996722536952019, 53.90965044870714], [-2.997892059164398, 53.92747389956319], [-2.994717641730797, 53.931736029115726], [-2.9681527800496132, 53.939582222155614], [-2.924045085182742, 53.95004381287547], [-2.9121827884571827, 53.94704094887255], [-2.9083400726165083, 53.94055088796301], [-2.8894606426166733, 53.941519553770405], [-2.8729202570415966, 53.949462613391034], [-2.8734214808469014, 53.957696272753886], [-2.859888438103657, 53.96825473005448], [-2.871917809430986, 53.97028892825001], [-2.8769300474840396, 53.979394386839516], [-2.869912914209764, 53.98259098400391], [-2.867908018988543, 53.99324630788525], [-2.8520359318205397, 54.0005113014407], [-2.8324882034136314, 53.99741157085704], [-2.828979636776494, 54.015041288551615], [-2.84234560491797, 54.00593582996211], [-2.864733601554942, 54.005064030735454], [-2.8760946744751967, 54.00177056699032], [-2.8762617490769653, 53.9941181071119], [-2.887288672793683, 53.99053404362454], [-2.9001534171298538, 53.99208390891638], [-2.9009887901386966, 54.00002696853701], [-2.9070034758023606, 54.007195095511726], [-2.903996132970528, 54.02220941552633], [-2.922875562970363, 54.030539941469925], [-2.9123498630589513, 54.03373653863432], [-2.9063351773952864, 54.039354800317206], [-2.9058339535899815, 54.04787905942228], [-2.897146074298022, 54.049235191552626], [-2.8874557473954514, 54.066186843182024], [-2.8570481698735932, 54.07771396629001], [-2.841009008103822, 54.07907009842037], [-2.8333235764224733, 54.08459149352251], [-2.8204588320863024, 54.088756756494305], [-2.8276430399623464, 54.09456875133867], [-2.8251369209358197, 54.10164001173265], [-2.8131075496084907, 54.10512720863927], [-2.794562268812193, 54.12353185897975], [-2.8059233417324476, 54.13738378002549], [-2.81210510199788, 54.13292791731148], [-2.828979636776494, 54.144551907000206], [-2.8211271304933767, 54.15297929952454], [-2.829480860581799, 54.15472289797785], [-2.8351613970419267, 54.161503558629605], [-2.8339918748295476, 54.17186828276872], [-2.850365185802856, 54.180392541873786], [-2.863564079342563, 54.18252360665006], [-2.8640653031478687, 54.192016531562516], [-2.844183425537423, 54.19802225956836], [-2.833824800227779, 54.203737387831985], [-2.825805219342893, 54.20402798757421], [-2.8075940877501324, 54.21865484126586], [-2.794228119608656, 54.22456370269096], [-2.804920894121837, 54.22766343327462], [-2.8172844146527023, 54.2150707777785], [-2.836330919254306, 54.212842846421495], [-2.843849276333886, 54.205674719446776], [-2.8749251522628176, 54.20209065595942], [-2.8978143727050956, 54.18978860020551], [-2.8994851187227804, 54.18107060793896], [-2.9066693265988235, 54.174968013352384], [-2.9110132662448036, 54.16130982546812], [-2.918030399519078, 54.16024429307999], [-2.927386577218112, 54.149976435521616], [-2.9390817993419027, 54.15123570107123], [-2.950108723058621, 54.1492015028757], [-2.9596319753594225, 54.15317303268601], [-2.9800150767751736, 54.152494966620836], [-2.993882268721955, 54.156272763269676], [-3.011926325712948, 54.179327009485654], [-3.034815546155225, 54.19627866111505], [-3.0169385637660016, 54.20170318963646], [-3.0145995193412425, 54.20674025183491], [-3.0351496953587622, 54.22824463275906], [-3.0463436936772483, 54.22679163404797], [-3.053193752349755, 54.220979639203605], [-3.034815546155225, 54.215264510939974], [-3.039159485801205, 54.20431858731642], [-3.053193752349755, 54.19889405879502], [-3.0533608269515238, 54.18843246807516], [-3.062048706243483, 54.18184554058488], [-3.0587072142081135, 54.17177141618798], [-3.060879184031104, 54.16208475811404], [-3.070569510933674, 54.15908189411112], [-3.083768404473382, 54.14697357151869], [-3.0872769711105192, 54.13660884737958], [-3.100642939251995, 54.12798772169377], [-3.107827147128038, 54.11771986413539], [-3.1208589660659776, 54.11248906877546], [-3.1317188151809274, 54.102124344636344], [-3.1546080356232045, 54.090597221528355], [-3.1649666609328486, 54.08313849481142], [-3.1721508688088917, 54.08207296242329], [-3.186853433764516, 54.090500354947615], [-3.1878558813751265, 54.0993152137949], [-3.1942047162423277, 54.104255409412616], [-3.2264501143836384, 54.09379381869276], [-3.2393148587198093, 54.104061676251135], [-3.2448283205781685, 54.11684806490874], [-3.2441600221710942, 54.13670571396032], [-3.2376441127021254, 54.15578843036598], [-3.251845453852443, 54.159759960176295], [-3.2576930649143394, 54.165959421343615], [-3.2463319919940847, 54.17196514934946], [-3.2301257556225442, 54.17167454960724], [-3.2170939366846056, 54.177486544451604], [-3.2165927128793, 54.189498000463296], [-3.212081698631552, 54.19986272460241], [-3.2122487732333207, 54.20858071686896], [-3.2062340875696558, 54.20974311583783], [-3.19938402889715, 54.21933290733103], [-3.197713282879465, 54.228922698824235], [-3.200052327304223, 54.23773755767152], [-3.209408505003257, 54.24645554993807], [-3.2139195192510046, 54.25652967433496], [-3.227786711197786, 54.262147936017854], [-3.23062697942785, 54.257692073303836], [-3.222941547746501, 54.251492612136516], [-3.2256147413747964, 54.23996548902853], [-3.231796501640229, 54.233378561538245], [-3.25435157287897, 54.21865484126586], [-3.2399831571268836, 54.20412485415494], [-3.2541844982772012, 54.19153219865882], [-3.2688870632328255, 54.190176066528466], [-3.2805822853566164, 54.19647239427653], [-3.3001300137635257, 54.18833560149442], [-3.3158350263297596, 54.18862620123664], [-3.3241887564181827, 54.19153219865882], [-3.3510877673029036, 54.21875170784659], [-3.3793233750017713, 54.2443244851618], [-3.3940259399573947, 54.2543986095587], [-3.404718714470576, 54.26786306428148], [-3.421092025443884, 54.284427249587914], [-3.422762771461569, 54.29392017450038], [-3.415912712789062, 54.30147576779805], [-3.417583458806747, 54.314068423294174], [-3.4249347412845585, 54.328695276985826], [-3.4232639952668737, 54.33915686770568], [-3.4040504160635026, 54.33925373428642], [-3.4052199382758817, 54.348359192875925], [-3.412738295355462, 54.358142717530605], [-3.4225956968598004, 54.35969258282243], [-3.4174163842049783, 54.34884352577962], [-3.4304482031429178, 54.341965998547124], [-3.460855780664775, 54.364632778440146], [-3.471715629779725, 54.37519123574074], [-3.4763937186292413, 54.38633089252578], [-3.492599955000781, 54.4011514793789], [-3.505464699336952, 54.409578871903236], [-3.541886962522474, 54.43883257928653], [-3.563606660752373, 54.45190956768636], [-3.578476300309765, 54.465083422666915], [-3.5823190161504392, 54.47205781648015], [-3.593345939867157, 54.48232567403853], [-3.608048504822781, 54.490946799724334], [-3.6195766523448043, 54.490946799724334], [-3.6270950094243846, 54.50208645650937], [-3.6359499633181125, 54.507220385288555], [-3.6384560823446392, 54.51787570916989], [-3.613227817477603, 54.525237569306086], [-3.6058765349997906, 54.53269629602302], [-3.5990264763272846, 54.5493573479102], [-3.591173970044167, 54.552166478751644], [-3.590338597035325, 54.5594314723071], [-3.580314120929218, 54.572024127803225], [-3.5829873145575135, 54.590816244466666], [-3.570790868628416, 54.60273083389762], [-3.5681176750001207, 54.61212689222934], [-3.5697884210178055, 54.623169682433634], [-3.5754689574779333, 54.63518113844532], [-3.5758031066814695, 54.64670826155331], [-3.5612676163276147, 54.65813851808056], [-3.561100541725846, 54.66240064763309], [-3.547567498982602, 54.67383090416034], [-3.52618194995624, 54.68584236017203], [-3.5191648166819647, 54.69271988740453], [-3.507469594558173, 54.71596786678199], [-3.5022902819033517, 54.7162584665242], [-3.4904279851777913, 54.72778558963219], [-3.4610228552665436, 54.74057197828979], [-3.441140977656098, 54.75471449907775], [-3.43445799358536, 54.762366958956164], [-3.4314506507535283, 54.781255942200346], [-3.4383007094260343, 54.79975745912158], [-3.409062654116556, 54.844025486519485], [-3.4045516398688074, 54.86058967182593], [-3.399873551019291, 54.867370332477684], [-3.386173433674278, 54.8750227923561], [-3.3664586306656004, 54.891683844243275], [-3.3450730816392387, 54.899626903863904], [-3.336051053143742, 54.89119951133958], [-3.311156937480243, 54.888099780755915], [-3.293279955091019, 54.88035045429677], [-3.2837567027902175, 54.88432198410708], [-3.283923777391986, 54.89294310979289], [-3.2705578092505094, 54.891683844243275], [-3.2600321093390976, 54.89458984166546], [-3.253850349073665, 54.901467368897954], [-3.2605333331444024, 54.91047596090672], [-3.272395629869963, 54.89953003728317], [-3.303137356595358, 54.90921669535711], [-3.315166727922686, 54.91832215394661], [-3.308483743851948, 54.92539341434059], [-3.2989604915511466, 54.929268077570164], [-3.285093299604365, 54.94157013332407], [-3.249506409427685, 54.94399179784256], [-3.232631874649071, 54.95028812559062], [-3.211413400224478, 54.95435652198167], [-3.1858509861539055, 54.94961005952544], [-3.177998479870788, 54.94195759964703], [-3.1566129308444264, 54.937598603513756], [-3.1429128134994135, 54.92868687808573], [-3.107492997924502, 54.92723387937464], [-3.0964660742077843, 54.93178660866939], [-3.0727414807566635, 54.93692053744858], [-3.062884079252325, 54.94505733023069], [-3.0692329141195263, 54.947575861329916], [-3.0799256886327075, 54.94079520067816], [-3.097802671021931, 54.93866413590189], [-3.109497893145723, 54.93198034183087], [-3.117851623234146, 54.9335302071227], [-3.124367532703115, 54.94166699990481], [-3.12704072633141, 54.950869325075054], [-3.1173503994288403, 54.9559063872735], [-3.104318580490901, 54.95813431863051], [-3.084603777482224, 54.96656171115484], [-3.0839354790751496, 54.97150190677255], [-3.0724073315531273, 54.97498910367917], [-3.0673950935000738, 54.98128543142723], [-3.0551986475709763, 54.986806826529374], [-3.052024230137376, 54.993200020858175], [-3.0526925285444495, 54.99455615298853], [-3.046510768279017, 55.000561880994375], [-3.0450070968631007, 55.00608327609652], [-3.043169276243648, 55.01334826965198], [-3.041331455624195, 55.01606053391268], [-3.0393265604029738, 55.016448000235634], [-3.0414985302259634, 55.020322663465215], [-3.0401619334118157, 55.02119446269187], [-3.0378228889870575, 55.022066261918525], [-3.0366533667746785, 55.021969395337784], [-3.0343143223499203, 55.02410046011405], [-3.0282996366862562, 55.03417458451095], [-3.033980173146383, 55.039017913547916], [-3.0381570381905947, 55.04134271148566], [-3.0418326794295005, 55.044539308650066], [-3.0438375746507216, 55.04570170761894], [-3.0470119920843226, 55.04734843949151], [-3.0490168873055437, 55.04841397187964], [-3.0535279015532923, 55.04947950426777], [-3.050854707924997, 55.05277296801292], [-3.043169276243648, 55.0556789654351], [-3.0341472477481517, 55.05538836569288], [-3.0000640289873877, 55.052482368270695], [-2.9644771388107074, 55.05006070375221], [-2.95662463252759, 55.053451034078094], [-2.9390817993419027, 55.05926302892246], [-2.937411053324219, 55.060619161052806], [-2.942924515182577, 55.064203224540165], [-2.9375781279259874, 55.070402685707485], [-2.9262170550057327, 55.070596418868966], [-2.9151901312890143, 55.07892694481256], [-2.896811925094485, 55.07795827900516], [-2.890797239430821, 55.08822613656354], [-2.8897947918202096, 55.08716060417541], [-2.8837801061565456, 55.087548070498364], [-2.8857850013777675, 55.0886136028865], [-2.8789349427052606, 55.09481306405382], [-2.871249511023912, 55.100237592575226], [-2.8717507348292175, 55.10285299025519], [-2.870748287218607, 55.106340187161805], [-2.8501981112010872, 55.11108664961804], [-2.8436822017321175, 55.11670491130093], [-2.837834590670222, 55.11757671052758], [-2.8276430399623464, 55.12484170408304], [-2.832989427218937, 55.13249416396145], [-2.825471070139356, 55.13830615880581], [-2.816950265449165, 55.137918692482856], [-2.8127734004049545, 55.13617509402955], [-2.8095989829713535, 55.13714375983694], [-2.793392746599814, 55.139565424355425], [-2.7927244481927396, 55.14034035700134], [-2.789717105360908, 55.14169648913169], [-2.784871941909623, 55.14179335571243], [-2.7750145404052846, 55.1480896834605], [-2.77000230235223, 55.14993014849454], [-2.769334003945157, 55.15060821455972], [-2.7661595865115567, 55.15099568088267], [-2.765658362706251, 55.15254554617451], [-2.761147348458503, 55.1535142119819], [-2.7542972897859963, 55.15651707598482], [-2.7514570215559324, 55.15642020940408], [-2.7452752612905, 55.16019800605292], [-2.7429362168657416, 55.161069805279574], [-2.737088605803846, 55.16349146979806], [-2.7349166359808557, 55.16455700218619], [-2.7350837105826242, 55.165622534574325], [-2.7294031741224973, 55.16833479883503], [-2.722720190051759, 55.169400331223166], [-2.719879921821695, 55.1704658636113], [-2.7033395362466184, 55.173178127872], [-2.6976589997864915, 55.18073372116967], [-2.693816283945817, 55.184511517818514], [-2.689806493503374, 55.188967380532524], [-2.674268555538908, 55.1736624607757], [-2.6799490919990356, 55.16881913173873], [-2.6832905840344043, 55.166591200381724], [-2.676106376158361, 55.15787320811518], [-2.6772758983707403, 55.15545154359669], [-2.6732661079282973, 55.15177061352859], [-2.672597809521224, 55.15089881430194], [-2.6664160492557913, 55.147508483976054], [-2.659733065185053, 55.14208395545465], [-2.656892796954989, 55.13617509402955], [-2.6472024700524193, 55.13104116525036], [-2.635674322530396, 55.129588166539264], [-2.625649846424289, 55.12755396834374], [-2.6243132496101413, 55.12900696705483], [-2.615625370318182, 55.127457101763], [-2.602760625982011, 55.12464797092156], [-2.601591103769632, 55.12261377272603], [-2.599586208548411, 55.11563937891279], [-2.5932373736812098, 55.110021117229905], [-2.594406895893589, 55.10759945271142], [-2.5932373736812098, 55.10624332058107], [-2.593571522884746, 55.1050809216122], [-2.5885592848316925, 55.103531056320364], [-2.5853848673980924, 55.10275612367445], [-2.5833799721768713, 55.101690591286314], [-2.5840482705839447, 55.09713786199156], [-2.583547046778639, 55.09704099541082], [-2.5793701817344283, 55.09665352908787], [-2.5773652865132064, 55.09675039566861], [-2.56834325801771, 55.093941264827166], [-2.5653359151858783, 55.09161646688942], [-2.5633310199646564, 55.09122900056646], [-2.560991975539898, 55.08871046946724], [-2.558318781911603, 55.08880733604798], [-2.560323677132825, 55.088419869725016], [-2.5596553787257506, 55.08793553682132], [-2.559822453327519, 55.08522327256062], [-2.5608249009381296, 55.083964007011005], [-2.5569821850974552, 55.08105800958882], [-2.5531394692567817, 55.08183294223474], [-2.551802872442634, 55.081348609331044], [-2.548628455009033, 55.08270474146139], [-2.545788186778969, 55.083770273849524], [-2.5401076503188422, 55.08425460675322], [-2.532255144035725, 55.08280160804213], [-2.526908756779134, 55.08425460675322], [-2.524903861557913, 55.08551387230283], [-2.516550131469491, 55.08909793579019], [-2.4990072982838027, 55.08783867024058], [-2.495665806248434, 55.086676271271706], [-2.495164582443129, 55.08774180365984], [-2.48965112058477, 55.08425460675322], [-2.490820642797149, 55.084060873591746], [-2.4863096285494013, 55.08309220778435], [-2.4866437777529375, 55.08105800958882], [-2.4911547920006862, 55.082317275138436], [-2.4946633586378235, 55.08183294223474], [-2.5011792681067933, 55.07524601474446], [-2.493326761823676, 55.07088701861119], [-2.4921572396112968, 55.06817475435048], [-2.4938279856289816, 55.065946822993475], [-2.4978377760714237, 55.06468755744386], [-2.5006780443014875, 55.064300091120906], [-2.5040195363368563, 55.062459626086856], [-2.5026829395227095, 55.060522294472065], [-2.502014641115635, 55.05771316363062], [-2.4978377760714237, 55.05664763124249], [-2.494830433239592, 55.054419699885486], [-2.4921572396112968, 55.054225966724005], [-2.490820642797149, 55.054516566466226], [-2.4931596872219073, 55.05209490194774], [-2.4943292094342864, 55.050738769817386], [-2.4881474491688538, 55.046186040522635], [-2.4829681365140317, 55.039986579355315], [-2.4934938364254444, 55.03717744851387], [-2.506525655363384, 55.03562758322204], [-2.505690282354541, 55.03485265057613], [-2.508864699788142, 55.034465184253165], [-2.5091988489916783, 55.036305649287215], [-2.5110366696111317, 55.03591818296426], [-2.5118720426199737, 55.034562050833905], [-2.5162159822659538, 55.034658917414646], [-2.515714758460648, 55.03359338502651], [-2.5190562504960177, 55.032818452380596], [-2.524569712354376, 55.03291531896134], [-2.5259063091685237, 55.0323341194769], [-2.527744129787977, 55.03223725289616], [-2.5319209948321877, 55.03039678786211], [-2.545788186778969, 55.02613465830958], [-2.546623559787812, 55.02351926062961], [-2.552638245451476, 55.021000729530385], [-2.5548102152744656, 55.02090386294965], [-2.5569821850974552, 55.01964459740004], [-2.565001765982341, 55.020128930303734], [-2.5748591674866796, 55.011217204875706], [-2.571851824654848, 55.008408074034264], [-2.5701810786371633, 55.003952211320254], [-2.5705152278407004, 54.998721415960325], [-2.57586161509729, 54.984966361495324], [-2.581542151557418, 54.98206036407315], [-2.588392210229925, 54.9797355661354], [-2.5905641800529144, 54.97741076819766], [-2.600421581557253, 54.97363297154882], [-2.6014240291678634, 54.97130817361107], [-2.5982496117342633, 54.96656171115484], [-2.595576418105968, 54.96346198057118], [-2.578367734123818, 54.960846582891214], [-2.56834325801771, 54.95832805179199], [-2.5713506008495424, 54.948350793975834], [-2.5601566025310563, 54.93411140660714], [-2.554308991469161, 54.9335302071227], [-2.551802872442634, 54.92975241047387], [-2.550299201026718, 54.92994614363534], [-2.557149259699224, 54.921518751111016], [-2.558151707309835, 54.921325017949535], [-2.5661712881947203, 54.91919395317327], [-2.567507885008868, 54.90902296219563], [-2.576362838902596, 54.89672090644173], [-2.581876300760955, 54.8942023753425], [-2.5882251356281563, 54.89110264475884], [-2.591232478459988, 54.888971579982574], [-2.594406895893589, 54.88771231443296], [-2.5960776419112728, 54.88761544785222], [-2.6045984466014644, 54.885484383075955], [-2.5902300308493773, 54.873763526806485], [-2.5885592848316925, 54.86950139725395], [-2.581208002353881, 54.86427060189402], [-2.5733554960707634, 54.85351841143195], [-2.582711673769797, 54.845865951553535], [-2.5780335849202807, 54.83646989322181], [-2.567842034212405, 54.82358663798347], [-2.558318781911603, 54.81670911075097], [-2.5432820677524424, 54.81215638145622], [-2.533758815451641, 54.80673185293482], [-2.5210611457172387, 54.80740991899999], [-2.5003438950979504, 54.810219049841436], [-2.496501179257276, 54.810025316679955], [-2.487646225363548, 54.81496551229766], [-2.478791271469821, 54.8192276418502], [-2.473277809611462, 54.82378037114495], [-2.4689338699654817, 54.826008302501954], [-2.4630862589035862, 54.830561031796705], [-2.4554008272222374, 54.83143283102336], [-2.453897155806321, 54.83211089708854], [-2.450388589169184, 54.83269209657298], [-2.447047097133815, 54.83511376109146], [-2.440364113063077, 54.83676049296403], [-2.438359217841856, 54.83714795928699], [-2.4336811289923386, 54.839666490386215], [-2.4300054877534327, 54.84015082328991], [-2.420315160850863, 54.84538161864984], [-2.416973668815494, 54.84925628187941], [-2.4116272815589035, 54.85642440885413], [-2.4016028054527965, 54.85148421323642], [-2.398261313417427, 54.844122353100225], [-2.3895734341254675, 54.83191716392706], [-2.3823892262494244, 54.830657898377446], [-2.3815538532405824, 54.83007669889301], [-2.374035496161002, 54.826008302501954], [-2.371362302532707, 54.82503963669456], [-2.360001229612452, 54.81670911075097], [-2.3526499471346405, 54.81070338274513], [-2.348473082090429, 54.80711931925777], [-2.3339375917365732, 54.80489138790077], [-2.3282570552764463, 54.80489138790077], [-2.3274216822676044, 54.80537572080446], [-2.323244817223393, 54.79501099666535], [-2.315893534745581, 54.79258933214686], [-2.3120508189049067, 54.791039466855025], [-2.3130532665155172, 54.78735853678693], [-2.3140557141261278, 54.78513060542993], [-2.3130532665155172, 54.7826120743307], [-2.3117166697013696, 54.77544394735598], [-2.3085422522677694, 54.7735066157412], [-2.3097117744801485, 54.7725379499338], [-2.313220341117286, 54.77079435148049], [-2.317564280763265, 54.768760153284965], [-2.3209057727986346, 54.76624162218574], [-2.3209057727986346, 54.7656604227013], [-2.321072847400403, 54.75665183069254], [-2.3209057727986346, 54.75500509881997], [-2.322743593418087, 54.75209910139779], [-2.3269204584622987, 54.747255772360816], [-2.327588756869372, 54.7432842425505], [-2.3274216822676044, 54.74018451196684], [-2.3277558314711406, 54.73698791480244], [-2.3285912044799835, 54.73698791480244], [-2.3309302489047417, 54.73514744976839], [-2.331598547311815, 54.73243518550768], [-2.3305960997012045, 54.73030412073142], [-2.3257509362499196, 54.72662319066332], [-2.337947382179016, 54.716742799427905], [-2.3421242472232278, 54.71616159994346], [-2.3414559488161535, 54.714805467813115], [-2.341957172621459, 54.713933668586456], [-2.344129142444449, 54.7098652721954], [-2.3439620678426802, 54.707734207419136], [-2.3414559488161535, 54.70599060896583], [-2.3426254710285335, 54.70463447683547], [-2.344463291647986, 54.70201907915551], [-2.344463291647986, 54.70172847941329], [-2.349642604302808, 54.701147279928854], [-2.3534853201434824, 54.69795068276446], [-2.353986543948788, 54.695916484568926], [-2.3523157979311033, 54.69446348585784], [-2.35047797731165, 54.69000762314383], [-2.3518145741257976, 54.6874890920446], [-2.346802336072744, 54.68390502855724], [-2.3434608440373754, 54.68225829668467], [-2.335608337754258, 54.675283902871435], [-2.3305960997012045, 54.67460583680626], [-2.3270875330640672, 54.673637170998866], [-2.3277558314711406, 54.671602972803335], [-2.3250826378428453, 54.67014997409225], [-2.3225765188163185, 54.668987575123374], [-2.308375177666001, 54.66947190802707], [-2.3062032078430104, 54.67014997409225], [-2.2928372397015346, 54.66385364634419], [-2.289829896869702, 54.65339205562433], [-2.2990189999669672, 54.645642729165175], [-2.305869058639474, 54.64273673174299], [-2.308375177666001, 54.6407994001282], [-2.311215445896064, 54.637602802963805], [-2.31706305695796, 54.6353748716068], [-2.3237460410286976, 54.631984541280914], [-2.3249155632410776, 54.6316939415387], [-2.308709326869537, 54.61183629248712], [-2.3045324618253265, 54.596240772988075], [-2.2709504668698672, 54.58219511878086], [-2.262262587577908, 54.57425205916023], [-2.2458892766045997, 54.56504973398999], [-2.2094670134190775, 54.55168214584795], [-2.2101353118261517, 54.54364221964658], [-2.197604716693518, 54.53269629602302], [-2.1822338533308203, 54.53589289318742], [-2.172376451826482, 54.532405696280804], [-2.1712069296141028, 54.529015365954926], [-2.1745484216494715, 54.52175037239947], [-2.168700810587575, 54.5196193076232], [-2.162351975720375, 54.50392692154342], [-2.1665288407645855, 54.4898812673362], [-2.1590104836850053, 54.47205781648015], [-2.1593446328885424, 54.4711860172535], [-2.1616836773133006, 54.46469595634396], [-2.1822338533308203, 54.45733409620776], [-2.189250986605095, 54.449003570264175], [-2.235697725896724, 54.44822863761826], [-2.2495649178435055, 54.45190956768636], [-2.2679431240380357, 54.447259971810865], [-2.265437005011509, 54.44290097567759], [-2.291500642887387, 54.43602344844509], [-2.307873953860695, 54.420815395269], [-2.3048666110288627, 54.40192641202482], [-2.3000214475775778, 54.395145751373065], [-2.2920018666926927, 54.391464821304965], [-2.2920018666926927, 54.384199827749505], [-2.297515328551051, 54.37693483419405], [-2.31706305695796, 54.376353634709616], [-2.320404548993329, 54.37296330438374], [-2.322409444214551, 54.37092910618821], [-2.3234118918251614, 54.37054163986525], [-2.3269204584622987, 54.368119975346765], [-2.3329351441259627, 54.364535911859406], [-2.3382815313825533, 54.36385784579423], [-2.342792545630301, 54.36162991443722], [-2.352817021736408, 54.358336450692086], [-2.356492662975315, 54.3559147861736], [-2.366182989877885, 54.35504298694694], [-2.353318245541714, 54.348456059456666], [-2.348138932886892, 54.3468093275841], [-2.3357754123560266, 54.340416133255296], [-2.334772964745416, 54.33499160473389], [-2.3202374743915604, 54.33179500756949], [-2.312384968108444, 54.324917480336985], [-2.3150581617367383, 54.31358409039048], [-2.3230777426216243, 54.31106555929125], [-2.320404548993329, 54.30680342973872], [-2.324414339435772, 54.300797701732876], [-2.319903325188024, 54.288979978882665], [-2.3190679521791813, 54.28384605010348], [-2.321072847400403, 54.28219931823091], [-2.3194021013827184, 54.27444999177175], [-2.315559385542044, 54.270284728799965], [-2.320738698196866, 54.25992000466084], [-2.3225765188163185, 54.24810228181064], [-2.3282570552764463, 54.24190282064331], [-2.3357754123560266, 54.23802815741374], [-2.3479718582851232, 54.237834424252256], [-2.3623402740372104, 54.24974901368321], [-2.3723647501433174, 54.24819914839138], [-2.3730330485503908, 54.24006235560927], [-2.3967576420015115, 54.23938428954409], [-2.4036077006740175, 54.2256292350791], [-2.4092882371341453, 54.22659790088649], [-2.4353518750100234, 54.22291697081839], [-2.4413665606736874, 54.22572610165983], [-2.4609142890805966, 54.22669476746723], [-2.4737790334167666, 54.215264510939974], [-2.4799607936822, 54.2022843891209], [-2.511370818814669, 54.17903640974344], [-2.527744129787977, 54.169640351411715], [-2.5304173234162723, 54.16402208972883], [-2.5332575916463353, 54.15821009488447], [-2.542947918548906, 54.157725761980764], [-2.5584858565133715, 54.149976435521616], [-2.5573163343009924, 54.149976435521616], [-2.5621614977522773, 54.13515584866848], [-2.5631639453628887, 54.12789085511303], [-2.5633310199646564, 54.1226600597531], [-2.545454037575433, 54.115685665939864], [-2.530083174212735, 54.10270554412078], [-2.5255721599649865, 54.096021750049765], [-2.5086976251863735, 54.092437686562405], [-2.494162134832518, 54.08982228888244], [-2.4863096285494013, 54.08488209326473], [-2.480796166691042, 54.08536642616843], [-2.465592377930113, 54.071708238284174], [-2.463921631912428, 54.061052914402836], [-2.4706046159831665, 54.050881923425194], [-2.469602168372556, 54.0462323275497], [-2.458742319257606, 54.04051719928608], [-2.432678681381728, 54.04158273167421], [-2.425828622709222, 54.03809553476759], [-2.4224871306738525, 54.04061406586682], [-2.391411254744921, 54.04410126277344], [-2.374035496161002, 54.04904145839115], [-2.3620061248336732, 54.04071093244756], [-2.3603353788159884, 54.0243404803026], [-2.357328035984157, 54.01910968494267], [-2.345632813860365, 54.01823788571602], [-2.339618128196701, 54.00942302686873], [-2.342792545630301, 54.008744960803554], [-2.353652394745251, 54.00380476518585], [-2.3523157979311033, 53.99469930659634], [-2.3454657392585965, 53.99218077549712], [-2.339952277400238, 53.98946851123641], [-2.3269204584622987, 53.99382750736969], [-2.318399653772108, 53.99208390891638], [-2.31271911731198, 53.9882092456868], [-2.2985177761616624, 53.97774765496694], [-2.2844835096131124, 53.973776125156625], [-2.2458892766045997, 53.979297520258775], [-2.2443856051886835, 53.981041118712085], [-2.2303513386401344, 53.98152545161578], [-2.224002503772933, 53.9786194541936], [-2.224169578374701, 53.97619778967511], [-2.225339100587081, 53.975422857029194], [-2.2320220846578183, 53.971257594057406], [-2.22968304023306, 53.96970772876557], [-2.225673249790617, 53.961086603079764], [-2.209634088020846, 53.962927068113814], [-2.2031181785518763, 53.96777039715079], [-2.20161450713596, 53.96786726373152], [-2.200444984923581, 53.96970772876557], [-2.195599821472296, 53.96631739843969], [-2.191255881826317, 53.95808373907684], [-2.1877473151891786, 53.95420907584727], [-2.1813984803219775, 53.94558795016146], [-2.1822338533308203, 53.93541695918382], [-2.1717081534194076, 53.937644890540824], [-2.1641897963398273, 53.93464202653791], [-2.141801799702855, 53.92563343452914], [-2.132278547402053, 53.9265052337558], [-2.1167406094375876, 53.917302908585555], [-2.107384431738554, 53.90800371683457], [-2.1132320428004494, 53.904613386508686], [-2.1030404920925747, 53.89095519862443], [-2.0958562842165307, 53.88824293436373], [-2.0814878684644444, 53.8756502788676], [-2.0890062255440247, 53.86819155215067], [-2.086165957313961, 53.869644550861764], [-2.074804884393706, 53.862379557306305], [-2.0631096622699143, 53.85927982672264], [-2.0622742892610724, 53.85908609356117], [-2.0460680528895328, 53.85017436813314], [-2.0469034258983747, 53.82954178643565], [-2.084829360499813, 53.818595862812096], [-2.0963575080218364, 53.81249326822551], [-2.127767533154305, 53.79825388085682], [-2.128937055366684, 53.79370115156206], [-2.1247601903224727, 53.78808288987918], [-2.1321114728002852, 53.783433294003686], [-2.1312760997914424, 53.774424701994924], [-2.1304407267826004, 53.77239050379939], [-2.1301065775790633, 53.76309131204841], [-2.12943827917199, 53.754567052943344], [-2.1416347251010865, 53.745752194096056], [-2.145143291738224, 53.73684046866803], [-2.149153082180667, 53.733934471245846], [-2.1568385138620156, 53.734903137053244], [-2.1561702154549414, 53.73364387150363], [-2.16385564713629, 53.731222206985144], [-2.173211824835324, 53.72298854762229], [-2.169202034392881, 53.71572355406684], [-2.1668629899681227, 53.713495622709836], [-2.1625190503221425, 53.69925623534114], [-2.1504896789948145, 53.69460663946565], [-2.1481506345700563, 53.68608238036058], [-2.1379590838621807, 53.683854449003576], [-2.126932160145463, 53.67959231945104], [-2.1180772062517352, 53.67126179350745], [-2.09702580642891, 53.6726179256378], [-2.096190433420068, 53.67155239324967], [-2.0871684049245713, 53.67077746060375], [-2.083993987490971, 53.67765498783625], [-2.0717975415618737, 53.678236187320685], [-2.071296317756569, 53.67881738680512], [-2.0606035432433876, 53.6826920500347], [-2.0489083211195966, 53.680270385516216], [-2.050746141739049, 53.6794954528703], [-2.0522498131549654, 53.669421328473405], [-2.0370460243940363, 53.66235006807943], [-2.0397192180223316, 53.64898247993739], [-2.041222889438248, 53.64084568715528], [-2.030028891119761, 53.636196091279785], [-2.0308642641286037, 53.62922169746655], [-2.0230117578454863, 53.61585410932451], [-2.009478715102242, 53.6168227751319], [-2.00747381988102, 53.612560645579364], [-1.9947761501466177, 53.60335832040912], [-1.9815772566069105, 53.589312666201906], [-1.9668746916512871, 53.58001347445092], [-1.953675798111579, 53.57604194464061], [-1.953675798111579, 53.57565447831765], [-1.9463245156337674, 53.571489215345856], [-1.9426488743948616, 53.561608824110436], [-1.925607265014479, 53.55318143158611], [-1.9244377428021, 53.552600232101675], [-1.9194255047490465, 53.550856633648365], [-1.9129095952800768, 53.551631566294276], [-1.909568103244708, 53.53836084473298], [-1.922432847580879, 53.530805251435304], [-1.9267767872268582, 53.520924860199884], [-1.9167523111207512, 53.51453166587108], [-1.9219316237755733, 53.50997893657633], [-1.9354646665188184, 53.505813673604536], [-1.942481799793093, 53.50658860625045], [-1.951336753686821, 53.50416694173197], [-1.9595234091734746, 53.505910540185276], [-1.9668746916512871, 53.50736353889637], [-1.971385705899035, 53.50455440805493], [-1.972221078907877, 53.49283355178546], [-1.974560123332636, 53.487893356167746], [-1.984584599438743, 53.483243760292254], [-1.9892626882882594, 53.475397567252365], [-1.9875919422705746, 53.469585572408], [-1.9840833756334373, 53.46609837550138], [-1.9805748089963, 53.4631923780792], [-1.9880931660758803, 53.46057698039923], [-1.989429762890028, 53.453990052908956], [-1.9931054041289338, 53.45234332103638], [-1.9947761501466177, 53.44691879251498], [-2.0064713722704095, 53.44042873160544], [-2.008309192889863, 53.43606973547216], [-2.0136555801464526, 53.439847532121], [-2.0256849514737816, 53.43006400746632], [-2.0196702658101175, 53.42512381184861], [-2.0236800562525605, 53.420571082553856], [-2.015159251562369, 53.41659955274354], [-2.0136555801464526, 53.4165026861628], [-2.005134775456262, 53.41504968745171], [-1.992270031120091, 53.41514655403245], [-1.997449343774913, 53.40352256434372], [-2.005134775456262, 53.39054244252464], [-2.004633551650957, 53.386280312972104], [-2.015159251562369, 53.38056518470848], [-2.018667818199507, 53.380177718385525], [-2.021006862624265, 53.37756232070556], [-2.028692294305614, 53.3707816600538], [-2.030363040323298, 53.370103593988624], [-2.0260191006773187, 53.36371039965982], [-2.011817759527, 53.3616762014643], [-2.006638446872178, 53.35169894364814], [-2.004633551650957, 53.345983815384514], [-2.014323878553527, 53.34007495395941], [-2.011483610323463, 53.32593243317145], [-2.009979938907547, 53.324479434460365], [-2.0081421182880943, 53.32234836968409], [-2.0016262088191246, 53.318958039358215], [-2.008643342093399, 53.304524918828044], [-2.006638446872178, 53.271590281376646], [-2.0061372230668724, 53.271396548215165], [-2.009478715102242, 53.260644357753094], [-2.000289612004977, 53.255413562393166], [-2.001793283420893, 53.24853603516067], [-1.9992871643943664, 53.2464049703844], [-1.9819114058104477, 53.23855877734451], [-1.9760637947485513, 53.227515987140215], [-1.9784028391733095, 53.22712852081725], [-1.982245555013984, 53.2262567215906], [-1.9840833756334373, 53.22586925526765], [-1.989429762890028, 53.21811992880849], [-1.9872577930670374, 53.21192046764117], [-1.9889285390847222, 53.20988626944564], [-1.9907663597041756, 53.20823953757307], [-1.9931054041289338, 53.20639907253902], [-1.9927712549253966, 53.20484920724719], [-1.9967810453678396, 53.197584213691734], [-1.9987859405890607, 53.196034348399905], [-2.0001225374032083, 53.1938064170429], [-2.0049677008544933, 53.19341895071994], [-2.006972596075715, 53.192353418331805], [-2.016328773774748, 53.18935055432888], [-2.031532562535677, 53.193225217558464], [-2.0345399053675095, 53.19312835097772], [-2.047571724305449, 53.19215968517033], [-2.04957661952667, 53.19031922013628], [-2.0522498131549654, 53.187800689037054], [-2.054755932181492, 53.18566962426079], [-2.0542547083761864, 53.18315109316156], [-2.0570949766062503, 53.181601227869734], [-2.059601095632777, 53.179954495997166], [-2.0582644988186294, 53.17869523044755], [-2.071630466960105, 53.17191456979579], [-2.0779793018273063, 53.1704615710847], [-2.08299153988036, 53.170170971342486], [-2.0871684049245713, 53.169880371600264], [-2.0891733001457933, 53.170752170826916], [-2.1107259237739227, 53.16939603869657], [-2.11540401262344, 53.16949290527731], [-2.1160723110305133, 53.1709459039884], [-2.1139003412075237, 53.17191456979579], [-2.1150698634199028, 53.172592635860966], [-2.1179101316499667, 53.171817703215055], [-2.1235906681100936, 53.173464435087624], [-2.124927264924241, 53.17394876799132], [-2.1279346077560737, 53.1746268340565], [-2.1301065775790633, 53.17675789883276], [-2.133448069614432, 53.18286049341935], [-2.1401310536851703, 53.18392602580748], [-2.1421359489063923, 53.18227929393491], [-2.1416347251010865, 53.17937329651273], [-2.142637172711697, 53.177823431220894], [-2.1444749933311504, 53.176273565929066], [-2.1444749933311504, 53.17472370063724], [-2.145477440941761, 53.15728771610414], [-2.15099090280012, 53.15961251404189], [-2.159511707490311, 53.152928719970866], [-2.1680325121805017, 53.148182257514634], [-2.1765533168706925, 53.14556685983467], [-2.1865777929767996, 53.13597706834147], [-2.1934278516493064, 53.12958387401267], [-2.211304834038531, 53.11582881954767], [-2.2129755800562148, 53.115053886901755], [-2.2171524451004263, 53.110791757349226], [-2.2246708021800066, 53.10362363037451], [-2.2303513386401344, 53.10372049695525], [-2.2378696957197146, 53.10100823269455], [-2.238872143330325, 53.10003956688715], [-2.250901514657653, 53.092871439912436], [-2.25340763368418, 53.09306517307391], [-2.26092599076376, 53.088996776682855], [-2.2771322271353, 53.0858970460992], [-2.2752944065158474, 53.0822161160311], [-2.2849847334184172, 53.07969758493187], [-2.290665269878545, 53.07892265228596], [-2.2953433587280614, 53.07969758493187], [-2.296679955542209, 53.080956850481485], [-2.3033629396129474, 53.082991048677016], [-2.3148910871349706, 53.081053717062225], [-2.318399653772108, 53.08124745022371], [-2.3229106680198557, 53.07814771964004], [-2.3290924282852883, 53.076597854348215], [-2.329927801294131, 53.07320752402234], [-2.3362766361613323, 53.06632999678983], [-2.3414559488161535, 53.06003366904177], [-2.3466352614709756, 53.056933938458116], [-2.3489743058957337, 53.05635273897367], [-2.351647499524029, 53.05732140478107], [-2.357662185187694, 53.0547060071011], [-2.361671975630136, 53.055093473424066], [-2.3723647501433174, 53.05460914052037], [-2.3750379437716127, 53.05451227393963], [-2.3772099135946023, 53.052962408647794], [-2.3812197040370453, 53.05257494232484], [-2.3807184802317396, 53.049668944902656], [-2.3832245992582664, 53.04850654593378], [-2.3850624198777197, 53.04811907961083], [-2.382222151647656, 53.04589114825382], [-2.382556300851193, 53.04424441638125], [-2.384561196072414, 53.03843242153688], [-2.3842270468688778, 53.03387969224213], [-2.3842270468688778, 53.02613036578298], [-2.370526929523864, 53.01460324267499], [-2.381720927842351, 53.00801631518471], [-2.383057524656498, 53.00782258202323], [-2.3807184802317396, 53.00278551982478], [-2.380551405629971, 53.002010587178866], [-2.380050181824666, 53.00084818820999], [-2.380885554833508, 52.99968578924112], [-2.3807184802317396, 52.998426523691506], [-2.3855636436830245, 52.9966829252382], [-2.3892392849219313, 52.995520526269324], [-2.389740508727236, 52.99542365968858], [-2.4007674324439536, 52.99542365968858], [-2.4027723276651756, 52.99503619336563], [-2.4041089244793232, 52.99590799259229], [-2.4072833419129234, 52.99522992652711], [-2.4051113720899338, 52.99309886175084], [-2.4107919085500606, 52.98796493297165], [-2.4161382958066513, 52.98815866613313], [-2.4188114894349466, 52.988449265875346], [-2.4209834592579362, 52.98719000032574], [-2.423823727488, 52.98631820109908], [-2.4288359655410536, 52.985737001614645], [-2.4356860242135605, 52.9829278707732], [-2.436354322620634, 52.98147487206211], [-2.4340152781958757, 52.979634407028065], [-2.4360201734170968, 52.977793941994015], [-2.435853098815329, 52.977503342251794], [-2.4341823527976443, 52.97624407670219], [-2.4348506512047177, 52.97033521527708], [-2.438693367045392, 52.96926968288895], [-2.440364113063077, 52.96994774895412], [-2.443037306691372, 52.97072268160004], [-2.4528947081957106, 52.96539501965937], [-2.4602459906735223, 52.96394202094828], [-2.470437541381398, 52.961520356429794], [-2.4726095112043875, 52.96219842249497], [-2.473277809611462, 52.96210155591423], [-2.4751156302309143, 52.962489022237186], [-2.475951003239757, 52.96190782275275], [-2.477621749257441, 52.96084229036462], [-2.490820642797149, 52.96500755333641], [-2.491656015805991, 52.967719817597114], [-2.4990072982838027, 52.96839788366229], [-2.506525655363384, 52.965879352563064], [-2.511704968018205, 52.96994774895412], [-2.5143781616465004, 52.97188508056891], [-2.5198916235048596, 52.9738224121837], [-2.5215623695225444, 52.97295061295704], [-2.5232331155402283, 52.97033521527708], [-2.5232331155402283, 52.969657149211905], [-2.5223977425313864, 52.96820415050081], [-2.5227318917349235, 52.96733235127416], [-2.523734339345534, 52.96500755333641], [-2.5239014139473026, 52.9637482877868], [-2.5230660409384598, 52.961617223010535], [-2.522564817133155, 52.96113289010684], [-2.522898966336692, 52.9600673577187], [-2.5227318917349235, 52.95890495874983], [-2.5239014139473026, 52.95716136029652], [-2.5264075329738294, 52.952511764421025], [-2.526908756779134, 52.95115563229068], [-2.5295819504074295, 52.947184102480364]]]]}}, {"type": "Feature", "properties": {"id": "TLE", "name": "Yorkshire and The Humber"}, "geometry": {"type": "MultiPolygon", "coordinates": [[[[-0.5347112052921243, 53.68123905132361], [-0.5435661591858523, 53.68288578319618], [-0.546406427415917, 53.689957043590155], [-0.5228489085665657, 53.68491998139171], [-0.5347112052921243, 53.68123905132361]]], [[[-0.12070034210990421, 53.435682269149204], [-0.13189434042839032, 53.435972868891426], [-0.1342333848531485, 53.44071933134765], [-0.1444249355610232, 53.44091306450913], [-0.14860180060523476, 53.44682192593424], [-0.15645430688835127, 53.457477249815575], [-0.15946164972018373, 53.468035707116165], [-0.16881782741921647, 53.46745450763173], [-0.18184964635715595, 53.4686169066006], [-0.1820167209589254, 53.46929497266578], [-0.18251794476423022, 53.476172499898276], [-0.18853263042789514, 53.48295316055004], [-0.21058647786133022, 53.48624662429518], [-0.20524009060473958, 53.49699881475725], [-0.20757913502949776, 53.50290767618235], [-0.20407056839236049, 53.51172253502964], [-0.21325967148962555, 53.52528385633316], [-0.21259137308255127, 53.52818985375534], [-0.21676823812676282, 53.53603604679523], [-0.19237534626856956, 53.55996209223787], [-0.18753018281728373, 53.56364302230597], [-0.19521561449863256, 53.5715860819266], [-0.2039034937905928, 53.57129548218438], [-0.2226158491886583, 53.56800201843924], [-0.2292988332593957, 53.57739807677096], [-0.2326403252947653, 53.582241405807935], [-0.2348122951177558, 53.584663070326414], [-0.24082698078141895, 53.586600401941205], [-0.2433330998079466, 53.58572860271455], [-0.247175815648621, 53.586794135102686], [-0.25135268069283256, 53.584663070326414], [-0.2545270981264327, 53.59250926336631], [-0.2904481375066492, 53.61062331396458], [-0.3044824040552001, 53.61488544351711], [-0.306153150072884, 53.60742671680018], [-0.30080676281629337, 53.59551212736923], [-0.3034799564445887, 53.590765664913], [-0.317012999187833, 53.58272573871163], [-0.3235289086568027, 53.57604194464061], [-0.33589242918766793, 53.55860596010751], [-0.3562755306034191, 53.556087429008294], [-0.36279144007238884, 53.55860596010751], [-0.3883538541429612, 53.559768359076386], [-0.4195968046736631, 53.56373988888671], [-0.42895298237269586, 53.57449207934878], [-0.4394786822841077, 53.57032681637698], [-0.4523434266202795, 53.55947775933417], [-0.4657093947617543, 53.55599056242755], [-0.4665447677705963, 53.55540936294312], [-0.473060677239566, 53.548822435452834], [-0.4909376596287913, 53.54591643803065], [-0.5012962849384355, 53.53748904550633], [-0.4814144073279891, 53.53826397815224], [-0.46337035033699614, 53.540879375832205], [-0.4541812472397311, 53.54301044060847], [-0.4337981458239799, 53.54581957144991], [-0.4219358490984213, 53.534486181503404], [-0.40806865715163987, 53.53206451698492], [-0.4050613143198074, 53.517631396454746], [-0.4175919094524403, 53.514725399032564], [-0.4376408616646543, 53.51085073580299], [-0.4523434266202795, 53.50871967102672], [-0.4759009454696308, 53.50901027076894], [-0.48509004856689586, 53.50358574224753], [-0.48074610892091485, 53.49622388211134], [-0.48859861520403314, 53.485084225326304], [-0.4815814819297568, 53.47840043125529], [-0.47172408042541925, 53.47491323434867], [-0.5126573578586893, 53.46774510737395], [-0.5517528146725077, 53.4595114480111], [-0.5844994366191241, 53.45689605033114], [-0.613403342725066, 53.45699291691187], [-0.6266022362647732, 53.462029979110326], [-0.6344547425478897, 53.47307276931462], [-0.6324498473266686, 53.4801440297086], [-0.6341205933443526, 53.485374825068526], [-0.6257668632559312, 53.49554581604616], [-0.6282729822824571, 53.506782339411934], [-0.6244302664417827, 53.512884933998514], [-0.658346410600779, 53.51385359980591], [-0.6757221691846977, 53.51249746767556], [-0.6910930325473954, 53.51617839774366], [-0.7016187324588072, 53.51414419954813], [-0.7385422194496352, 53.51985932781175], [-0.7368714734319504, 53.52712432136721], [-0.7412154130779305, 53.533614382276745], [-0.738208070246098, 53.54930676835653], [-0.7450581289186049, 53.557056094815685], [-0.7450581289186049, 53.57119861560364], [-0.730188489361213, 53.5816602063235], [-0.7311909369718235, 53.58795653407156], [-0.7370385480337189, 53.592993596270006], [-0.7293531163523701, 53.60539251860465], [-0.7231713560869375, 53.60752358338092], [-0.7057955975030188, 53.60684551731574], [-0.699279688034049, 53.6104295808031], [-0.7006162848481967, 53.61837264042373], [-0.7111419847596094, 53.628834231143585], [-0.7116432085649143, 53.64084568715528], [-0.6951028229898375, 53.65305087632844], [-0.6850783468837305, 53.67223045931485], [-0.685245421485499, 53.67978605261252], [-0.6951028229898375, 53.693734840238996], [-0.6914271817509317, 53.69673770424191], [-0.658346410600779, 53.70419643095885], [-0.6394669806009432, 53.71020215896469], [-0.6113984475038432, 53.71456115509797], [-0.5956934349376102, 53.70216223276332], [-0.560941917769771, 53.68404818216505], [-0.5427307861770103, 53.67852678706291], [-0.5176695959117428, 53.678429920482166], [-0.5034682547614242, 53.68085158500065], [-0.49077058502702187, 53.68889151120202], [-0.47055455821304015, 53.698190702953006], [-0.44265309971770783, 53.69731890372635], [-0.40656498573572364, 53.69848130269522], [-0.37281591617849585, 53.70322776515145], [-0.3310472657363839, 53.711558291095045], [-0.29980431520568374, 53.71436742193649], [-0.2892786152942701, 53.713205022967614], [-0.27557849794925815, 53.705165096766244], [-0.25252220290521166, 53.677558121255515], [-0.23247325069299762, 53.66322186730608], [-0.2252890428169536, 53.65450387503953], [-0.20189859856936998, 53.63706789050644], [-0.1527786656494463, 53.61536977642081], [-0.11151123901263915, 53.58999073226708], [-0.09330010741987671, 53.58107900683906], [-0.0832756313137697, 53.580304074193144], [-0.07224870759705304, 53.58379127109976], [-0.06122178388033461, 53.582241405807935], [-0.034322772995613704, 53.56732395237406], [-0.015109193792241626, 53.55153469971354], [-0.005418866889671747, 53.55279396526315], [0.017637428154374746, 53.525477589494635], [0.011956891694246963, 53.52208725916876], [-0.007423762110894572, 53.51675959722809], [-0.019620208039990317, 53.5180188627777], [-0.03799841423452044, 53.513950466386646], [-0.03966916025220435, 53.513078667159995], [-0.04986071096008082, 53.519471861488796], [-0.06757061874753667, 53.51598466458218], [-0.0752560504288855, 53.48934635487884], [-0.08193903449962292, 53.487796489587005], [-0.09413548042872044, 53.48130642867747], [-0.08979154078273943, 53.47772236519011], [-0.10783559777373242, 53.469876172150215], [-0.08578175034029734, 53.455539918200785], [-0.08979154078273943, 53.44711252567645], [-0.09179643600396226, 53.44701565909572], [-0.11201246281794397, 53.43791020050621], [-0.12070034210990421, 53.435682269149204]]], [[[-1.246114859622189, 53.30239385405178], [-1.2509600230734748, 53.30190952114808], [-1.2543015151088435, 53.3017157879866], [-1.2581442309495179, 53.30345938643991], [-1.264158916613182, 53.3053967180547], [-1.2735150943122155, 53.31043378025315], [-1.2820358990024063, 53.30946511444576], [-1.2937311211261981, 53.31401784374051], [-1.2957360163474192, 53.31973297200413], [-1.2938981957279658, 53.322735836007055], [-1.2912250020996714, 53.327966631366984], [-1.2932298973208924, 53.32864469743215], [-1.2932298973208924, 53.328935297174375], [-1.2947335687368087, 53.32951649665881], [-1.302251925816389, 53.332519360661735], [-1.3104385813030426, 53.3319381611773], [-1.311441028913654, 53.33029142930473], [-1.3129447003295693, 53.32932276349733], [-1.3149495955507913, 53.32651363265589], [-1.31829108758616, 53.32602929975219], [-1.3216325796215287, 53.32564183342924], [-1.3239716240462878, 53.32728856530181], [-1.328315563692267, 53.328935297174375], [-1.3281484890904984, 53.32728856530181], [-1.3328265779400157, 53.32292956916853], [-1.33232535413471, 53.32205776994188], [-1.3365022191789215, 53.31663324142047], [-1.3376717413913006, 53.31585830877455], [-1.3416815318337436, 53.31605204193603], [-1.3408461588249008, 53.317020707743424], [-1.3473620682938705, 53.31857057303526], [-1.3617304840459576, 53.31847370645452], [-1.3629000062583367, 53.31760190722787], [-1.3625658570547996, 53.31508337612864], [-1.3642366030724844, 53.31518024270938], [-1.371587885550296, 53.31605204193603], [-1.3781037950192658, 53.317117574324165], [-1.3806099140457926, 53.317020707743424], [-1.3842855552846984, 53.31760190722787], [-1.3867916743112252, 53.318086240131564], [-1.3877941219218357, 53.31837683987378], [-1.3911356139572044, 53.3282572311092], [-1.3887965695324462, 53.33319742672691], [-1.38729289811653, 53.33406922595356], [-1.3889636441342148, 53.336200290729835], [-1.3894648679395205, 53.33600655756835], [-1.4075089249305126, 53.34007495395941], [-1.4086784471428917, 53.3420122855742], [-1.4125211629835661, 53.338815688409795], [-1.414526058204788, 53.3383313555061], [-1.4222114898861369, 53.33503789176096], [-1.4230468628949788, 53.33532849150318], [-1.4235480867002845, 53.33590969098761], [-1.4335725628063916, 53.33765328944092], [-1.4409238452842033, 53.33639402389131], [-1.4430958151071929, 53.33726582311797], [-1.4539556642221418, 53.330678895627685], [-1.4566288578504372, 53.32941963007807], [-1.4616410959034907, 53.32845096427068], [-1.4579654546645848, 53.32641676607515], [-1.4572971562575114, 53.32176717019966], [-1.4598032752840382, 53.31973297200413], [-1.4599703498858068, 53.32012043832709], [-1.463144767319407, 53.31982983858487], [-1.4696606767883766, 53.317214440904905], [-1.4846973909475372, 53.31876430619674], [-1.4930511210359594, 53.31673010800121], [-1.510426879619879, 53.31605204193603], [-1.515272043071164, 53.31382411057903], [-1.5161074160800059, 53.312564845029414], [-1.521620877938365, 53.31169304580276], [-1.5257977429825758, 53.31208051212572], [-1.526131892186113, 53.31043378025315], [-1.5286380112126396, 53.310918113156845], [-1.5294733842214825, 53.310918113156845], [-1.5299746080267873, 53.31043378025315], [-1.5309770556373978, 53.31043378025315], [-1.5311441302391664, 53.31062751341463], [-1.5319795032480092, 53.30985258076871], [-1.5328148762568512, 53.30849644863836], [-1.5331490254603883, 53.30762464941171], [-1.533316100062157, 53.306462250442834], [-1.5349868460798408, 53.30568731779692], [-1.5368246666992942, 53.30510611831248], [-1.5391637111240524, 53.304524918828044], [-1.5410015317435048, 53.304912385151], [-1.5468491428054012, 53.30665598360431], [-1.5535321268761386, 53.3058810509584], [-1.5583772903274244, 53.30529985147396], [-1.5578760665221187, 53.30578418437766], [-1.559713887141572, 53.308205848896144], [-1.5590455887344978, 53.30975571418797], [-1.5557040966991291, 53.31159617922202], [-1.558544364929193, 53.31372724399829], [-1.561384633159256, 53.31585830877455], [-1.5660627220087733, 53.31353351083681], [-1.570573736256521, 53.314405310063464], [-1.5812665107697015, 53.316439508258995], [-1.5849421520086082, 53.32157343703818], [-1.5904556138669665, 53.31827997329304], [-1.599143493158926, 53.314599043224945], [-1.6006471645748421, 53.31692384116269], [-1.6038215820084432, 53.319151772519696], [-1.609167969265033, 53.322638969426315], [-1.625541280238341, 53.316439508258995], [-1.6327254881143851, 53.320798504392265], [-1.6278803246631002, 53.32583556659071], [-1.626376653247184, 53.3292258969166], [-1.6220327136012038, 53.33368175963061], [-1.6168534009463817, 53.33639402389131], [-1.6121753120968654, 53.34162481925124], [-1.5906226884687351, 53.34588694880377], [-1.628381548468405, 53.3538300084244], [-1.6305535182913946, 53.35615480636215], [-1.6639684386450853, 53.36690699682423], [-1.6626318418309376, 53.37320332457229], [-1.662130618025632, 53.37523752276781], [-1.6559488577601993, 53.38172758367735], [-1.653609813335441, 53.38482731426102], [-1.6547793355478202, 53.39306097362387], [-1.6589562005920317, 53.39344843994682], [-1.6681453036892968, 53.39306097362387], [-1.6818454210343097, 53.401778965890415], [-1.694543090768712, 53.40119776640598], [-1.7038992684677448, 53.40584736228146], [-1.7030638954589028, 53.410690691318436], [-1.7038992684677448, 53.41262802293323], [-1.7038992684677448, 53.41495282087097], [-1.7167640128039157, 53.41931181700424], [-1.7232799222728854, 53.41892435068129], [-1.7299629063436237, 53.416018353259105], [-1.7449996205027842, 53.42531754501009], [-1.744665471299247, 53.42880474191671], [-1.74433132209571, 53.431323273015934], [-1.7496777093523006, 53.43907259947508], [-1.7471715903257738, 53.44100993108987], [-1.745500844308089, 53.44265666296244], [-1.7438300982904051, 53.44643445961128], [-1.74433132209571, 53.44846865780681], [-1.7471715903257738, 53.45428065265117], [-1.7470045157240053, 53.45796158271927], [-1.7453337697063205, 53.462029979110326], [-1.7478398887328472, 53.46406417730585], [-1.7536874997947436, 53.46483910995177], [-1.7556923950159646, 53.46396731072511], [-1.7581985140424914, 53.463870444144376], [-1.768390064750367, 53.46474224337103], [-1.7698937361662832, 53.46571090917842], [-1.7762425710334844, 53.46832630685839], [-1.7780803916529369, 53.47045737163465], [-1.7779133170511683, 53.47249156983018], [-1.7857658233342857, 53.47568816699458], [-1.7907780613873392, 53.47568816699458], [-1.7911122105908763, 53.47578503357532], [-1.7942866280244774, 53.477238032286415], [-1.7967927470510041, 53.478884764158984], [-1.7982964184669195, 53.4786910309975], [-1.8018049851040576, 53.4865372240374], [-1.8003013136881414, 53.48808708932923], [-1.7998000898828357, 53.49302728494693], [-1.7979622692633832, 53.493414751269896], [-1.7957902994403927, 53.49428655049655], [-1.7952890756350879, 53.49670821501503], [-1.7957902994403927, 53.499517345856475], [-1.7967927470510041, 53.503004542763094], [-1.8078196707677217, 53.50610427334676], [-1.8136672818296171, 53.512110001352596], [-1.8208514897056602, 53.518503195681404], [-1.822188086519808, 53.521118593361365], [-1.8272003245728614, 53.52354025787985], [-1.8352199054577474, 53.52063426045767], [-1.8470822021833078, 53.5253807229139], [-1.863455513156616, 53.5349705144071], [-1.873479989262723, 53.54039504292851], [-1.8870130320059673, 53.53584231363376], [-1.898374104926222, 53.53777964524854], [-1.9088998048376347, 53.53874831105594], [-1.9129095952800768, 53.551631566294276], [-1.9194255047490465, 53.550856633648365], [-1.9244377428021, 53.552600232101675], [-1.925607265014479, 53.55318143158611], [-1.9426488743948616, 53.561608824110436], [-1.9463245156337674, 53.571489215345856], [-1.953675798111579, 53.57565447831765], [-1.953675798111579, 53.57604194464061], [-1.9668746916512871, 53.58001347445092], [-1.9815772566069105, 53.589312666201906], [-1.9947761501466177, 53.60335832040912], [-2.00747381988102, 53.612560645579364], [-2.009478715102242, 53.6168227751319], [-2.0230117578454863, 53.61585410932451], [-2.0308642641286037, 53.62922169746655], [-2.030028891119761, 53.636196091279785], [-2.041222889438248, 53.64084568715528], [-2.0397192180223316, 53.64898247993739], [-2.0370460243940363, 53.66235006807943], [-2.0522498131549654, 53.669421328473405], [-2.050746141739049, 53.6794954528703], [-2.0489083211195966, 53.680270385516216], [-2.0606035432433876, 53.6826920500347], [-2.071296317756569, 53.67881738680512], [-2.0717975415618737, 53.678236187320685], [-2.083993987490971, 53.67765498783625], [-2.0871684049245713, 53.67077746060375], [-2.096190433420068, 53.67155239324967], [-2.09702580642891, 53.6726179256378], [-2.1180772062517352, 53.67126179350745], [-2.126932160145463, 53.67959231945104], [-2.1379590838621807, 53.683854449003576], [-2.1481506345700563, 53.68608238036058], [-2.1504896789948145, 53.69460663946565], [-2.1625190503221425, 53.69925623534114], [-2.1668629899681227, 53.713495622709836], [-2.169202034392881, 53.71572355406684], [-2.173211824835324, 53.72298854762229], [-2.16385564713629, 53.731222206985144], [-2.1561702154549414, 53.73364387150363], [-2.1568385138620156, 53.734903137053244], [-2.149153082180667, 53.733934471245846], [-2.145143291738224, 53.73684046866803], [-2.1416347251010865, 53.745752194096056], [-2.12943827917199, 53.754567052943344], [-2.1301065775790633, 53.76309131204841], [-2.1304407267826004, 53.77239050379939], [-2.1312760997914424, 53.774424701994924], [-2.1321114728002852, 53.783433294003686], [-2.1247601903224727, 53.78808288987918], [-2.128937055366684, 53.79370115156206], [-2.127767533154305, 53.79825388085682], [-2.0963575080218364, 53.81249326822551], [-2.084829360499813, 53.818595862812096], [-2.0469034258983747, 53.82954178643565], [-2.0460680528895328, 53.85017436813314], [-2.0622742892610724, 53.85908609356117], [-2.0631096622699143, 53.85927982672264], [-2.074804884393706, 53.862379557306305], [-2.086165957313961, 53.869644550861764], [-2.0890062255440247, 53.86819155215067], [-2.0814878684644444, 53.8756502788676], [-2.0958562842165307, 53.88824293436373], [-2.1030404920925747, 53.89095519862443], [-2.1132320428004494, 53.904613386508686], [-2.107384431738554, 53.90800371683457], [-2.1167406094375876, 53.917302908585555], [-2.132278547402053, 53.9265052337558], [-2.141801799702855, 53.92563343452914], [-2.1641897963398273, 53.93464202653791], [-2.1717081534194076, 53.937644890540824], [-2.1822338533308203, 53.93541695918382], [-2.1813984803219775, 53.94558795016146], [-2.1877473151891786, 53.95420907584727], [-2.191255881826317, 53.95808373907684], [-2.195599821472296, 53.96631739843969], [-2.200444984923581, 53.96970772876557], [-2.20161450713596, 53.96786726373152], [-2.2031181785518763, 53.96777039715079], [-2.209634088020846, 53.962927068113814], [-2.225673249790617, 53.961086603079764], [-2.22968304023306, 53.96970772876557], [-2.2320220846578183, 53.971257594057406], [-2.225339100587081, 53.975422857029194], [-2.224169578374701, 53.97619778967511], [-2.224002503772933, 53.9786194541936], [-2.2303513386401344, 53.98152545161578], [-2.2443856051886835, 53.981041118712085], [-2.2458892766045997, 53.979297520258775], [-2.2844835096131124, 53.973776125156625], [-2.2985177761616624, 53.97774765496694], [-2.31271911731198, 53.9882092456868], [-2.318399653772108, 53.99208390891638], [-2.3269204584622987, 53.99382750736969], [-2.339952277400238, 53.98946851123641], [-2.3454657392585965, 53.99218077549712], [-2.3523157979311033, 53.99469930659634], [-2.353652394745251, 54.00380476518585], [-2.342792545630301, 54.008744960803554], [-2.339618128196701, 54.00942302686873], [-2.345632813860365, 54.01823788571602], [-2.357328035984157, 54.01910968494267], [-2.3603353788159884, 54.0243404803026], [-2.3620061248336732, 54.04071093244756], [-2.374035496161002, 54.04904145839115], [-2.391411254744921, 54.04410126277344], [-2.4224871306738525, 54.04061406586682], [-2.425828622709222, 54.03809553476759], [-2.432678681381728, 54.04158273167421], [-2.458742319257606, 54.04051719928608], [-2.469602168372556, 54.0462323275497], [-2.4706046159831665, 54.050881923425194], [-2.463921631912428, 54.061052914402836], [-2.465592377930113, 54.071708238284174], [-2.480796166691042, 54.08536642616843], [-2.4863096285494013, 54.08488209326473], [-2.494162134832518, 54.08982228888244], [-2.5086976251863735, 54.092437686562405], [-2.5255721599649865, 54.096021750049765], [-2.530083174212735, 54.10270554412078], [-2.545454037575433, 54.115685665939864], [-2.5633310199646564, 54.1226600597531], [-2.5631639453628887, 54.12789085511303], [-2.5621614977522773, 54.13515584866848], [-2.5573163343009924, 54.149976435521616], [-2.5584858565133715, 54.149976435521616], [-2.542947918548906, 54.157725761980764], [-2.5332575916463353, 54.15821009488447], [-2.5304173234162723, 54.16402208972883], [-2.527744129787977, 54.169640351411715], [-2.511370818814669, 54.17903640974344], [-2.4799607936822, 54.2022843891209], [-2.4737790334167666, 54.215264510939974], [-2.4609142890805966, 54.22669476746723], [-2.4413665606736874, 54.22572610165983], [-2.4353518750100234, 54.22291697081839], [-2.4092882371341453, 54.22659790088649], [-2.4036077006740175, 54.2256292350791], [-2.3967576420015115, 54.23938428954409], [-2.3730330485503908, 54.24006235560927], [-2.3723647501433174, 54.24819914839138], [-2.3623402740372104, 54.24974901368321], [-2.3479718582851232, 54.237834424252256], [-2.3357754123560266, 54.23802815741374], [-2.3282570552764463, 54.24190282064331], [-2.3225765188163185, 54.24810228181064], [-2.320738698196866, 54.25992000466084], [-2.315559385542044, 54.270284728799965], [-2.3194021013827184, 54.27444999177175], [-2.321072847400403, 54.28219931823091], [-2.3190679521791813, 54.28384605010348], [-2.319903325188024, 54.288979978882665], [-2.324414339435772, 54.300797701732876], [-2.320404548993329, 54.30680342973872], [-2.3230777426216243, 54.31106555929125], [-2.3150581617367383, 54.31358409039048], [-2.312384968108444, 54.324917480336985], [-2.3202374743915604, 54.33179500756949], [-2.334772964745416, 54.33499160473389], [-2.3357754123560266, 54.340416133255296], [-2.348138932886892, 54.3468093275841], [-2.353318245541714, 54.348456059456666], [-2.366182989877885, 54.35504298694694], [-2.356492662975315, 54.3559147861736], [-2.352817021736408, 54.358336450692086], [-2.342792545630301, 54.36162991443722], [-2.3382815313825533, 54.36385784579423], [-2.3329351441259627, 54.364535911859406], [-2.3269204584622987, 54.368119975346765], [-2.3234118918251614, 54.37054163986525], [-2.322409444214551, 54.37092910618821], [-2.320404548993329, 54.37296330438374], [-2.31706305695796, 54.376353634709616], [-2.297515328551051, 54.37693483419405], [-2.2920018666926927, 54.384199827749505], [-2.2920018666926927, 54.391464821304965], [-2.3000214475775778, 54.395145751373065], [-2.3048666110288627, 54.40192641202482], [-2.307873953860695, 54.420815395269], [-2.291500642887387, 54.43602344844509], [-2.265437005011509, 54.44290097567759], [-2.2679431240380357, 54.447259971810865], [-2.2495649178435055, 54.45190956768636], [-2.235697725896724, 54.44822863761826], [-2.189250986605095, 54.449003570264175], [-2.1822338533308203, 54.45733409620776], [-2.1702044820034914, 54.45820589543442], [-2.1593446328885424, 54.45549363117371], [-2.1553348424460994, 54.457043496465545], [-2.1501555297912773, 54.45994949388773], [-2.126598010941926, 54.46208055866399], [-2.1230894443047887, 54.461499359179555], [-2.114234490411061, 54.464211623440264], [-2.1018709698801956, 54.46537402240914], [-2.081654943066213, 54.46982988512315], [-2.0758073320043167, 54.473123348868285], [-2.069959720942421, 54.47564187996751], [-2.0631096622699143, 54.47883847713191], [-2.061271841650462, 54.48058207558522], [-2.0530851861638073, 54.48067894216596], [-2.050411992535512, 54.481357008231136], [-2.043227784659469, 54.48358493958814], [-2.044731456075385, 54.475157547063816], [-2.0368789497922677, 54.47428574783716], [-2.029527667314456, 54.4729296157068], [-2.014658027757064, 54.47157348357646], [-1.9967810453678396, 54.466923887700965], [-1.986589494659964, 54.461596225760296], [-1.9855870470493535, 54.45994949388773], [-1.9760637947485513, 54.459755760726246], [-1.971719855102572, 54.45394376588188], [-1.9683783630672025, 54.45181270110562], [-1.9660393186424443, 54.451618967944135], [-1.960525856784086, 54.45220016742857], [-1.955346544129264, 54.45384689930114], [-1.9538428727133477, 54.453459432978185], [-1.9469928140408408, 54.45433123220484], [-1.9339609951029022, 54.45733409620776], [-1.9282804586427744, 54.45646229698111], [-1.913243744483614, 54.46198369208325], [-1.8933618668731684, 54.466923887700965], [-1.885509360590051, 54.4729296157068], [-1.8672982289972904, 54.48213194087705], [-1.8586103497053301, 54.48281000694223], [-1.8601140211212464, 54.48707213649476], [-1.8592786481124044, 54.48910633469029], [-1.8577749766964882, 54.49365906398504], [-1.85543593227173, 54.50353945522046], [-1.8509249180239822, 54.50353945522046], [-1.839396770501959, 54.50847965083817], [-1.8315442642188415, 54.5036363218012], [-1.8318784134223787, 54.502667655993804], [-1.8243600563427984, 54.500149124894584], [-1.824527130944567, 54.49792119353757], [-1.822522235723345, 54.49520892927687], [-1.7929500312103297, 54.4844567388148], [-1.7911122105908763, 54.489396934432506], [-1.7902768375820344, 54.492884131339125], [-1.7871024201484333, 54.501020924121235], [-1.7850975249272123, 54.502764522574545], [-1.782424331298917, 54.50576738657747], [-1.7760754964317158, 54.50673605238486], [-1.776409645635253, 54.519134974719506], [-1.7797511376706217, 54.53192136337711], [-1.7672205425379879, 54.532308829700064], [-1.7612058568743238, 54.528918499374186], [-1.7540216489982798, 54.52862789963197], [-1.747505739529311, 54.52930596569714], [-1.7331373237772238, 54.52775610040531], [-1.7272897127153284, 54.530468364666014], [-1.7212750270516635, 54.542286087516224], [-1.710582252538483, 54.53831455770591], [-1.698552881211154, 54.536086626348904], [-1.6895308527156585, 54.53540856028373], [-1.6836832416537622, 54.53347122866894], [-1.6606269466097165, 54.535214827122246], [-1.6549464101495888, 54.53037149808527], [-1.6529415149283677, 54.52417203691795], [-1.6400767705921968, 54.52562503562905], [-1.6278803246631002, 54.51380731277884], [-1.614347281919855, 54.51952244104246], [-1.6006471645748421, 54.517100776523975], [-1.6036545074066746, 54.51138564826035], [-1.5810994361679338, 54.512838646971446], [-1.5787603917431747, 54.50392692154342], [-1.583438480592692, 54.49801806011831], [-1.5732469298848164, 54.49017186707842], [-1.5552028728938234, 54.484941071718495], [-1.5540333506814443, 54.479613409777826], [-1.5511930824513804, 54.47447948099864], [-1.5326478016550826, 54.46915181905797], [-1.5288050858144082, 54.484844205137755], [-1.5141025208587848, 54.48377867274962], [-1.5069183129827408, 54.47845101080895], [-1.5014048511243825, 54.48435987223406], [-1.49839750829255, 54.474963813902335], [-1.4870364353722954, 54.473026482287544], [-1.4790168544874103, 54.47535128022529], [-1.4679899307706918, 54.463146091052124], [-1.4688253037795347, 54.45936829440329], [-1.4719997212131348, 54.45559049775445], [-1.463144767319407, 54.45142523478266], [-1.455459335638058, 54.45549363117371], [-1.4619752451070278, 54.46285549130991], [-1.4601374244875753, 54.471282883834235], [-1.4576313054610486, 54.481453874811876], [-1.4613069466999544, 54.484747338557014], [-1.4618081705052592, 54.48590973752589], [-1.4584666784698905, 54.492884131339125], [-1.4746729148414301, 54.49685566114944], [-1.4728350942219777, 54.50160212360567], [-1.4564617832486695, 54.502764522574545], [-1.4429287405054243, 54.490946799724334], [-1.4268895787356533, 54.4839724059111], [-1.4330713390010859, 54.48009774268152], [-1.4178675502401568, 54.4770948786786], [-1.4100150439570394, 54.47835414422821], [-1.410182118558808, 54.48968753417473], [-1.3897990171430568, 54.486684670171805], [-1.3809440632493288, 54.494046530308], [-1.3757647505945076, 54.49065619998212], [-1.3734257061697486, 54.47360768177198], [-1.3618975586477262, 54.467795686927616], [-1.3498681873203973, 54.47273588254533], [-1.3448559492673438, 54.47244528280311], [-1.3446888746655752, 54.47157348357646], [-1.3448559492673438, 54.46905495247723], [-1.3438535016567332, 54.468764352735015], [-1.3425169048425856, 54.46808628666984], [-1.3428510540461227, 54.467795686927616], [-1.3440205762585018, 54.464211623440264], [-1.31829108758616, 54.47215468306089], [-1.313111774931338, 54.47728861184008], [-1.3107727305065797, 54.47748234500156], [-1.3032543734269995, 54.47845101080895], [-1.3020848512146204, 54.47796667790526], [-1.3015836274093147, 54.47641681261342], [-1.2867139878519227, 54.4839724059111], [-1.2878835100643018, 54.48639407042958], [-1.2877164354625332, 54.48794393572142], [-1.287382286258997, 54.487556469398456], [-1.2810334513917958, 54.49046246682064], [-1.2776919593564262, 54.48978440075547], [-1.2728467959051413, 54.490268733659164], [-1.2710089752856888, 54.48910633469029], [-1.2574759325424436, 54.48736273623698], [-1.2546356643123806, 54.496565061407225], [-1.2538002913035378, 54.49879299276423], [-1.2422721437815145, 54.50169899018641], [-1.2349208613037028, 54.51032011587222], [-1.2275695788258911, 54.51196684774479], [-1.2038449853747712, 54.50692978554634], [-1.1851326299767049, 54.507317251869296], [-1.1799533173218828, 54.50615485290042], [-1.1756093776759027, 54.504701854189335], [-1.173437407852913, 54.50402378812416], [-1.174272780861755, 54.50383005496268], [-1.172267885640534, 54.50257078941306], [-1.165417826968027, 54.50353945522046], [-1.1640812301538794, 54.50344258863972], [-1.158233619091984, 54.50237705625159], [-1.1480420683841084, 54.501117790701976], [-1.146204247764656, 54.502861389155285], [-1.1308333844019582, 54.50005225831384], [-1.1228138035170723, 54.49898672592571], [-1.1142929988268815, 54.49898672592571], [-1.1122881036056604, 54.500827190959754], [-1.1117868798003547, 54.50441125444711], [-1.0945781958182046, 54.50673605238486], [-1.087226913340392, 54.50334572205898], [-1.0782048848448964, 54.50383005496268], [-1.0678462595352523, 54.5004397246368], [-1.0648389167034198, 54.49850239302201], [-1.0578217834291452, 54.49898672592571], [-1.0491339041371859, 54.49637132824574], [-1.0446228898894372, 54.49598386192279], [-1.0429521438717533, 54.49530579585761], [-1.0367703836063198, 54.494046530308], [-1.0237385646683812, 54.50208645650937], [-1.00335546325263, 54.503055122316766], [-0.9677685730759498, 54.4972431274724], [-0.9528989335185578, 54.48804080230215], [-0.9440439796248299, 54.48871886836733], [-0.9229925798020053, 54.491043666305075], [-0.9014399561738751, 54.49424026346948], [-0.8957594197137473, 54.495596395599826], [-0.8808897801563553, 54.49704939431092], [-0.8757104675015333, 54.491140532885815], [-0.8563298136963935, 54.48784706914068], [-0.8439662931655274, 54.491237399466556], [-0.853322470864561, 54.502667655993804], [-0.8506492772362657, 54.526303101694225], [-0.8421284725460749, 54.535989759768164], [-0.8386199059089376, 54.539767556417], [-0.825253937767461, 54.54906674816798], [-0.8157306854666597, 54.5525539450746], [-0.8048708363517099, 54.55090721320203], [-0.797185404670361, 54.554103810366435], [-0.7838194365288853, 54.55933460572636], [-0.7657753795378923, 54.548679281845025], [-0.7619326636972179, 54.54373908622732], [-0.7510728145822689, 54.541995487774], [-0.7487337701575107, 54.53134016389267], [-0.7418837114850039, 54.52785296698605], [-0.7306897131665178, 54.52814356672827], [-0.7146505513967467, 54.53356809524968], [-0.6922625547597745, 54.52020050710764], [-0.682405153255436, 54.51971617420394], [-0.6727148263528653, 54.512548047229224], [-0.6750538707776235, 54.50605798631968], [-0.669206259715728, 54.50169899018641], [-0.6548378439636409, 54.497533727214616], [-0.6255997886541618, 54.49172173237025], [-0.5928531667075454, 54.487653335979196], [-0.5726371398935637, 54.481163275069655], [-0.5639492606016034, 54.475932479709726], [-0.5569321273273289, 54.465083422666915], [-0.5402246671504844, 54.45801216227294], [-0.5333746084779776, 54.45132836820192], [-0.5215123117524172, 54.446969372068644], [-0.5221806101594915, 54.44125424380502], [-0.5313697132567565, 54.43660464792953], [-0.5308684894514499, 54.4249806582408], [-0.5228489085665657, 54.41626266597425], [-0.5041365531684985, 54.407641540288445], [-0.4916059580358638, 54.40793214003066], [-0.47172408042541925, 54.39698621640711], [-0.44983730759375185, 54.3723821048993], [-0.44465799493893066, 54.35765838462691], [-0.43914453308057055, 54.35659285223878], [-0.4309578775939169, 54.34506572913079], [-0.42343952051433575, 54.33906000112494], [-0.4175919094524403, 54.310581226387555], [-0.40773450794810273, 54.305253564446886], [-0.41040770157639805, 54.29953843618326], [-0.39988200166498444, 54.28888311230193], [-0.3866831081252773, 54.29023924443228], [-0.3843440637005191, 54.28588024829901], [-0.3957051366207729, 54.28161811874647], [-0.3967075842313843, 54.27444999177175], [-0.38852092874473065, 54.266700665312605], [-0.36780367812544235, 54.25362367691278], [-0.363125589275926, 54.24451821832328], [-0.3510962179485979, 54.24083728825518], [-0.3392339212230375, 54.24258088670849], [-0.33455583237352116, 54.23812502399448], [-0.3151751785683796, 54.232409895730854], [-0.31283613414362144, 54.22853523250127], [-0.2864383470642071, 54.22311070397987], [-0.27741631856870974, 54.217201842554765], [-0.2854358994535957, 54.202865588605334], [-0.27724924396694206, 54.18659200304111], [-0.26338205202016063, 54.175839812579035], [-0.24533799502916764, 54.16654062082805], [-0.22712686343640698, 54.159953693337776], [-0.18986922724204192, 54.15491663113932], [-0.17065564803866984, 54.15094510132901], [-0.12938822140186268, 54.13534958182996], [-0.09964894228707877, 54.130118786470035], [-0.0832756313137697, 54.12256319317236], [-0.07893169166779046, 54.112295335613986], [-0.09179643600396226, 54.10745200657701], [-0.11284783582678592, 54.10328674360522], [-0.1404151451185811, 54.10435227599335], [-0.16497511157854383, 54.099605813537124], [-0.18468991458722073, 54.08459149352251], [-0.19738758432162307, 54.07848889893593], [-0.2089157318436463, 54.06386204524428], [-0.2130925968878561, 54.05427225375108], [-0.2164340889232257, 54.02782767720922], [-0.21359382069316268, 54.00932616028799], [-0.20540716520650726, 53.99004971072085], [-0.1726605432598909, 53.93134856279276], [-0.162970216357321, 53.91943397336182], [-0.15712260529542554, 53.90354785412055], [-0.1303906690124741, 53.872163081960984], [-0.030647131756708745, 53.783433294003686], [0.01379471231370033, 53.747495792549365], [0.04119494700372606, 53.72628201136744], [0.04587303585324243, 53.71921075097346], [0.09415759576432414, 53.682110850550266], [0.11754804001190777, 53.661187669110554], [0.12890911293216156, 53.64559214961151], [0.13442257479052167, 53.63212769488873], [0.14127263346302854, 53.622634769976266], [0.1466190207196174, 53.60858911576905], [0.12506639709148715, 53.62331283604144], [0.10551866868457971, 53.63212769488873], [0.07962210541046844, 53.64103942031675], [0.06475246585307737, 53.644236017481155], [0.030000948685239948, 53.6492730796796], [0.01596668213668906, 53.64442975064264], [0.0012641171810656715, 53.64278301877006], [-0.049693636358311366, 53.63212769488873], [-0.05387050140252292, 53.62912483088581], [-0.07876461706602278, 53.63086842933912], [-0.10349165812775318, 53.63532429205313], [-0.1135161342338602, 53.63948955502492], [-0.1467639799857814, 53.65992840356094], [-0.1726605432598909, 53.67939858628956], [-0.19922540494107466, 53.69402543998121], [-0.1988912557375393, 53.69731890372635], [-0.221947550781584, 53.7129144232254], [-0.2298000570647023, 53.71107395819135], [-0.23581474272836545, 53.71998568361937], [-0.23631596653367204, 53.7284130761437], [-0.24299895060440946, 53.729478608531835], [-0.27323945352449996, 53.74003706583243], [-0.2972981961791561, 53.742846196673874], [-0.3348899815770583, 53.73780913447543], [-0.365965857505989, 53.728606809305184], [-0.38467821290405624, 53.72434467975265], [-0.41441749201884015, 53.72056688310381], [-0.44766533777076134, 53.71388308903279], [-0.46320327573522846, 53.716885953035714], [-0.48676079458457977, 53.71649848671275], [-0.5352124290974309, 53.70913662657656], [-0.5530894114866545, 53.709524092899514], [-0.5682932002475845, 53.715045488001664], [-0.5895116746721776, 53.72802560982075], [-0.6165777601586662, 53.731222206985144], [-0.6705428565298757, 53.72211674839564], [-0.687250316706721, 53.707877361026945], [-0.7022870308658815, 53.70390583121663], [-0.733028757591276, 53.70739302812325], [-0.7487337701575107, 53.706036895992895], [-0.771121766794483, 53.69848130269522], [-0.7808120936970528, 53.69751263688783], [-0.7948463602456028, 53.70458389728181], [-0.8097159998029957, 53.70719929496177], [-0.8249197885639239, 53.703518364893675], [-0.8486443820150447, 53.68714791274871], [-0.854157843873403, 53.687244779329454], [-0.8626786485635947, 53.696253371338216], [-0.8631798723688995, 53.701677899859625], [-0.8427967709531483, 53.70836169393064], [-0.8417943233425378, 53.72347288052599], [-0.8528212470592553, 53.7320940062118], [-0.8626786485635947, 53.73044727433923], [-0.8660201405989634, 53.72172928207268], [-0.8469736359973599, 53.72531334556004], [-0.844133367767296, 53.711752024256526], [-0.8665213644042682, 53.70129043353667], [-0.8583347089176145, 53.68705104616797], [-0.8463053375902865, 53.685598047456885], [-0.8290966536081354, 53.69770637004931], [-0.8118879696259853, 53.704390164120326], [-0.7990232252898144, 53.70293716540924], [-0.784320660334191, 53.69605963817674], [-0.7667778271485037, 53.695962771596], [-0.746227651130984, 53.703324631732194], [-0.7305226385647492, 53.704293297539586], [-0.7049602244941768, 53.70080610063297], [-0.6984443150252071, 53.69760950346857], [-0.700115061042891, 53.68743851249093], [-0.6897564357332477, 53.67300539196076], [-0.697274792812828, 53.65624747349284], [-0.7116432085649143, 53.6465608154189], [-0.7146505513967467, 53.64200808612415], [-0.7146505513967467, 53.62757496559398], [-0.7029553292729549, 53.6173071080356], [-0.7036236276800292, 53.61023584764162], [-0.7128127307772933, 53.60781418312314], [-0.7285177433435281, 53.608201649446094], [-0.7380409956443295, 53.59899932427585], [-0.7397117416620143, 53.59270299652779], [-0.7320263099806654, 53.58611606903751], [-0.7350336528124979, 53.57933540838575], [-0.7463947257327526, 53.57274848089547], [-0.7489008447592793, 53.563255555983005], [-0.7472300987415945, 53.55628116216977], [-0.7400458908655514, 53.549113035195056], [-0.7435544575026887, 53.537198445764105], [-0.7385422194496352, 53.52625252214055], [-0.7433873829009201, 53.511238202125945], [-0.7529106352017223, 53.50087347798683], [-0.7626009621042922, 53.501260944309784], [-0.7657753795378923, 53.50077661140609], [-0.7692839461750305, 53.49796748056465], [-0.7692839461750305, 53.49438341707729], [-0.776301079449305, 53.488765155394404], [-0.7717900652015572, 53.48101582893525], [-0.7844877349359596, 53.47694743254419], [-0.7861584809536435, 53.47326650247609], [-0.7848218841394958, 53.46445164362881], [-0.7981878522809724, 53.45524931845856], [-0.818403879094955, 53.4595114480111], [-0.8718677516608588, 53.466292108662856], [-0.8737055722803122, 53.46144877962589], [-0.8864032420147145, 53.46212684569107], [-0.916309595731267, 53.46028638065702], [-0.92031938617371, 53.465517176016945], [-0.9004375085632645, 53.475203834090884], [-0.9355231749346391, 53.5025202098594], [-0.953233082722095, 53.48440615926113], [-0.9859797046687113, 53.471716637184265], [-0.9854784808634056, 53.46135191304515], [-0.9936651363500602, 53.45292452052082], [-1.0003481204207976, 53.43500420308403], [-1.003021314049093, 53.43471360334181], [-1.0098713727215998, 53.43287313830776], [-1.0143823869693476, 53.42628621081748], [-1.0305886233408872, 53.42522067842935], [-1.0309227725444243, 53.43093580669297], [-1.0569864104203024, 53.42531754501009], [-1.0680133341370208, 53.42735174320562], [-1.0746963182077582, 53.42735174320562], [-1.080376854667886, 53.42686741030192], [-1.081212227676728, 53.42260528074939], [-1.0870598387386243, 53.42551127817157], [-1.0987550608624153, 53.418730617519806], [-1.1082783131632175, 53.40584736228146], [-1.1159637448445663, 53.4073972275733], [-1.1156295956410291, 53.39722623659566], [-1.1228138035170723, 53.398291768983796], [-1.1331724288267164, 53.39238290755869], [-1.1346761002426327, 53.38976750987872], [-1.1299980113931154, 53.37756232070556], [-1.1428627557292863, 53.3712659929575], [-1.1457030239593502, 53.366616397082005], [-1.1452018001540445, 53.36341979991761], [-1.138518816083307, 53.355864206619934], [-1.1517177096230142, 53.35450807448958], [-1.162577558737964, 53.356736005846585], [-1.1615751111273527, 53.35567047345845], [-1.1617421857291212, 53.35092401100222], [-1.1580665444902154, 53.34772741383782], [-1.1495457398000246, 53.34530574931934], [-1.148209142985877, 53.345208882738596], [-1.1403566367027596, 53.34656501486895], [-1.139354189092149, 53.3447245498349], [-1.1408578605080653, 53.34094675318606], [-1.145368874755813, 53.340753020024586], [-1.1639141555521118, 53.32932276349733], [-1.171432512631692, 53.32651363265589], [-1.1724349602423025, 53.32651363265589], [-1.1719337364369968, 53.32283270258779], [-1.1744398554635236, 53.3213797038767], [-1.191481464843906, 53.318958039358215], [-1.197162001304033, 53.314695909805685], [-1.2030096123659293, 53.307237183088745], [-1.2021742393570864, 53.30607478411987], [-1.2056828059942237, 53.30433118566656], [-1.2098596710384353, 53.30529985147396], [-1.2187146249321632, 53.30404058592435], [-1.230409847055955, 53.3085933152191], [-1.237259905728461, 53.30607478411987], [-1.2416038453744411, 53.30249072063252], [-1.246114859622189, 53.30239385405178]]]]}}, {"type": "Feature", "properties": {"id": "TLF", "name": "East Midlands (England)"}, "geometry": {"type": "MultiPolygon", "coordinates": [[[[0.034846112136524, 52.897007213657346], [0.03300829151707063, 52.900397543983225], [0.059071929392949585, 52.91638052980523], [0.06792688328667751, 52.91502439767488], [0.06542076426015164, 52.90708133805425], [0.05322431833105412, 52.90204427585579], [0.04854622948153775, 52.902238009017275], [0.034846112136524, 52.897007213657346]]], [[[0.10902723532171699, 52.883349025773086], [0.10251132585274725, 52.884123958419], [0.1005064306315262, 52.894198082815905], [0.11387239877300104, 52.89206701803964], [0.11153335434824285, 52.88393022525753], [0.10902723532171699, 52.883349025773086]]], [[[0.18638277594051011, 52.735336890403275], [0.17218143479019155, 52.737952288083235], [0.19540480443600572, 52.765656130174705], [0.2072671011615661, 52.78783857716403], [0.2167903534623683, 52.82087008119617], [0.2291538739932335, 52.82377607861835], [0.24519303576300366, 52.82203248016504], [0.2674139577982082, 52.813217621317754], [0.262234645143387, 52.803627829824556], [0.25321261664788963, 52.797331502076496], [0.24502596116123598, 52.78454511341889], [0.27225912124949403, 52.77282425714942], [0.2331636644356756, 52.7602316016533], [0.19674140125015427, 52.74221441763577], [0.18638277594051011, 52.735336890403275]]], [[[-1.1979973743128758, 51.97725902953665], [-1.2006705679411702, 51.977937095601824], [-1.217210953516247, 51.98035876012031], [-1.2237268629852167, 51.98035876012031], [-1.2297415486488807, 51.9813274259277], [-1.232080593073639, 51.982392958315835], [-1.2481197548434109, 51.98558955548024], [-1.2511270976752424, 51.984233423349885], [-1.2527978436929272, 51.98336162412323], [-1.2594808277636655, 51.98123055934696], [-1.2676674832503192, 51.982586691477316], [-1.2808663767900272, 51.982392958315835], [-1.2815346751971006, 51.979971293797355], [-1.2835395704183226, 51.97968069405513], [-1.284207868825396, 51.98355535728471], [-1.287382286258997, 51.9886892860639], [-1.287382286258997, 51.98956108529055], [-1.2883847338696075, 51.98927048554834], [-1.2872152116572284, 51.99023915135573], [-1.2868810624536913, 51.990626617678686], [-1.285377391037775, 51.990626617678686], [-1.2823700482059435, 51.99304828219717], [-1.2835395704183226, 51.996148012780836], [-1.2837066450200911, 51.99808534439562], [-1.2818688244006378, 52.000507008914106], [-1.2808663767900272, 52.001475674721505], [-1.2786944069670376, 52.00457540530516], [-1.2776919593564262, 52.00719080298513], [-1.278527332365269, 52.00825633537326], [-1.2840407942236274, 52.01116233279544], [-1.2800310037811844, 52.0110654662147], [-1.2786944069670376, 52.011356065956925], [-1.2806993021882587, 52.01648999473611], [-1.2817017497988692, 52.017749260285726], [-1.2818688244006378, 52.01968659190051], [-1.2830383466130169, 52.02075212428864], [-1.2843749434271645, 52.02094585745012], [-1.2840407942236274, 52.02259258932269], [-1.2835395704183226, 52.02317378880713], [-1.29022255448906, 52.027435918359664], [-1.293396971922661, 52.027532784940405], [-1.293396971922661, 52.02966384971667], [-1.292227449710282, 52.02966384971667], [-1.2943994195332715, 52.0371225764336], [-1.29456649413504, 52.03780064249878], [-1.2947335687368087, 52.039059908048394], [-1.2964043147544926, 52.04148157256688], [-1.2972396877633354, 52.041772172309095], [-1.2992445829845565, 52.04322517102019], [-1.2997458067898622, 52.04438756998906], [-1.302251925816389, 52.04642176818459], [-1.3112739543118854, 52.05049016457564], [-1.3129447003295693, 52.051458830383034], [-1.307431238471211, 52.05756142496962], [-1.3084336860818215, 52.06240475400659], [-1.3037555972323052, 52.06434208562138], [-1.3012494782057784, 52.066085684074686], [-1.3000799559933993, 52.06937914781983], [-1.305426343249989, 52.07209141208053], [-1.303421448028768, 52.07199454549979], [-1.3019177766128518, 52.075191142664195], [-1.2975738369668726, 52.07809714008638], [-1.3087678352853587, 52.079550138797465], [-1.3166203415684752, 52.079647005378206], [-1.3199618336038448, 52.08071253776634], [-1.3204630574091496, 52.08216553647743], [-1.3211313558162239, 52.08555586680331], [-1.3212984304179924, 52.0865245326107], [-1.3167874161702438, 52.08981799635584], [-1.3079324622765158, 52.09223966087433], [-1.3039226718340737, 52.09165846138989], [-1.2977409115686402, 52.09194906113211], [-1.2955689417456506, 52.092917726939504], [-1.2857115402413122, 52.09349892642394], [-1.2748516911263632, 52.09717985649204], [-1.2715101990909936, 52.09795478913795], [-1.265328438825561, 52.097470456234255], [-1.2558051865247597, 52.095726857780946], [-1.2487880532504843, 52.099117188106824], [-1.2499575754628633, 52.10047332023718], [-1.2517953960823167, 52.102023185529006], [-1.2569747087371388, 52.1061884485008], [-1.2648272150202562, 52.11074117779555], [-1.270173602276846, 52.113550308637], [-1.2768565863475843, 52.11703750554362], [-1.2815346751971006, 52.122655767226505], [-1.288551808471376, 52.12798342916717], [-1.2955689417456506, 52.13379542401154], [-1.2979079861704088, 52.137185754337416], [-1.2992445829845565, 52.137185754337416], [-1.3020848512146204, 52.13931681911368], [-1.3049251194446843, 52.14164161705143], [-1.30860076068359, 52.14435388131213], [-1.30860076068359, 52.14658181266914], [-1.3084336860818215, 52.146872412411355], [-1.3117751781171902, 52.14793794479949], [-1.3107727305065797, 52.14948781009132], [-1.3132788495331065, 52.15103767538315], [-1.3159520431614018, 52.152296940932764], [-1.3177898637808552, 52.1533624733209], [-1.3186252367896971, 52.15549353809716], [-1.3199618336038448, 52.156946536808256], [-1.3212984304179924, 52.1583026689386], [-1.324305773249824, 52.16091806661857], [-1.3286497128958041, 52.16547079591332], [-1.328315563692267, 52.165761395655544], [-1.33232535413471, 52.17234832314582], [-1.3144483717454856, 52.188137575806344], [-1.3005811797987041, 52.191818505874444], [-1.2812005259935644, 52.191915372455185], [-1.2812005259935644, 52.19579003568476], [-1.2549698135159169, 52.19782423388028], [-1.257308857940675, 52.20857642434236], [-1.2609844991795818, 52.216035151059295], [-1.2710089752856888, 52.21923174822369], [-1.2768565863475843, 52.2251406096488], [-1.2725126467016041, 52.22746540758654], [-1.2783602577635005, 52.228724673136156], [-1.2847090926307017, 52.238605064371576], [-1.2676674832503192, 52.2374426654027], [-1.254468589710612, 52.247613656380345], [-1.2347537867019343, 52.25042278722179], [-1.2314122946665655, 52.25458805019358], [-1.216375580507405, 52.26427470826752], [-1.2158743567020993, 52.26572770697861], [-1.2193829233392375, 52.2703773028541], [-1.2235597883834481, 52.28083889357396], [-1.2225573407728376, 52.28219502570431], [-1.2228914899763748, 52.283357424673184], [-1.2242280867905224, 52.28626342209537], [-1.2282378772329654, 52.28897568635607], [-1.2287391010382702, 52.28868508661385], [-1.2337513390913237, 52.29033181848642], [-1.2208865947551528, 52.305830471404725], [-1.2121987154631935, 52.31077066702244], [-1.215206058295026, 52.31697012818976], [-1.2426062929850517, 52.32171659064599], [-1.246449008825726, 52.32161972406525], [-1.2476185310381052, 52.32191032380747], [-1.2522966198876215, 52.32404138858374], [-1.264493065816719, 52.329078450782184], [-1.2624881705954971, 52.33411551298064], [-1.2529649182946958, 52.33886197543686], [-1.2491222024540214, 52.34060557389017], [-1.2436087405956622, 52.34196170602053], [-1.23959895015322, 52.34331783815088], [-1.2275695788258911, 52.34651443531528], [-1.2258988328082063, 52.34670816847676], [-1.2233927137816796, 52.34816116718785], [-1.2237268629852167, 52.34864550009155], [-1.2168768043127107, 52.34961416589894], [-1.2106950440472772, 52.349129832995246], [-1.200336418737634, 52.352520163321124], [-1.1984985981181806, 52.352713896482605], [-1.1966607774987281, 52.35300449622482], [-1.188307047410305, 52.3531982293863], [-1.1878058236050002, 52.35310136280556], [-1.184297256967862, 52.35368256229], [-1.1792850189148085, 52.354360628355174], [-1.1721008110387654, 52.36133502216841], [-1.2021742393570864, 52.39601325807312], [-1.224395161392291, 52.42303903409941], [-1.2416038453744411, 52.439796952567335], [-1.2935640465244296, 52.48425871312672], [-1.3077653876747473, 52.494526570685096], [-1.365239050683095, 52.51574035186703], [-1.4160297296207043, 52.53443560194974], [-1.417366326434852, 52.53608233382231], [-1.4270566533374218, 52.54063506311706], [-1.4593020514787325, 52.551968453063566], [-1.4599703498858068, 52.55158098674061], [-1.4830266449298524, 52.55865224713459], [-1.5027414479385302, 52.56446424197895], [-1.5227904001507442, 52.57056683656553], [-1.5229574747525128, 52.573569700568456], [-1.5266331159914186, 52.575313299021765], [-1.5262989667878815, 52.57928482883208], [-1.525296519177271, 52.57967229515504], [-1.5271343397967234, 52.5827720257387], [-1.532146577849777, 52.58441875761127], [-1.531645354044472, 52.58577488974162], [-1.53615636829222, 52.58800282109863], [-1.546180844398327, 52.590618218778594], [-1.556205320504434, 52.59410541568521], [-1.5580431411238873, 52.59613961388074], [-1.55453457448675, 52.614737997382704], [-1.5643919759910885, 52.61996879274263], [-1.564559050592857, 52.63120531610841], [-1.5710749600618268, 52.63401444694985], [-1.553365052274371, 52.640795107601605], [-1.5506918586460756, 52.64108570734383], [-1.5443430237788744, 52.64563843663858], [-1.5443430237788744, 52.64951309986815], [-1.542505203159421, 52.65358149625921], [-1.5528638284690652, 52.66849894969308], [-1.5663968712123095, 52.67760440828258], [-1.5769225711237222, 52.6783793409285], [-1.5896202408581246, 52.68729106635652], [-1.5862787488227559, 52.69445919333124], [-1.597472747141242, 52.70046492133709], [-1.5988093439553897, 52.698527589722296], [-1.6078313724508853, 52.69736519075342], [-1.6101704168756443, 52.698527589722296], [-1.6180229231587608, 52.69959312211043], [-1.6273791008577945, 52.69959312211043], [-1.6293839960790155, 52.700271188175606], [-1.6318901151055423, 52.700368054756346], [-1.636401129353291, 52.70240225295187], [-1.6380718753709749, 52.69988372185265], [-1.6409121436010388, 52.69968998869117], [-1.6526073657248306, 52.69959312211043], [-1.6539439625389782, 52.69881818946451], [-1.655614708556663, 52.69949625552969], [-1.657619603777884, 52.71499490844799], [-1.6566171561672736, 52.721775569099755], [-1.6648038116539272, 52.72400350045676], [-1.6754965861671085, 52.7268126312982], [-1.6968821351934702, 52.727200097621164], [-1.704567566874819, 52.73107476085074], [-1.6980516574058493, 52.736014956468445], [-1.6992211796182284, 52.73901782047137], [-1.69253819554749, 52.74482981531573], [-1.6955455383793225, 52.74705774667274], [-1.696547985989933, 52.75190107570971], [-1.6831820178484573, 52.76429999804436], [-1.6851869130696784, 52.76643106282062], [-1.6830149432466888, 52.76817466127393], [-1.6786710036007086, 52.771952457922765], [-1.6698160497069807, 52.77786131934787], [-1.66563918466277, 52.78512631290333], [-1.648430500680619, 52.7798955175434], [-1.6382389499727434, 52.7867730447759], [-1.6268778770524888, 52.77979865096266], [-1.6136789835127816, 52.78619184529146], [-1.60632770103497, 52.79074457458621], [-1.6041557312119794, 52.79122890748991], [-1.5968044487341677, 52.798009568141666], [-1.5936300313005676, 52.798009568141666], [-1.5927946582917247, 52.797428368657236], [-1.5891190170528189, 52.80043123266015], [-1.5892860916545875, 52.80139989846755], [-1.5909568376722723, 52.80246543085568], [-1.593462956698799, 52.809052358345966], [-1.610337491477412, 52.817092284547336], [-1.5976398217430106, 52.82842567449384], [-1.590288539265198, 52.828619407655324], [-1.5852763012121445, 52.83171913823898], [-1.5864458234245236, 52.831428538496766], [-1.5941312551058724, 52.8352063351456], [-1.5993105677606945, 52.83791859940631], [-1.608332596256191, 52.842858795024014], [-1.612676535902171, 52.844602393477324], [-1.617521699353456, 52.844796126638805], [-1.625541280238341, 52.84973632225651], [-1.6282144738666364, 52.85186738703278], [-1.6307205928931632, 52.852836052840175], [-1.6459243816540923, 52.8558389168431], [-1.6688136020963702, 52.860101046395634], [-1.6746612131582657, 52.86116657878377], [-1.6826807940431516, 52.862813310656335], [-1.6863564352820575, 52.86242584433338], [-1.6992211796182284, 52.86213524459116], [-1.700557776432376, 52.86058537929933], [-1.7022285224500608, 52.86232897775264], [-1.7015602240429866, 52.8622321111719], [-1.7120859239543993, 52.86591304124], [-1.716596938202147, 52.865428708336296], [-1.715427415989768, 52.86349137672151], [-1.7212750270516635, 52.86310391039855], [-1.7229457730693483, 52.86029477955711], [-1.7264543397064855, 52.86300704381782], [-1.7468374411222367, 52.86591304124], [-1.749510634750532, 52.86697857362813], [-1.7473386649275424, 52.868237839177745], [-1.7456679189098576, 52.86920650498514], [-1.7518496791752902, 52.87017517079253], [-1.751515529971753, 52.87424356718358], [-1.7647144235114611, 52.87860256331686], [-1.7754071980246415, 52.88170229390052], [-1.7802523614759274, 52.882380359965694], [-1.7825914059006855, 52.88383335867679], [-1.793618329617403, 52.88325215919235], [-1.8029745073164367, 52.88393022525753], [-1.8119965358119323, 52.881896027062], [-1.8220210119180402, 52.886061290033794], [-1.8226893103251136, 52.886255023195275], [-1.8280356975817043, 52.887029955841186], [-1.832212562625915, 52.888676687713755], [-1.8352199054577474, 52.89138895197446], [-1.8340503832453683, 52.89284195068555], [-1.8300405928029253, 52.89661974733439], [-1.8363894276701265, 52.902334875598015], [-1.836222353068358, 52.904175340632065], [-1.8398979943072638, 52.904950273277976], [-1.8410675165196428, 52.905047139858716], [-1.8489200228027602, 52.916671129547446], [-1.8499224704133708, 52.92103012568072], [-1.8557700814752671, 52.92267685755329], [-1.8556030068734986, 52.92722958684804], [-1.854600559262888, 52.92752018659026], [-1.8527627386434347, 52.92790765291322], [-1.8527627386434347, 52.92887631872061], [-1.854266410059351, 52.930135584270225], [-1.8520944402363613, 52.931879182723534], [-1.8500895450151393, 52.931007383496876], [-1.850590768820445, 52.9340102474998], [-1.8323796372276835, 52.94311570608931], [-1.835386980059516, 52.94243764002413], [-1.8297064435993882, 52.9467966361574], [-1.834551607050674, 52.95493342893951], [-1.8292052197940833, 52.957936292942435], [-1.8283698467852405, 52.97527541089479], [-1.815338027847302, 52.979440673866584], [-1.8031415819182044, 52.981378005481375], [-1.8046452533341206, 52.98457460264577], [-1.7987976422722252, 52.98631820109908], [-1.7982964184669195, 52.98554326845317], [-1.7959573740421613, 52.98641506767982], [-1.7899426883784972, 52.98893359877905], [-1.789274389971423, 52.99280826200862], [-1.7862670471395914, 52.99242079568567], [-1.7710632583786623, 52.995811126011546], [-1.76270952829024, 53.00055758846778], [-1.7662180949273774, 53.00695078279658], [-1.7620412298831658, 53.01518444215942], [-1.7593680362548705, 53.01460324267499], [-1.7637119759008506, 53.02138390332675], [-1.7571960664318809, 53.028842630043684], [-1.7600363346619448, 53.038916754440585], [-1.7660510203256088, 53.04114468579759], [-1.7682229901485984, 53.04405068321977], [-1.774404750414031, 53.043469483735336], [-1.7789157646617797, 53.04482561586568], [-1.7834267789095275, 53.05063761071005], [-1.7837609281130646, 53.054996606843325], [-1.7819231074936113, 53.05538407316628], [-1.782424331298917, 53.05577153948924], [-1.7891073153696553, 53.074757389314165], [-1.7901097629802658, 53.0753385887986], [-1.7886060915643496, 53.079213252028175], [-1.7886060915643496, 53.080859983900744], [-1.7911122105908763, 53.08502524687254], [-1.7907780613873392, 53.08580017951846], [-1.783593853511296, 53.092774573331695], [-1.7829255551042227, 53.09335577281613], [-1.7854316741307494, 53.0950025046887], [-1.783593853511296, 53.10168629875972], [-1.7882719423608124, 53.10585156173151], [-1.7860999725378228, 53.10682022753891], [-1.7881048677590439, 53.10924189205739], [-1.7897756137767287, 53.10953249179961], [-1.7977951946616146, 53.11408522109436], [-1.8086550437765636, 53.12367501258757], [-1.8096574913871741, 53.1237718791683], [-1.810492864396017, 53.12629041026753], [-1.8093233421836379, 53.126968476332706], [-1.8103257897942484, 53.12803400872084], [-1.812497759617238, 53.130261940077844], [-1.8141685056349228, 53.13190867195041], [-1.8138343564313857, 53.13268360459633], [-1.8210185643074288, 53.137623800214044], [-1.8218539373162717, 53.1375269336333], [-1.8218539373162717, 53.13965799840957], [-1.8211856389091974, 53.140336064474745], [-1.8211856389091974, 53.14140159686288], [-1.81767707227206, 53.1444044608658], [-1.8168416992632181, 53.146535525642065], [-1.8161734008561439, 53.14769792461094], [-1.8170087738649858, 53.14924778990277], [-1.8166746246614496, 53.150022722548684], [-1.8119965358119323, 53.15273498680939], [-1.812497759617238, 53.15438171868196], [-1.8150038786437648, 53.15622218371601], [-1.815672177050839, 53.157384582684884], [-1.8181782960773658, 53.15980624720336], [-1.8198490420950497, 53.16077491301076], [-1.8248612801481032, 53.16484330940182], [-1.8263649515640195, 53.16532764230551], [-1.8290381451923148, 53.1667806410166], [-1.8342174578471369, 53.173561301668364], [-1.839396770501959, 53.176370432509806], [-1.8469151275815392, 53.179857629416425], [-1.847416351386844, 53.17947016309346], [-1.8629542893513102, 53.18847875510223], [-1.8718092432450382, 53.19293461781624], [-1.8738141384662592, 53.19390328362364], [-1.876320257492786, 53.19496881601177], [-1.8804971225369975, 53.19632494814212], [-1.8940301652802418, 53.199618411887265], [-1.9008802239527487, 53.19981214504874], [-1.9038875667845812, 53.19855287949913], [-1.9073961334217184, 53.19894034582209], [-1.9134108190853825, 53.201458876921315], [-1.9180889079348988, 53.20349307511684], [-1.9249389666074057, 53.20552727331237], [-1.928447533244543, 53.20668967228124], [-1.939307382359492, 53.212114200802645], [-1.9506684552797466, 53.21192046764117], [-1.9566831409434116, 53.213760932675214], [-1.9623636774035385, 53.2262567215906], [-1.9762308693503199, 53.21879799487367], [-1.9807418835980686, 53.21637633035518], [-1.9812431074033734, 53.215795130870745], [-1.9835821518281316, 53.21502019822483], [-1.987424867668806, 53.21356719951374], [-1.989429762890028, 53.21811992880849], [-1.9840833756334373, 53.22586925526765], [-1.982245555013984, 53.2262567215906], [-1.9784028391733095, 53.22712852081725], [-1.9760637947485513, 53.227515987140215], [-1.9819114058104477, 53.23855877734451], [-1.9992871643943664, 53.2464049703844], [-2.001793283420893, 53.24853603516067], [-2.000289612004977, 53.255413562393166], [-2.009478715102242, 53.260644357753094], [-2.0061372230668724, 53.271396548215165], [-2.006638446872178, 53.271590281376646], [-2.008643342093399, 53.304524918828044], [-2.0016262088191246, 53.318958039358215], [-2.0081421182880943, 53.32234836968409], [-2.009979938907547, 53.324479434460365], [-2.011483610323463, 53.32593243317145], [-2.014323878553527, 53.34007495395941], [-2.004633551650957, 53.345983815384514], [-2.006638446872178, 53.35169894364814], [-2.011817759527, 53.3616762014643], [-2.0260191006773187, 53.36371039965982], [-2.030363040323298, 53.370103593988624], [-2.028692294305614, 53.3707816600538], [-2.021006862624265, 53.37756232070556], [-2.018667818199507, 53.380177718385525], [-2.015159251562369, 53.38056518470848], [-2.004633551650957, 53.386280312972104], [-2.005134775456262, 53.39054244252464], [-1.997449343774913, 53.40352256434372], [-1.992270031120091, 53.41514655403245], [-2.005134775456262, 53.41504968745171], [-2.0136555801464526, 53.4165026861628], [-2.015159251562369, 53.41659955274354], [-2.0236800562525605, 53.420571082553856], [-2.0196702658101175, 53.42512381184861], [-2.0256849514737816, 53.43006400746632], [-2.0136555801464526, 53.439847532121], [-2.008309192889863, 53.43606973547216], [-2.0064713722704095, 53.44042873160544], [-1.9947761501466177, 53.44691879251498], [-1.9931054041289338, 53.45234332103638], [-1.989429762890028, 53.453990052908956], [-1.9880931660758803, 53.46057698039923], [-1.9805748089963, 53.4631923780792], [-1.9840833756334373, 53.46609837550138], [-1.9875919422705746, 53.469585572408], [-1.9892626882882594, 53.475397567252365], [-1.984584599438743, 53.483243760292254], [-1.974560123332636, 53.487893356167746], [-1.972221078907877, 53.49283355178546], [-1.971385705899035, 53.50455440805493], [-1.9668746916512871, 53.50736353889637], [-1.9595234091734746, 53.505910540185276], [-1.951336753686821, 53.50416694173197], [-1.942481799793093, 53.50658860625045], [-1.9354646665188184, 53.505813673604536], [-1.9219316237755733, 53.50997893657633], [-1.9167523111207512, 53.51453166587108], [-1.9267767872268582, 53.520924860199884], [-1.922432847580879, 53.530805251435304], [-1.9088998048376347, 53.53874831105594], [-1.898374104926222, 53.53777964524854], [-1.8870130320059673, 53.53584231363376], [-1.873479989262723, 53.54039504292851], [-1.863455513156616, 53.5349705144071], [-1.8470822021833078, 53.5253807229139], [-1.8352199054577474, 53.52063426045767], [-1.8272003245728614, 53.52354025787985], [-1.822188086519808, 53.521118593361365], [-1.8208514897056602, 53.518503195681404], [-1.8136672818296171, 53.512110001352596], [-1.8078196707677217, 53.50610427334676], [-1.7967927470510041, 53.503004542763094], [-1.7957902994403927, 53.499517345856475], [-1.7952890756350879, 53.49670821501503], [-1.7957902994403927, 53.49428655049655], [-1.7979622692633832, 53.493414751269896], [-1.7998000898828357, 53.49302728494693], [-1.8003013136881414, 53.48808708932923], [-1.8018049851040576, 53.4865372240374], [-1.7982964184669195, 53.4786910309975], [-1.7967927470510041, 53.478884764158984], [-1.7942866280244774, 53.477238032286415], [-1.7911122105908763, 53.47578503357532], [-1.7907780613873392, 53.47568816699458], [-1.7857658233342857, 53.47568816699458], [-1.7779133170511683, 53.47249156983018], [-1.7780803916529369, 53.47045737163465], [-1.7762425710334844, 53.46832630685839], [-1.7698937361662832, 53.46571090917842], [-1.768390064750367, 53.46474224337103], [-1.7581985140424914, 53.463870444144376], [-1.7556923950159646, 53.46396731072511], [-1.7536874997947436, 53.46483910995177], [-1.7478398887328472, 53.46406417730585], [-1.7453337697063205, 53.462029979110326], [-1.7470045157240053, 53.45796158271927], [-1.7471715903257738, 53.45428065265117], [-1.74433132209571, 53.44846865780681], [-1.7438300982904051, 53.44643445961128], [-1.745500844308089, 53.44265666296244], [-1.7471715903257738, 53.44100993108987], [-1.7496777093523006, 53.43907259947508], [-1.74433132209571, 53.431323273015934], [-1.744665471299247, 53.42880474191671], [-1.7449996205027842, 53.42531754501009], [-1.7299629063436237, 53.416018353259105], [-1.7232799222728854, 53.41892435068129], [-1.7167640128039157, 53.41931181700424], [-1.7038992684677448, 53.41495282087097], [-1.7038992684677448, 53.41262802293323], [-1.7030638954589028, 53.410690691318436], [-1.7038992684677448, 53.40584736228146], [-1.694543090768712, 53.40119776640598], [-1.6818454210343097, 53.401778965890415], [-1.6681453036892968, 53.39306097362387], [-1.6589562005920317, 53.39344843994682], [-1.6547793355478202, 53.39306097362387], [-1.653609813335441, 53.38482731426102], [-1.6559488577601993, 53.38172758367735], [-1.662130618025632, 53.37523752276781], [-1.6626318418309376, 53.37320332457229], [-1.6639684386450853, 53.36690699682423], [-1.6305535182913946, 53.35615480636215], [-1.628381548468405, 53.3538300084244], [-1.5906226884687351, 53.34588694880377], [-1.6121753120968654, 53.34162481925124], [-1.6168534009463817, 53.33639402389131], [-1.6220327136012038, 53.33368175963061], [-1.626376653247184, 53.3292258969166], [-1.6278803246631002, 53.32583556659071], [-1.6327254881143851, 53.320798504392265], [-1.625541280238341, 53.316439508258995], [-1.609167969265033, 53.322638969426315], [-1.6038215820084432, 53.319151772519696], [-1.6006471645748421, 53.31692384116269], [-1.599143493158926, 53.314599043224945], [-1.5904556138669665, 53.31827997329304], [-1.5849421520086082, 53.32157343703818], [-1.5812665107697015, 53.316439508258995], [-1.570573736256521, 53.314405310063464], [-1.5660627220087733, 53.31353351083681], [-1.561384633159256, 53.31585830877455], [-1.558544364929193, 53.31372724399829], [-1.5557040966991291, 53.31159617922202], [-1.5590455887344978, 53.30975571418797], [-1.559713887141572, 53.308205848896144], [-1.5578760665221187, 53.30578418437766], [-1.5583772903274244, 53.30529985147396], [-1.5535321268761386, 53.3058810509584], [-1.5468491428054012, 53.30665598360431], [-1.5410015317435048, 53.304912385151], [-1.5391637111240524, 53.304524918828044], [-1.5368246666992942, 53.30510611831248], [-1.5349868460798408, 53.30568731779692], [-1.533316100062157, 53.306462250442834], [-1.5331490254603883, 53.30762464941171], [-1.5328148762568512, 53.30849644863836], [-1.5319795032480092, 53.30985258076871], [-1.5311441302391664, 53.31062751341463], [-1.5309770556373978, 53.31043378025315], [-1.5299746080267873, 53.31043378025315], [-1.5294733842214825, 53.310918113156845], [-1.5286380112126396, 53.310918113156845], [-1.526131892186113, 53.31043378025315], [-1.5257977429825758, 53.31208051212572], [-1.521620877938365, 53.31169304580276], [-1.5161074160800059, 53.312564845029414], [-1.515272043071164, 53.31382411057903], [-1.510426879619879, 53.31605204193603], [-1.4930511210359594, 53.31673010800121], [-1.4846973909475372, 53.31876430619674], [-1.4696606767883766, 53.317214440904905], [-1.463144767319407, 53.31982983858487], [-1.4599703498858068, 53.32012043832709], [-1.4598032752840382, 53.31973297200413], [-1.4572971562575114, 53.32176717019966], [-1.4579654546645848, 53.32641676607515], [-1.4616410959034907, 53.32845096427068], [-1.4566288578504372, 53.32941963007807], [-1.4539556642221418, 53.330678895627685], [-1.4430958151071929, 53.33726582311797], [-1.4409238452842033, 53.33639402389131], [-1.4335725628063916, 53.33765328944092], [-1.4235480867002845, 53.33590969098761], [-1.4230468628949788, 53.33532849150318], [-1.4222114898861369, 53.33503789176096], [-1.414526058204788, 53.3383313555061], [-1.4125211629835661, 53.338815688409795], [-1.4086784471428917, 53.3420122855742], [-1.4075089249305126, 53.34007495395941], [-1.3894648679395205, 53.33600655756835], [-1.3889636441342148, 53.336200290729835], [-1.38729289811653, 53.33406922595356], [-1.3887965695324462, 53.33319742672691], [-1.3911356139572044, 53.3282572311092], [-1.3877941219218357, 53.31837683987378], [-1.3867916743112252, 53.318086240131564], [-1.3842855552846984, 53.31760190722787], [-1.3806099140457926, 53.317020707743424], [-1.3781037950192658, 53.317117574324165], [-1.371587885550296, 53.31605204193603], [-1.3642366030724844, 53.31518024270938], [-1.3625658570547996, 53.31508337612864], [-1.3629000062583367, 53.31760190722787], [-1.3617304840459576, 53.31847370645452], [-1.3473620682938705, 53.31857057303526], [-1.3408461588249008, 53.317020707743424], [-1.3416815318337436, 53.31605204193603], [-1.3376717413913006, 53.31585830877455], [-1.3365022191789215, 53.31663324142047], [-1.33232535413471, 53.32205776994188], [-1.3328265779400157, 53.32292956916853], [-1.3281484890904984, 53.32728856530181], [-1.328315563692267, 53.328935297174375], [-1.3239716240462878, 53.32728856530181], [-1.3216325796215287, 53.32564183342924], [-1.31829108758616, 53.32602929975219], [-1.3149495955507913, 53.32651363265589], [-1.3129447003295693, 53.32932276349733], [-1.311441028913654, 53.33029142930473], [-1.3104385813030426, 53.3319381611773], [-1.302251925816389, 53.332519360661735], [-1.2947335687368087, 53.32951649665881], [-1.2932298973208924, 53.328935297174375], [-1.2932298973208924, 53.32864469743215], [-1.2912250020996714, 53.327966631366984], [-1.2938981957279658, 53.322735836007055], [-1.2957360163474192, 53.31973297200413], [-1.2937311211261981, 53.31401784374051], [-1.2820358990024063, 53.30946511444576], [-1.2735150943122155, 53.31043378025315], [-1.264158916613182, 53.3053967180547], [-1.2581442309495179, 53.30345938643991], [-1.2543015151088435, 53.3017157879866], [-1.2509600230734748, 53.30190952114808], [-1.246114859622189, 53.30239385405178], [-1.2416038453744411, 53.30249072063252], [-1.237259905728461, 53.30607478411987], [-1.230409847055955, 53.3085933152191], [-1.2187146249321632, 53.30404058592435], [-1.2098596710384353, 53.30529985147396], [-1.2056828059942237, 53.30433118566656], [-1.2021742393570864, 53.30607478411987], [-1.2030096123659293, 53.307237183088745], [-1.197162001304033, 53.314695909805685], [-1.191481464843906, 53.318958039358215], [-1.1744398554635236, 53.3213797038767], [-1.1719337364369968, 53.32283270258779], [-1.1724349602423025, 53.32651363265589], [-1.171432512631692, 53.32651363265589], [-1.1639141555521118, 53.32932276349733], [-1.145368874755813, 53.340753020024586], [-1.1408578605080653, 53.34094675318606], [-1.139354189092149, 53.3447245498349], [-1.1403566367027596, 53.34656501486895], [-1.148209142985877, 53.345208882738596], [-1.1495457398000246, 53.34530574931934], [-1.1580665444902154, 53.34772741383782], [-1.1617421857291212, 53.35092401100222], [-1.1615751111273527, 53.35567047345845], [-1.162577558737964, 53.356736005846585], [-1.1517177096230142, 53.35450807448958], [-1.138518816083307, 53.355864206619934], [-1.1452018001540445, 53.36341979991761], [-1.1457030239593502, 53.366616397082005], [-1.1428627557292863, 53.3712659929575], [-1.1299980113931154, 53.37756232070556], [-1.1346761002426327, 53.38976750987872], [-1.1331724288267164, 53.39238290755869], [-1.1228138035170723, 53.398291768983796], [-1.1156295956410291, 53.39722623659566], [-1.1159637448445663, 53.4073972275733], [-1.1082783131632175, 53.40584736228146], [-1.0987550608624153, 53.418730617519806], [-1.0870598387386243, 53.42551127817157], [-1.081212227676728, 53.42260528074939], [-1.080376854667886, 53.42686741030192], [-1.0746963182077582, 53.42735174320562], [-1.0680133341370208, 53.42735174320562], [-1.0569864104203024, 53.42531754501009], [-1.0309227725444243, 53.43093580669297], [-1.0305886233408872, 53.42522067842935], [-1.0143823869693476, 53.42628621081748], [-1.0098713727215998, 53.43287313830776], [-1.003021314049093, 53.43471360334181], [-1.0003481204207976, 53.43500420308403], [-0.9936651363500602, 53.45292452052082], [-0.9854784808634056, 53.46135191304515], [-0.9859797046687113, 53.471716637184265], [-0.953233082722095, 53.48440615926113], [-0.9355231749346391, 53.5025202098594], [-0.9004375085632645, 53.475203834090884], [-0.92031938617371, 53.465517176016945], [-0.916309595731267, 53.46028638065702], [-0.8864032420147145, 53.46212684569107], [-0.8737055722803122, 53.46144877962589], [-0.8718677516608588, 53.466292108662856], [-0.818403879094955, 53.4595114480111], [-0.7981878522809724, 53.45524931845856], [-0.785156033343033, 53.461933112529586], [-0.7836523619271167, 53.46435477704807], [-0.7849889587412644, 53.473653968799056], [-0.7826499143165062, 53.477238032286415], [-0.7726254382103992, 53.478109831513066], [-0.7709546921927144, 53.48295316055004], [-0.7749644826351574, 53.488765155394404], [-0.7677802747591143, 53.49428655049655], [-0.7659424541396609, 53.49990481217944], [-0.7510728145822689, 53.50058287824461], [-0.7420507860867724, 53.510366402899294], [-0.7385422194496352, 53.51985932781175], [-0.7016187324588072, 53.51414419954813], [-0.6910930325473954, 53.51617839774366], [-0.6757221691846977, 53.51249746767556], [-0.658346410600779, 53.51385359980591], [-0.6244302664417827, 53.512884933998514], [-0.6282729822824571, 53.506782339411934], [-0.6257668632559312, 53.49554581604616], [-0.6341205933443526, 53.485374825068526], [-0.6324498473266686, 53.4801440297086], [-0.6344547425478897, 53.47307276931462], [-0.6266022362647732, 53.462029979110326], [-0.613403342725066, 53.45699291691187], [-0.5844994366191241, 53.45689605033114], [-0.5517528146725077, 53.4595114480111], [-0.5126573578586893, 53.46774510737395], [-0.47172408042541925, 53.47491323434867], [-0.4815814819297568, 53.47840043125529], [-0.48859861520403314, 53.485084225326304], [-0.48074610892091485, 53.49622388211134], [-0.48509004856689586, 53.50358574224753], [-0.4759009454696308, 53.50901027076894], [-0.4523434266202795, 53.50871967102672], [-0.4376408616646543, 53.51085073580299], [-0.4175919094524403, 53.514725399032564], [-0.4050613143198074, 53.517631396454746], [-0.40806865715163987, 53.53206451698492], [-0.4219358490984213, 53.534486181503404], [-0.4337981458239799, 53.54581957144991], [-0.4541812472397311, 53.54301044060847], [-0.46337035033699614, 53.540879375832205], [-0.4814144073279891, 53.53826397815224], [-0.5012962849384355, 53.53748904550633], [-0.4909376596287913, 53.54591643803065], [-0.473060677239566, 53.548822435452834], [-0.4665447677705963, 53.55540936294312], [-0.4657093947617543, 53.55599056242755], [-0.4523434266202795, 53.55947775933417], [-0.4394786822841077, 53.57032681637698], [-0.42895298237269586, 53.57449207934878], [-0.4195968046736631, 53.56373988888671], [-0.3883538541429612, 53.559768359076386], [-0.36279144007238884, 53.55860596010751], [-0.3562755306034191, 53.556087429008294], [-0.33589242918766793, 53.55860596010751], [-0.3235289086568027, 53.57604194464061], [-0.317012999187833, 53.58272573871163], [-0.3034799564445887, 53.590765664913], [-0.30080676281629337, 53.59551212736923], [-0.306153150072884, 53.60742671680018], [-0.3044824040552001, 53.61488544351711], [-0.2904481375066492, 53.61062331396458], [-0.2545270981264327, 53.59250926336631], [-0.25135268069283256, 53.584663070326414], [-0.247175815648621, 53.586794135102686], [-0.2433330998079466, 53.58572860271455], [-0.24082698078141895, 53.586600401941205], [-0.2348122951177558, 53.584663070326414], [-0.2326403252947653, 53.582241405807935], [-0.2292988332593957, 53.57739807677096], [-0.2226158491886583, 53.56800201843924], [-0.2039034937905928, 53.57129548218438], [-0.19521561449863256, 53.5715860819266], [-0.18753018281728373, 53.56364302230597], [-0.19237534626856956, 53.55996209223787], [-0.21676823812676282, 53.53603604679523], [-0.21259137308255127, 53.52818985375534], [-0.21325967148962555, 53.52528385633316], [-0.20407056839236049, 53.51172253502964], [-0.20757913502949776, 53.50290767618235], [-0.20524009060473958, 53.49699881475725], [-0.21058647786133022, 53.48624662429518], [-0.18853263042789514, 53.48295316055004], [-0.18251794476423022, 53.476172499898276], [-0.1820167209589254, 53.46929497266578], [-0.18184964635715595, 53.4686169066006], [-0.16881782741921647, 53.46745450763173], [-0.15946164972018373, 53.468035707116165], [-0.15645430688835127, 53.457477249815575], [-0.14860180060523476, 53.44682192593424], [-0.1444249355610232, 53.44091306450913], [-0.1342333848531485, 53.44071933134765], [-0.13189434042839032, 53.435972868891426], [-0.12070034210990421, 53.435682269149204], [-0.11201246281794397, 53.43791020050621], [-0.09179643600396226, 53.44701565909572], [-0.08979154078273943, 53.44711252567645], [-0.08578175034029734, 53.455539918200785], [-0.10783559777373242, 53.469876172150215], [-0.08979154078273943, 53.47772236519011], [-0.09413548042872044, 53.48130642867747], [-0.08193903449962292, 53.487796489587005], [-0.0752560504288855, 53.48934635487884], [-0.06757061874753667, 53.51598466458218], [-0.04986071096008082, 53.519471861488796], [-0.03966916025220435, 53.513078667159995], [-0.03799841423452044, 53.513950466386646], [-0.019620208039990317, 53.5180188627777], [-0.007423762110894572, 53.51675959722809], [0.011956891694246963, 53.52208725916876], [0.017637428154374746, 53.525477589494635], [0.033509515322377226, 53.5221841257495], [0.0403595739948841, 53.524702656848724], [0.053892616738128396, 53.51976246123101], [0.0724378975344262, 53.51792199619696], [0.07962210541046844, 53.51346613348295], [0.08513556726882854, 53.49922674611426], [0.09415759576432414, 53.49399595075433], [0.10852601151641217, 53.498645546629824], [0.10852601151641217, 53.50513560753936], [0.1292432621356987, 53.499323612694994], [0.12439809868441465, 53.49632074869208], [0.13993603664888, 53.48450302584187], [0.14795561753376596, 53.49225235230102], [0.16750334594067517, 53.47675369938271], [0.16633382372829608, 53.473363369056834], [0.175188777622024, 53.45602425110448], [0.17936564266623378, 53.44343159560836], [0.18888889496703598, 53.44081619792839], [0.1944023568253943, 53.431226406435194], [0.21311471222346157, 53.41659955274354], [0.2134488614269987, 53.41175622370657], [0.2281514263826221, 53.40642856176591], [0.234166112046287, 53.39741996975714], [0.2365051564710452, 53.386570912714326], [0.27058837523180834, 53.33484415859948], [0.2737627926654085, 53.332519360661735], [0.28913365602810615, 53.305590451216176], [0.30818016062971054, 53.28602340190682], [0.31954123354996433, 53.271590281376646], [0.34009140956748496, 53.23332798198458], [0.34025848416925264, 53.22102592623067], [0.354961049124876, 53.19177221884737], [0.3554622729301826, 53.185960224003004], [0.3489463634612129, 53.14915092332203], [0.3494475872665177, 53.137623800214044], [0.34694146823999006, 53.124062478910524], [0.34811099045236915, 53.10904815889592], [0.3399243349657155, 53.10362363037451], [0.3359145445232734, 53.08957797616729], [0.31937415894819665, 53.09170904094356], [0.2774384339043152, 53.07039839318089], [0.268750554612355, 53.062842799883214], [0.23750760408165483, 53.045309948769386], [0.229822172400306, 53.04414754980051], [0.2162891296570617, 53.036979422825794], [0.19824507266606872, 53.0323298269503], [0.15798009363987298, 53.010050513380236], [0.1359262462064379, 52.99464872704267], [0.13174938116222634, 52.993970660977496], [0.1073564893040313, 52.966944884951204], [0.0983344608085357, 52.96578248598233], [0.09332222275548219, 52.95648329423135], [0.08346482125114285, 52.94844336802997], [0.07694891178217489, 52.93710997808346], [0.07811843399455398, 52.933622781176844], [0.06542076426015164, 52.92412985626438], [0.05172064691513789, 52.91715546245114], [0.02966679948170281, 52.89894454527214], [0.034846112136524, 52.896910347076606], [0.04888037868507489, 52.902141142436534], [0.05372554213635894, 52.90194740927505], [0.07210374833088906, 52.90543460618167], [0.08931243231304009, 52.895941681269214], [0.09950398302091479, 52.89448868255812], [0.10184302744567297, 52.88383335867679], [0.10902723532171699, 52.883349025773086], [0.11203457815354945, 52.88325215919235], [0.11754804001190777, 52.89264821752407], [0.12941033673746816, 52.88983908668263], [0.14695316992315455, 52.88208976022348], [0.16048621266639884, 52.88005556202795], [0.1763582998344031, 52.87404983402211], [0.18120346328568715, 52.86126344536451], [0.19256453620594272, 52.85254545309796], [0.206097578949187, 52.83375333643451], [0.21545375664821975, 52.8261008765561], [0.2055963551438822, 52.7867730447759], [0.19573895363954286, 52.76778719495098], [0.17117898717958013, 52.73824288782545], [0.1701765395689705, 52.739889619698026], [0.15246663178151465, 52.73814602124472], [0.13291890337460543, 52.73930842021359], [0.11103213054293803, 52.729815495301125], [0.09883568461384051, 52.73029982820482], [0.08897828310950295, 52.723616034133805], [0.06391709284423541, 52.72739383078264], [0.048045005676231156, 52.71877270509683], [0.04420228983555852, 52.71441370896356], [0.04503766284440047, 52.691940662232014], [0.048045005676231156, 52.6810916051892], [0.02148014399504916, 52.66491488620572], [-0.03131543016378302, 52.66152455587984], [-0.040337458659278624, 52.66714281756273], [-0.0595510378626507, 52.6746984108604], [-0.07458775202181123, 52.67208301318043], [-0.0904598391898137, 52.66665848465903], [-0.10215506131360463, 52.672179879761174], [-0.11301491042855538, 52.66801461678938], [-0.1410834435256536, 52.65154729806368], [-0.18001182573770436, 52.660555890072445], [-0.19037045104734673, 52.652515963871075], [-0.19655221131277933, 52.655518827874], [-0.20607546361358153, 52.66811148337012], [-0.2181048349409096, 52.667045950981986], [-0.2388220855601979, 52.660555890072445], [-0.2612100821971701, 52.65145043148294], [-0.2894456898960396, 52.670339414727124], [-0.32052156582497027, 52.675085877183356], [-0.33622657839120507, 52.674117211375965], [-0.33622657839120507, 52.668595816273815], [-0.3567767544087239, 52.65997469058801], [-0.36379388768300025, 52.66026529033023], [-0.393199017594247, 52.6540658291629], [-0.4057296127268817, 52.648060101157064], [-0.4207663268860422, 52.64689770218819], [-0.432127399806296, 52.64825383431854], [-0.45267757582381485, 52.654259562324384], [-0.4590264106910169, 52.65019116593333], [-0.4759009454696308, 52.64873816722224], [-0.4939450024606238, 52.64011704153643], [-0.48809739139872654, 52.63246458165802], [-0.47673631847847275, 52.63052725004323], [-0.4708887074165773, 52.62374658939147], [-0.4737289756466403, 52.61444739764049], [-0.47957658670853576, 52.61444739764049], [-0.481080258124452, 52.60282340795176], [-0.4854241977704312, 52.60214534188658], [-0.49143888343409614, 52.5901338858749], [-0.49762064369952874, 52.586840422129754], [-0.4787412136996938, 52.573666567149196], [-0.42511026653202144, 52.58238455941574], [-0.41541993962945156, 52.57870362934764], [-0.4157540888329887, 52.57008250366184], [-0.4074003587445656, 52.56582037410931], [-0.4195968046736631, 52.5589428468768], [-0.41541993962945156, 52.55158098674061], [-0.40322349370035404, 52.54896558906064], [-0.401218598479133, 52.53869773150227], [-0.4135821190099982, 52.52571760968319], [-0.40873695555871237, 52.52252101251879], [-0.39085997316948884, 52.518743215869954], [-0.3779952288333188, 52.51070328966858], [-0.3557743067981143, 52.50595682721235], [-0.35944994803701924, 52.490167574551826], [-0.3500937703379865, 52.48251511467341], [-0.34825594971853313, 52.47127859130764], [-0.34224126405487, 52.46914752653137], [-0.3634597384794631, 52.450646009610146], [-0.37030979715197, 52.43689095514515], [-0.3624572908688517, 52.43350062481927], [-0.3794989002492333, 52.427979229717124], [-0.40088444927559586, 52.41548344080174], [-0.4170906856471355, 52.41160877757216], [-0.4202651030807356, 52.40502185008188], [-0.4319603252045283, 52.396400724396074], [-0.4369725632575818, 52.38816706503323], [-0.4461616663548451, 52.383226869415516], [-0.4847558993633587, 52.38167700412369], [-0.48859861520403314, 52.37402454424527], [-0.4999596881242869, 52.365209685397986], [-0.49862309131014015, 52.3600757566188], [-0.47740461688554703, 52.34845176693007], [-0.4832522279474425, 52.340896173632395], [-0.4677142899829754, 52.33847450911391], [-0.4653752455582172, 52.322975856195605], [-0.47623509467316794, 52.31803566057789], [-0.4870949437881169, 52.321038524580814], [-0.5066426721950243, 52.31987612561194], [-0.5168342229029008, 52.312998598379444], [-0.5405588163540216, 52.291494217455295], [-0.5340429068850518, 52.28132322647765], [-0.5325392354691356, 52.27250836763037], [-0.5393892941416425, 52.26611517330157], [-0.5428978607787798, 52.25594418232393], [-0.5547601575043384, 52.258172113680935], [-0.5656200066192891, 52.25342565122471], [-0.5863372572385757, 52.27279896737259], [-0.6028776428136524, 52.27870782879769], [-0.6399682044062498, 52.27241150104963], [-0.6536683217512618, 52.268246238077836], [-0.6428084726363128, 52.23327740243091], [-0.6372950107779545, 52.22727167442507], [-0.6486560836982083, 52.22087848009627], [-0.6615208280343792, 52.208092091438665], [-0.6687050359104223, 52.19772736729955], [-0.6845771230784257, 52.196371235169195], [-0.7016187324588072, 52.19327150458553], [-0.7189944910427268, 52.18251931412346], [-0.7291860417506015, 52.17951645012054], [-0.7346995036089607, 52.17351072211469], [-0.7627680367060607, 52.164986463009626], [-0.7652741557325875, 52.171089057596205], [-0.7779718254669898, 52.16876425965846], [-0.780310869891748, 52.16333973113706], [-0.7921731666173075, 52.151328275125366], [-0.7996915236968887, 52.157043403389], [-0.8075440299800052, 52.156946536808256], [-0.80921477599769, 52.148519144283924], [-0.8165660584755017, 52.14348208208548], [-0.8319369218381993, 52.14367581524696], [-0.8282612805992935, 52.132633025042665], [-0.85131757564334, 52.12933956129752], [-0.8690274834307958, 52.130598826847134], [-0.8797202579439762, 52.12420563251833], [-0.8815580785634296, 52.119071703739145], [-0.8837300483864192, 52.11655317263992], [-0.8738726468820808, 52.11229104308739], [-0.8690274834307958, 52.10802891353485], [-0.8683591850237216, 52.10425111688602], [-0.8680250358201844, 52.101054519721615], [-0.8466394867938227, 52.09146472822842], [-0.8437992185637597, 52.084877800738134], [-0.835278413873568, 52.07984073853969], [-0.8327722948470413, 52.06928228123909], [-0.8394552789177796, 52.06385775271768], [-0.857332261307004, 52.06405148587916], [-0.8603396041388356, 52.0545585609667], [-0.8528212470592553, 52.050005831671946], [-0.8595042311299936, 52.04458130315054], [-0.8676908866166482, 52.046228035023105], [-0.8775482881209866, 52.029954449458884], [-0.8872386150235565, 52.030148182620366], [-0.898265538740274, 52.027435918359664], [-0.9059509704216229, 52.021236457192344], [-0.9301767876780485, 52.04312830443945], [-0.9301767876780485, 52.04864969954159], [-0.9420390844036088, 52.06657001697838], [-0.9450464272354404, 52.076837874536764], [-0.9518964859079473, 52.081487470412256], [-0.9595819175892961, 52.07925953905525], [-0.9677685730759498, 52.07092901311166], [-0.9843089586510265, 52.069669747562045], [-1.0005151950225661, 52.07247887840349], [-1.0023530156420195, 52.07276947814571], [-1.0058615822791568, 52.073447544210886], [-1.0065298806862302, 52.071413346015355], [-1.0135470139605056, 52.07286634472645], [-1.0200629234294754, 52.073253811049405], [-1.023070266261307, 52.074900542921974], [-1.0287508027214347, 52.074997409502714], [-1.042283845464679, 52.0737381439531], [-1.0317581455532663, 52.07112274627314], [-1.0295861757302767, 52.07015408046574], [-1.0260776090931394, 52.06569821775173], [-1.0277483551108242, 52.06376088613694], [-1.033094742367414, 52.063567152975466], [-1.0401118756416894, 52.06589195091321], [-1.0518070977654812, 52.06075802213402], [-1.0578217834291452, 52.06104862187624], [-1.0706865277653161, 52.059595623165144], [-1.0788731832519698, 52.0572708252274], [-1.0810451530749594, 52.05446169438596], [-1.0853890927209395, 52.05223376302895], [-1.0888976593580768, 52.05233062960969], [-1.092406225995214, 52.05116823064082], [-1.0949123450217408, 52.051652563544515], [-1.09608186723412, 52.0513619638023], [-1.0982538370571104, 52.049812098510465], [-1.0989221354641838, 52.04864969954159], [-1.1029319259066268, 52.048068500057155], [-1.1109515067915128, 52.048165366637896], [-1.1136247004198072, 52.048068500057155], [-1.1196393860834721, 52.04651863476533], [-1.1221455051099989, 52.0449687694735], [-1.1251528479418305, 52.04060977334022], [-1.1271577431630524, 52.03799437566026], [-1.1299980113931154, 52.033538512946244], [-1.1318358320125688, 52.031988647654416], [-1.1336736526320221, 52.026564119133006], [-1.1355114732514746, 52.02423932119526], [-1.1358456224550117, 52.02288318906491], [-1.1363468462603166, 52.02298005564565], [-1.1366809954638537, 52.02230198958048], [-1.1361797716585489, 52.02007405822347], [-1.1336736526320221, 52.019395992158294], [-1.1325041304196422, 52.019299125577554], [-1.130499235198421, 52.01813672660868], [-1.1284943399772, 52.01803986002794], [-1.1258211463489047, 52.017458660543504], [-1.1246516241365256, 52.016683727897586], [-1.1214772067029246, 52.01697432763981], [-1.1198064606852407, 52.015715062090194], [-1.1214772067029246, 52.01242159834506], [-1.1224796543135351, 52.012227865183576], [-1.1263223701542096, 52.00699706982365], [-1.128160190773663, 52.00535033795108], [-1.1315016828090316, 52.00312240659407], [-1.140189562100991, 51.997697878072664], [-1.1438652033398968, 51.99701981200749], [-1.1515506350212457, 51.99314514877791], [-1.1637470809503432, 51.99343574852013], [-1.1761106014812084, 51.98200549199288], [-1.1829606601537144, 51.98152115908918], [-1.188307047410305, 51.98123055934696], [-1.1906460918350632, 51.98152115908918], [-1.1979973743128758, 51.97725902953665]]]]}}, {"type": "Feature", "properties": {"id": "TLG", "name": "West Midlands (England)"}, "geometry": {"type": "Polygon", "coordinates": [[[-1.9506684552797466, 53.21192046764117], [-1.939307382359492, 53.212114200802645], [-1.928447533244543, 53.20668967228124], [-1.9249389666074057, 53.20552727331237], [-1.9180889079348988, 53.20349307511684], [-1.9134108190853825, 53.201458876921315], [-1.9073961334217184, 53.19894034582209], [-1.9038875667845812, 53.19855287949913], [-1.9008802239527487, 53.19981214504874], [-1.8940301652802418, 53.199618411887265], [-1.8804971225369975, 53.19632494814212], [-1.876320257492786, 53.19496881601177], [-1.8738141384662592, 53.19390328362364], [-1.8718092432450382, 53.19293461781624], [-1.8629542893513102, 53.18847875510223], [-1.847416351386844, 53.17947016309346], [-1.8469151275815392, 53.179857629416425], [-1.839396770501959, 53.176370432509806], [-1.8342174578471369, 53.173561301668364], [-1.8290381451923148, 53.1667806410166], [-1.8263649515640195, 53.16532764230551], [-1.8248612801481032, 53.16484330940182], [-1.8198490420950497, 53.16077491301076], [-1.8181782960773658, 53.15980624720336], [-1.815672177050839, 53.157384582684884], [-1.8150038786437648, 53.15622218371601], [-1.812497759617238, 53.15438171868196], [-1.8119965358119323, 53.15273498680939], [-1.8166746246614496, 53.150022722548684], [-1.8170087738649858, 53.14924778990277], [-1.8161734008561439, 53.14769792461094], [-1.8168416992632181, 53.146535525642065], [-1.81767707227206, 53.1444044608658], [-1.8211856389091974, 53.14140159686288], [-1.8211856389091974, 53.140336064474745], [-1.8218539373162717, 53.13965799840957], [-1.8218539373162717, 53.1375269336333], [-1.8210185643074288, 53.137623800214044], [-1.8138343564313857, 53.13268360459633], [-1.8141685056349228, 53.13190867195041], [-1.812497759617238, 53.130261940077844], [-1.8103257897942484, 53.12803400872084], [-1.8093233421836379, 53.126968476332706], [-1.810492864396017, 53.12629041026753], [-1.8096574913871741, 53.1237718791683], [-1.8086550437765636, 53.12367501258757], [-1.7977951946616146, 53.11408522109436], [-1.7897756137767287, 53.10953249179961], [-1.7881048677590439, 53.10924189205739], [-1.7860999725378228, 53.10682022753891], [-1.7882719423608124, 53.10585156173151], [-1.783593853511296, 53.10168629875972], [-1.7854316741307494, 53.0950025046887], [-1.7829255551042227, 53.09335577281613], [-1.783593853511296, 53.092774573331695], [-1.7907780613873392, 53.08580017951846], [-1.7911122105908763, 53.08502524687254], [-1.7886060915643496, 53.080859983900744], [-1.7886060915643496, 53.079213252028175], [-1.7901097629802658, 53.0753385887986], [-1.7891073153696553, 53.074757389314165], [-1.782424331298917, 53.05577153948924], [-1.7819231074936113, 53.05538407316628], [-1.7837609281130646, 53.054996606843325], [-1.7834267789095275, 53.05063761071005], [-1.7789157646617797, 53.04482561586568], [-1.774404750414031, 53.043469483735336], [-1.7682229901485984, 53.04405068321977], [-1.7660510203256088, 53.04114468579759], [-1.7600363346619448, 53.038916754440585], [-1.7571960664318809, 53.028842630043684], [-1.7637119759008506, 53.02138390332675], [-1.7593680362548705, 53.01460324267499], [-1.7620412298831658, 53.01518444215942], [-1.7662180949273774, 53.00695078279658], [-1.76270952829024, 53.00055758846778], [-1.7710632583786623, 52.995811126011546], [-1.7862670471395914, 52.99242079568567], [-1.789274389971423, 52.99280826200862], [-1.7899426883784972, 52.98893359877905], [-1.7959573740421613, 52.98641506767982], [-1.7982964184669195, 52.98554326845317], [-1.7987976422722252, 52.98631820109908], [-1.8046452533341206, 52.98457460264577], [-1.8031415819182044, 52.981378005481375], [-1.815338027847302, 52.979440673866584], [-1.8283698467852405, 52.97527541089479], [-1.8292052197940833, 52.957936292942435], [-1.834551607050674, 52.95493342893951], [-1.8297064435993882, 52.9467966361574], [-1.835386980059516, 52.94243764002413], [-1.8323796372276835, 52.94311570608931], [-1.850590768820445, 52.9340102474998], [-1.8500895450151393, 52.931007383496876], [-1.8520944402363613, 52.931879182723534], [-1.854266410059351, 52.930135584270225], [-1.8527627386434347, 52.92887631872061], [-1.8527627386434347, 52.92790765291322], [-1.854600559262888, 52.92752018659026], [-1.8556030068734986, 52.92722958684804], [-1.8557700814752671, 52.92267685755329], [-1.8499224704133708, 52.92103012568072], [-1.8489200228027602, 52.916671129547446], [-1.8410675165196428, 52.905047139858716], [-1.8398979943072638, 52.904950273277976], [-1.836222353068358, 52.904175340632065], [-1.8363894276701265, 52.902334875598015], [-1.8300405928029253, 52.89661974733439], [-1.8340503832453683, 52.89284195068555], [-1.8352199054577474, 52.89138895197446], [-1.832212562625915, 52.888676687713755], [-1.8280356975817043, 52.887029955841186], [-1.8226893103251136, 52.886255023195275], [-1.8220210119180402, 52.886061290033794], [-1.8119965358119323, 52.881896027062], [-1.8029745073164367, 52.88393022525753], [-1.793618329617403, 52.88325215919235], [-1.7825914059006855, 52.88383335867679], [-1.7802523614759274, 52.882380359965694], [-1.7754071980246415, 52.88170229390052], [-1.7647144235114611, 52.87860256331686], [-1.751515529971753, 52.87424356718358], [-1.7518496791752902, 52.87017517079253], [-1.7456679189098576, 52.86920650498514], [-1.7473386649275424, 52.868237839177745], [-1.749510634750532, 52.86697857362813], [-1.7468374411222367, 52.86591304124], [-1.7264543397064855, 52.86300704381782], [-1.7229457730693483, 52.86029477955711], [-1.7212750270516635, 52.86310391039855], [-1.715427415989768, 52.86349137672151], [-1.716596938202147, 52.865428708336296], [-1.7120859239543993, 52.86591304124], [-1.7015602240429866, 52.8622321111719], [-1.7022285224500608, 52.86232897775264], [-1.700557776432376, 52.86058537929933], [-1.6992211796182284, 52.86213524459116], [-1.6863564352820575, 52.86242584433338], [-1.6826807940431516, 52.862813310656335], [-1.6746612131582657, 52.86116657878377], [-1.6688136020963702, 52.860101046395634], [-1.6459243816540923, 52.8558389168431], [-1.6307205928931632, 52.852836052840175], [-1.6282144738666364, 52.85186738703278], [-1.625541280238341, 52.84973632225651], [-1.617521699353456, 52.844796126638805], [-1.612676535902171, 52.844602393477324], [-1.608332596256191, 52.842858795024014], [-1.5993105677606945, 52.83791859940631], [-1.5941312551058724, 52.8352063351456], [-1.5864458234245236, 52.831428538496766], [-1.5852763012121445, 52.83171913823898], [-1.590288539265198, 52.828619407655324], [-1.5976398217430106, 52.82842567449384], [-1.610337491477412, 52.817092284547336], [-1.593462956698799, 52.809052358345966], [-1.5909568376722723, 52.80246543085568], [-1.5892860916545875, 52.80139989846755], [-1.5891190170528189, 52.80043123266015], [-1.5927946582917247, 52.797428368657236], [-1.5936300313005676, 52.798009568141666], [-1.5968044487341677, 52.798009568141666], [-1.6041557312119794, 52.79122890748991], [-1.60632770103497, 52.79074457458621], [-1.6136789835127816, 52.78619184529146], [-1.6268778770524888, 52.77979865096266], [-1.6382389499727434, 52.7867730447759], [-1.648430500680619, 52.7798955175434], [-1.66563918466277, 52.78512631290333], [-1.6698160497069807, 52.77786131934787], [-1.6786710036007086, 52.771952457922765], [-1.6830149432466888, 52.76817466127393], [-1.6851869130696784, 52.76643106282062], [-1.6831820178484573, 52.76429999804436], [-1.696547985989933, 52.75190107570971], [-1.6955455383793225, 52.74705774667274], [-1.69253819554749, 52.74482981531573], [-1.6992211796182284, 52.73901782047137], [-1.6980516574058493, 52.736014956468445], [-1.704567566874819, 52.73107476085074], [-1.6968821351934702, 52.727200097621164], [-1.6754965861671085, 52.7268126312982], [-1.6648038116539272, 52.72400350045676], [-1.6566171561672736, 52.721775569099755], [-1.657619603777884, 52.71499490844799], [-1.655614708556663, 52.69949625552969], [-1.6539439625389782, 52.69881818946451], [-1.6526073657248306, 52.69959312211043], [-1.6409121436010388, 52.69968998869117], [-1.6380718753709749, 52.69988372185265], [-1.636401129353291, 52.70240225295187], [-1.6318901151055423, 52.700368054756346], [-1.6293839960790155, 52.700271188175606], [-1.6273791008577945, 52.69959312211043], [-1.6180229231587608, 52.69959312211043], [-1.6101704168756443, 52.698527589722296], [-1.6078313724508853, 52.69736519075342], [-1.5988093439553897, 52.698527589722296], [-1.597472747141242, 52.70046492133709], [-1.5862787488227559, 52.69445919333124], [-1.5896202408581246, 52.68729106635652], [-1.5769225711237222, 52.6783793409285], [-1.5663968712123095, 52.67760440828258], [-1.5528638284690652, 52.66849894969308], [-1.542505203159421, 52.65358149625921], [-1.5443430237788744, 52.64951309986815], [-1.5443430237788744, 52.64563843663858], [-1.5506918586460756, 52.64108570734383], [-1.553365052274371, 52.640795107601605], [-1.5710749600618268, 52.63401444694985], [-1.564559050592857, 52.63120531610841], [-1.5643919759910885, 52.61996879274263], [-1.55453457448675, 52.614737997382704], [-1.5580431411238873, 52.59613961388074], [-1.556205320504434, 52.59410541568521], [-1.546180844398327, 52.590618218778594], [-1.53615636829222, 52.58800282109863], [-1.531645354044472, 52.58577488974162], [-1.532146577849777, 52.58441875761127], [-1.5271343397967234, 52.5827720257387], [-1.525296519177271, 52.57967229515504], [-1.5262989667878815, 52.57928482883208], [-1.5266331159914186, 52.575313299021765], [-1.5229574747525128, 52.573569700568456], [-1.5227904001507442, 52.57056683656553], [-1.5027414479385302, 52.56446424197895], [-1.4830266449298524, 52.55865224713459], [-1.4599703498858068, 52.55158098674061], [-1.4593020514787325, 52.551968453063566], [-1.4270566533374218, 52.54063506311706], [-1.417366326434852, 52.53608233382231], [-1.4160297296207043, 52.53443560194974], [-1.365239050683095, 52.51574035186703], [-1.3077653876747473, 52.494526570685096], [-1.2935640465244296, 52.48425871312672], [-1.2416038453744411, 52.439796952567335], [-1.224395161392291, 52.42303903409941], [-1.2021742393570864, 52.39601325807312], [-1.1721008110387654, 52.36133502216841], [-1.1792850189148085, 52.354360628355174], [-1.184297256967862, 52.35368256229], [-1.1878058236050002, 52.35310136280556], [-1.188307047410305, 52.3531982293863], [-1.1966607774987281, 52.35300449622482], [-1.1984985981181806, 52.352713896482605], [-1.200336418737634, 52.352520163321124], [-1.2106950440472772, 52.349129832995246], [-1.2168768043127107, 52.34961416589894], [-1.2237268629852167, 52.34864550009155], [-1.2233927137816796, 52.34816116718785], [-1.2258988328082063, 52.34670816847676], [-1.2275695788258911, 52.34651443531528], [-1.23959895015322, 52.34331783815088], [-1.2436087405956622, 52.34196170602053], [-1.2491222024540214, 52.34060557389017], [-1.2529649182946958, 52.33886197543686], [-1.2624881705954971, 52.33411551298064], [-1.264493065816719, 52.329078450782184], [-1.2522966198876215, 52.32404138858374], [-1.2476185310381052, 52.32191032380747], [-1.246449008825726, 52.32161972406525], [-1.2426062929850517, 52.32171659064599], [-1.215206058295026, 52.31697012818976], [-1.2121987154631935, 52.31077066702244], [-1.2208865947551528, 52.305830471404725], [-1.2337513390913237, 52.29033181848642], [-1.2287391010382702, 52.28868508661385], [-1.2282378772329654, 52.28897568635607], [-1.2242280867905224, 52.28626342209537], [-1.2228914899763748, 52.283357424673184], [-1.2225573407728376, 52.28219502570431], [-1.2235597883834481, 52.28083889357396], [-1.2193829233392375, 52.2703773028541], [-1.2158743567020993, 52.26572770697861], [-1.216375580507405, 52.26427470826752], [-1.2314122946665655, 52.25458805019358], [-1.2347537867019343, 52.25042278722179], [-1.254468589710612, 52.247613656380345], [-1.2676674832503192, 52.2374426654027], [-1.2847090926307017, 52.238605064371576], [-1.2783602577635005, 52.228724673136156], [-1.2725126467016041, 52.22746540758654], [-1.2768565863475843, 52.2251406096488], [-1.2710089752856888, 52.21923174822369], [-1.2609844991795818, 52.216035151059295], [-1.257308857940675, 52.20857642434236], [-1.2549698135159169, 52.19782423388028], [-1.2812005259935644, 52.19579003568476], [-1.2812005259935644, 52.191915372455185], [-1.3005811797987041, 52.191818505874444], [-1.3144483717454856, 52.188137575806344], [-1.33232535413471, 52.17234832314582], [-1.3318241303294043, 52.168473659916245], [-1.3346643985594682, 52.15936820132674], [-1.3381729651966054, 52.15888386842304], [-1.343519352453196, 52.153265606740156], [-1.3410132334266693, 52.14483821421583], [-1.3557157983822927, 52.13602335536854], [-1.3695829903290742, 52.13476408981893], [-1.3827818838687822, 52.12749909626348], [-1.3906343901518996, 52.1167469058014], [-1.3709195871432218, 52.11752183844732], [-1.3630670808601053, 52.10890071276151], [-1.361229260240652, 52.10696338114672], [-1.359224365019431, 52.104638583208974], [-1.3588902158158938, 52.10221691869049], [-1.3593914396211995, 52.101345119463836], [-1.3854550774970775, 52.09417699248912], [-1.4006588662580066, 52.10502604953193], [-1.4021625376739228, 52.10628531508154], [-1.4038332836916068, 52.11006311173038], [-1.4197053708596101, 52.11761870502805], [-1.4270566533374218, 52.11810303793175], [-1.4449336357266462, 52.115293907090305], [-1.4492775753726255, 52.10831951327707], [-1.4471056055496359, 52.097664189395736], [-1.467488706965387, 52.0970829899113], [-1.4706631243989872, 52.09795478913795], [-1.4800193020980208, 52.09359579300468], [-1.494387717850107, 52.08226240305817], [-1.4922157480271174, 52.07548174240641], [-1.5019060749296873, 52.071607079176836], [-1.497227986080171, 52.06085488871476], [-1.5069183129827408, 52.037219443014344], [-1.5102598050181104, 52.025498586744874], [-1.5211196541330594, 52.005931537435515], [-1.521620877938365, 52.00157254130224], [-1.5227904001507442, 51.99682607884601], [-1.5291392350179454, 51.99266081587422], [-1.5440088745753373, 51.99634174594231], [-1.5567065443097396, 51.98936735212907], [-1.549689411035465, 51.980843093024006], [-1.580598212362628, 51.97299689998412], [-1.5884507186457455, 51.974256165533724], [-1.5969715233359363, 51.964375774298304], [-1.612342386698634, 51.95536718228954], [-1.6262095786454154, 51.96747550488197], [-1.6348974579373747, 51.9722219673382], [-1.6365682039550595, 51.97290003340338], [-1.6430841134240284, 51.977937095601824], [-1.6658062592645377, 51.98752688709503], [-1.6698160497069807, 51.99304828219717], [-1.6658062592645377, 51.99721354516897], [-1.6591232751938003, 51.99982894284893], [-1.655280559353126, 52.00341300633629], [-1.6419145912116493, 52.010290533568785], [-1.6385730991762806, 52.02046152454643], [-1.628381548468405, 52.02724218519818], [-1.6201948929817513, 52.02772651810188], [-1.6185241469640665, 52.03053564894333], [-1.6176887739552246, 52.031891781073675], [-1.617521699353456, 52.0334416463655], [-1.61919244537114, 52.0348946450766], [-1.6205290421852876, 52.0344103121729], [-1.6205290421852876, 52.0348946450766], [-1.6242046834241934, 52.03625077720695], [-1.6242046834241934, 52.03673511011065], [-1.6285486230701736, 52.03692884327212], [-1.6322242643090794, 52.03596017746473], [-1.6340620849285328, 52.036444510368426], [-1.6357328309462167, 52.037219443014344], [-1.6365682039550595, 52.037413176175825], [-1.6379048007692072, 52.03702570985286], [-1.6434182626275655, 52.03528211139955], [-1.6437524118311027, 52.03576644430325], [-1.6442536356364084, 52.034604045334376], [-1.6460914562558608, 52.03470091191512], [-1.6480963514770819, 52.03402284584995], [-1.6502683213000724, 52.034604045334376], [-1.6514378435124515, 52.0348946450766], [-1.6522732165212934, 52.035378977980294], [-1.655614708556663, 52.03479777849586], [-1.656450081565505, 52.0321823808159], [-1.6591232751938003, 52.03160118133146], [-1.6602927974061794, 52.0316980479122], [-1.6601257228044108, 52.03150431475072], [-1.663300140238011, 52.03160118133146], [-1.6688136020963702, 52.03654137694917], [-1.6706514227158236, 52.03673511011065], [-1.673324616344118, 52.03634764378769], [-1.67532951156534, 52.03654137694917], [-1.6759978099724133, 52.03692884327212], [-1.6778356305918667, 52.03702570985286], [-1.6783368543971715, 52.03692884327212], [-1.6791722274060144, 52.03702570985286], [-1.6830149432466888, 52.037510042756566], [-1.683349092450226, 52.037316309595084], [-1.686189360680289, 52.037413176175825], [-1.6875259574944366, 52.037510042756566], [-1.68936377811389, 52.038284975402476], [-1.6918698971404167, 52.03935050779061], [-1.6948772399722483, 52.04293457127797], [-1.690533300326269, 52.051458830383034], [-1.6900320765209633, 52.05320242883634], [-1.6995553288217655, 52.05465542754744], [-1.7030638954589028, 52.05746455838888], [-1.705402939883661, 52.061532954779935], [-1.70339804466244, 52.06753868278578], [-1.7017272986447551, 52.07276947814571], [-1.7122529985561679, 52.07063841336944], [-1.712587147759704, 52.06831361543169], [-1.7129212969632412, 52.06657001697838], [-1.7229457730693483, 52.069476014400564], [-1.7277909365206332, 52.071413346015355], [-1.7287933841312437, 52.071607079176836], [-1.7281250857241703, 52.081487470412256], [-1.7291275333347809, 52.081487470412256], [-1.7291275333347809, 52.08410286809222], [-1.7291275333347809, 52.08545900022257], [-1.7287933841312437, 52.08875246396771], [-1.728626309529476, 52.09175532797063], [-1.7301299809453914, 52.09156159480915], [-1.7301299809453914, 52.09524252487725], [-1.7296287571400866, 52.09524252487725], [-1.7287933841312437, 52.09960152101053], [-1.73029705554716, 52.09795478913795], [-1.7329702491754553, 52.09504879171577], [-1.7396532332461936, 52.091367861647676], [-1.7518496791752902, 52.09688925674982], [-1.7548570220071227, 52.099310921268305], [-1.7560265442195018, 52.10192631894827], [-1.7576972902371866, 52.10318558449788], [-1.7662180949273774, 52.10967564540742], [-1.7677217663432936, 52.1125816428296], [-1.7739035266087262, 52.11064431121481], [-1.778414540856474, 52.10948191224594], [-1.7882719423608124, 52.103669917401575], [-1.7956232248386241, 52.1007639199794], [-1.8023062089093624, 52.09698612333056], [-1.8098245659889427, 52.087590064998835], [-1.8093233421836379, 52.085846466545526], [-1.8126648342190066, 52.07877520615155], [-1.8178441468738287, 52.08478093415739], [-1.822522235723345, 52.08110000408929], [-1.8343845324489054, 52.073156944468664], [-1.8492541720062974, 52.07732220744046], [-1.8509249180239822, 52.07451307659902], [-1.8544334846611195, 52.07286634472645], [-1.8631213639530788, 52.0737381439531], [-1.8696372734220486, 52.071316479434614], [-1.8716421686432696, 52.06540761800951], [-1.8629542893513102, 52.063470286394725], [-1.861450617935394, 52.05833635761554], [-1.863455513156616, 52.053396161997824], [-1.8616176925371626, 52.05291182909413], [-1.8604481703247835, 52.05252436277117], [-1.8477505005903812, 52.04651863476533], [-1.8388955466966532, 52.043709503923886], [-1.8302076674046939, 52.03770377591804], [-1.829372294395852, 52.031794914492934], [-1.8250283547498718, 52.03092311526628], [-1.8261978769622509, 52.029179516812974], [-1.835721129263053, 52.02249572274195], [-1.835721129263053, 52.011259199376184], [-1.8412345911214114, 52.00690020324291], [-1.8444090085550124, 52.008353201954], [-1.8567725290858776, 52.01067799989175], [-1.8571066782894148, 52.01116233279544], [-1.8619518417406997, 52.01339026415245], [-1.8622859909442369, 52.017458660543504], [-1.8736470638644915, 52.024336187776], [-1.8793276003246184, 52.02695158545597], [-1.9134108190853825, 52.0444844365698], [-1.9167523111207512, 52.04206277205132], [-1.9197596539525836, 52.03896304146765], [-1.9205950269614256, 52.038188108821736], [-1.9317890252799117, 52.029954449458884], [-1.9399756807665662, 52.03227924739663], [-1.9458232918284617, 52.0316980479122], [-1.9508355298815152, 52.03596017746473], [-1.9510026044832838, 52.03673511011065], [-1.9540099473151162, 52.0371225764336], [-1.9566831409434116, 52.0371225764336], [-1.9840833756334373, 52.03586331088399], [-1.9939407771377757, 52.02782338468262], [-1.9951102993501548, 52.026564119133006], [-2.0076408944827886, 52.023851854872305], [-2.0216751610313386, 52.015618195509454], [-2.0280239958985398, 52.012324731764316], [-2.0382155466064154, 52.009515600922875], [-2.036711875190499, 52.00699706982365], [-2.038382621208184, 52.00457540530516], [-2.0448985306771537, 52.00360673949777], [-2.048741246517828, 52.00709393640439], [-2.051581514747891, 52.00874066827696], [-2.05926694642924, 52.009515600922875], [-2.0602693940398513, 52.014165196798366], [-2.063945035278757, 52.014165196798366], [-2.0694584971371155, 52.0125184649258], [-2.071630466960105, 52.012227865183576], [-2.075640257402548, 52.0115497991184], [-2.076809779614927, 52.01164666569914], [-2.078146376429075, 52.0110654662147], [-2.08081957005737, 52.01077486647249], [-2.0846622858980446, 52.01087173305322], [-2.091345269968783, 52.01145293253766], [-2.0930160159864677, 52.0115497991184], [-2.095689209614762, 52.012034132022094], [-2.097694104835984, 52.01174353227988], [-2.0983624032430575, 52.01329339757171], [-2.098529477844826, 52.01290593124875], [-2.1023721936855004, 52.013874597056144], [-2.1075515063403225, 52.01455266312132], [-2.111728371384534, 52.01532759576724], [-2.1139003412075237, 52.01464952970206], [-2.117408907844661, 52.014165196798366], [-2.11857843005704, 52.013971463636885], [-2.1190796538623458, 52.01358399731393], [-2.1200821014729563, 52.01319653099097], [-2.1204162506764934, 52.01174353227988], [-2.123423593508325, 52.01087173305322], [-2.1259297125348517, 52.00903126801918], [-2.1279346077560737, 52.00719080298513], [-2.131443174393211, 52.005931537435515], [-2.132278547402053, 52.00273494027111], [-2.1332809950126643, 52.00166940788298], [-2.1392956806763284, 51.99944147652597], [-2.1396298298798655, 52.00021640917189], [-2.139462755278097, 52.00157254130224], [-2.13912860607456, 52.003994205820725], [-2.145477440941761, 52.00476913846664], [-2.1508238281983516, 52.00660960350069], [-2.1476494107647506, 52.01290593124875], [-2.145143291738224, 52.0147463962828], [-2.14230302350816, 52.01978345848125], [-2.139462755278097, 52.02792025126336], [-2.1259297125348517, 52.03053564894333], [-2.116239385632282, 52.03692884327212], [-2.1172418332428924, 52.03925364120987], [-2.126263861738389, 52.04322517102019], [-2.141467650499318, 52.045646835538676], [-2.155501917047868, 52.04932776560677], [-2.166361766162817, 52.049037165864554], [-2.1705386312070285, 52.047099834249764], [-2.174047197844166, 52.047099834249764], [-2.1782240628883773, 52.043709503923886], [-2.180730181914904, 52.041772172309095], [-2.1805631073131355, 52.035475844561034], [-2.179226510498988, 52.033538512946244], [-2.177555764481303, 52.02724218519818], [-2.178391137490146, 52.025595453325614], [-2.1770545406759982, 52.023948721453046], [-2.184071673950273, 52.013874597056144], [-2.165526393153975, 52.00476913846664], [-2.1636885725345216, 51.9982790775571], [-2.164691020145133, 51.996051146200095], [-2.1702044820034914, 51.99469501406974], [-2.1717081534194076, 51.99479188065048], [-2.181565554923746, 51.99915087678376], [-2.1793935851007564, 51.99488874723122], [-2.185074121560884, 51.990529751097945], [-2.194430299259917, 51.99314514877791], [-2.197270567489981, 51.99498561381196], [-2.2029511039501077, 51.99634174594231], [-2.211638983242067, 51.99663234568453], [-2.21564877368451, 51.995857413038614], [-2.2169853704986577, 51.994113814585305], [-2.224503727578238, 51.99275768245496], [-2.2263415481976914, 51.99082035084017], [-2.2278452196136076, 51.98859241948316], [-2.2331916068701974, 51.98675195444911], [-2.244051455985147, 51.97290003340338], [-2.246223425808137, 51.97154390127302], [-2.2519039622682637, 51.96766923804345], [-2.256582051117781, 51.96708803855901], [-2.2635991843920555, 51.96737863830123], [-2.270616317666331, 51.96892850359306], [-2.2736236604981626, 51.96941283649676], [-2.2933384635068403, 51.96970343623897], [-2.300355596781115, 51.96679743881679], [-2.305869058639474, 51.970865835207846], [-2.30954469987838, 51.97067210204637], [-2.307873953860695, 51.97280316682264], [-2.309210550674843, 51.97377183263003], [-2.3125520427102115, 51.97648409689074], [-2.3265863092587615, 51.97580603082556], [-2.325249712444614, 51.97667783005221], [-2.3240801902322348, 51.97880889482848], [-2.322409444214551, 51.982489824896575], [-2.3229106680198557, 51.984427156511366], [-2.3220752950110137, 51.989754818452035], [-2.323244817223393, 51.996244879361576], [-2.32357896642693, 51.99944147652597], [-2.3257509362499196, 52.00070074207559], [-2.3260850854534567, 52.00564093769329], [-2.3294265774888254, 52.006803336662166], [-2.340453501205543, 52.00670647008143], [-2.3439620678426802, 52.00874066827696], [-2.347637709081587, 52.011259199376184], [-2.349308455099271, 52.01145293253766], [-2.3518145741257976, 52.015715062090194], [-2.349308455099271, 52.01784612686646], [-2.351313350320493, 52.02133332377308], [-2.3615049010283684, 52.01813672660868], [-2.3651805422672743, 52.017458660543504], [-2.386900240497172, 52.012130998602835], [-2.392914926160837, 52.01300279782949], [-2.394084448373216, 52.01174353227988], [-2.394919821382058, 52.00670647008143], [-2.3955881197891324, 52.005737804274034], [-2.399430835629806, 51.99934460994523], [-2.4131309529748197, 51.994113814585305], [-2.4228212798773896, 51.994307547746786], [-2.4371896956294767, 51.99750414491118], [-2.4356860242135605, 51.997988477814886], [-2.4365213972224025, 52.00128194156002], [-2.4353518750100234, 52.002347473948156], [-2.4353518750100234, 52.00292867343259], [-2.4348506512047177, 52.00564093769329], [-2.433848203594107, 52.006803336662166], [-2.4336811289923386, 52.007868869050306], [-2.4345165020011814, 52.00970933408435], [-2.4336811289923386, 52.012227865183576], [-2.4433714558949093, 52.01513386260576], [-2.4460446495232038, 52.0152307291865], [-2.4477153955408886, 52.015811928670935], [-2.461916736691207, 52.01445579654058], [-2.4629191843018177, 52.01707119422055], [-2.463587482708892, 52.01813672660868], [-2.463587482708892, 52.01881479267386], [-2.4629191843018177, 52.021236457192344], [-2.4662606763371864, 52.023754988291564], [-2.468432646160177, 52.023754988291564], [-2.4789583460715887, 52.02249572274195], [-2.4802949428857364, 52.01610252841315], [-2.4846388825317165, 52.0125184649258], [-2.487646225363548, 52.01145293253766], [-2.4903194189918434, 52.01067799989175], [-2.4921572396112968, 52.00825633537326], [-2.487312076160012, 52.00341300633629], [-2.4769534508503677, 51.99924774336449], [-2.4754497794344514, 51.99750414491118], [-2.4734448842132304, 51.99353261510087], [-2.4741131826203038, 51.99314514877791], [-2.4749485556291466, 51.99285454903569], [-2.4789583460715887, 51.99198274980904], [-2.481631539699884, 51.98946421870981], [-2.4826339873104946, 51.9882049531602], [-2.4886486729741595, 51.98743002051429], [-2.4903194189918434, 51.98355535728471], [-2.491321866602455, 51.98190862541214], [-2.4931596872219073, 51.9818117588314], [-2.494830433239592, 51.98016502695883], [-2.4963341046555083, 51.97754962927887], [-2.495164582443129, 51.97115643495007], [-2.4929926126201387, 51.96863790385084], [-2.497336552266119, 51.96418204113683], [-2.500009745894414, 51.96253530926426], [-2.500845118903256, 51.96059797764947], [-2.4966682538590446, 51.95962931184208], [-2.4931596872219073, 51.95730451390433], [-2.490152344390075, 51.95497971596659], [-2.4861425539476327, 51.95740138048507], [-2.482466912708727, 51.955657782031764], [-2.479292495275126, 51.9557546486125], [-2.4757839286379886, 51.956335848096934], [-2.4746144064256095, 51.9557546486125], [-2.4677643477531026, 51.951976851963664], [-2.4660936017354187, 51.950330120091095], [-2.4654253033283444, 51.946746056603736], [-2.4649240795230396, 51.94277452679342], [-2.4654253033283444, 51.942193327308985], [-2.4645899303195025, 51.941224661501586], [-2.464422855717734, 51.93967479620976], [-2.463587482708892, 51.938609263821625], [-2.4654253033283444, 51.93802806433719], [-2.4669289747442606, 51.93754373143349], [-2.467931422354871, 51.93734999827201], [-2.4660936017354187, 51.92795393994029], [-2.4477153955408886, 51.91565188418638], [-2.4445409781072884, 51.91381141915234], [-2.4432043812931408, 51.91197095411829], [-2.4425360828860665, 51.908871223534625], [-2.4428702320896036, 51.90674015875836], [-2.4428702320896036, 51.906158959273924], [-2.4425360828860665, 51.90499656030505], [-2.4422019336825302, 51.90402789449765], [-2.442369008284298, 51.90189682972139], [-2.4432043812931408, 51.89840963281477], [-2.4393616654524664, 51.89744096700738], [-2.4437056050984456, 51.89579423513481], [-2.446378798726741, 51.8940506366815], [-2.4488849177532677, 51.89482556932741], [-2.4625850350982805, 51.892888237712626], [-2.4714399889920085, 51.889207307644526], [-2.482466912708727, 51.88591384389939], [-2.4938279856289816, 51.88000498247428], [-2.498171925274961, 51.881942314089066], [-2.5018475665138666, 51.88630131022234], [-2.5066927299651516, 51.88533264441495], [-2.5178867282836377, 51.873418054984], [-2.519390399699554, 51.87089952388477], [-2.522564817133155, 51.864796929298194], [-2.5315868456286514, 51.86072853290714], [-2.5439503661595166, 51.86024420000344], [-2.5564809612921504, 51.862956464264144], [-2.5616602739469725, 51.8643125963945], [-2.563498094566425, 51.8638282634908], [-2.573021346867227, 51.86247213136045], [-2.5760286896990587, 51.86256899794119], [-2.580706778548576, 51.86169719871453], [-2.585217792796324, 51.85995360026122], [-2.5788689579291226, 51.853172939609465], [-2.5862202404069343, 51.84978260928359], [-2.591566627663525, 51.8542384719976], [-2.5962447165130413, 51.85617580361239], [-2.599586208548411, 51.85656326993534], [-2.604431371999696, 51.85462593832055], [-2.6094436100527494, 51.846779745280664], [-2.621640055981846, 51.843292548374045], [-2.6254827718225204, 51.838933552240775], [-2.630160860672037, 51.838933552240775], [-2.640519485981681, 51.83622128798007], [-2.6472024700524193, 51.82789076203648], [-2.6503768874860194, 51.82614716358317], [-2.6578952445655997, 51.8281813617787], [-2.658229393769137, 51.83273409107345], [-2.678278345981351, 51.836996220625984], [-2.682622285627331, 51.8377711532719], [-2.6867991506715416, 51.833605890300106], [-2.68696622527331, 51.83302469081567], [-2.688636971290995, 51.833218423977144], [-2.6933150601405114, 51.836996220625984], [-2.6933150601405114, 51.83738368694894], [-2.69348213474228, 51.83767428669116], [-2.694150433149354, 51.83912728540225], [-2.694985806158196, 51.840677150694084], [-2.6953199553617333, 51.84174268308222], [-2.6996638950077125, 51.843486281535526], [-2.705511506069609, 51.845133013408095], [-2.7056785806713775, 51.845036146827354], [-2.707182252087293, 51.84261448230887], [-2.7070151774855242, 51.84232388256665], [-2.7070151774855242, 51.841548949920735], [-2.7068481028837565, 51.841452083339995], [-2.7068481028837565, 51.84038655095186], [-2.706681028281988, 51.84009595120965], [-2.7101895949191253, 51.83903041882151], [-2.7128627885474206, 51.839805351467426], [-2.7160372059810207, 51.84077401727482], [-2.7182091758040112, 51.84552047973105], [-2.7185433250075475, 51.846876611861404], [-2.719545772618159, 51.84891081005693], [-2.727565353503044, 51.84009595120965], [-2.730405621733108, 51.84087088385556], [-2.731575143945487, 51.841355216759254], [-2.7325775915560975, 51.840677150694084], [-2.7334129645649403, 51.83999908462891], [-2.7350837105826242, 51.83922415198299], [-2.736420307396772, 51.838933552240775], [-2.7402630232374463, 51.84125835017852], [-2.7402630232374463, 51.841548949920735], [-2.7410983962462883, 51.842420749147394], [-2.7426020676622045, 51.84174268308222], [-2.7432703660692788, 51.84193641624369], [-2.7569704834142916, 51.846004812634746], [-2.7574717072195964, 51.847070345022885], [-2.757638781821365, 51.84765154450732], [-2.757638781821365, 51.84842647715323], [-2.757638781821365, 51.84910454321841], [-2.7603119754496603, 51.85181680747911], [-2.7623168706708823, 51.85365727251316], [-2.762818094476187, 51.85481967148203], [-2.7641546912903348, 51.85656326993534], [-2.7646559150956405, 51.857435069162], [-2.7649900642991767, 51.85801626864644], [-2.7663266611133244, 51.85879120129235], [-2.767997407131009, 51.86024420000344], [-2.7695010785469254, 51.86237526477971], [-2.776016988015895, 51.86373139691006], [-2.7790243308477267, 51.866734260912985], [-2.7786901816441905, 51.8679935264626], [-2.7766852864229685, 51.870996390465514], [-2.777353584830043, 51.87215878943439], [-2.7741791673964418, 51.87448358737213], [-2.7731767197858312, 51.87622718582544], [-2.7721742721752207, 51.87719585163284], [-2.770837675361073, 51.878358250601714], [-2.7706706007593045, 51.87855198376319], [-2.7706706007593045, 51.87884258350541], [-2.770503526157536, 51.879036316666884], [-2.7703364515557674, 51.879230049828365], [-2.770169376953999, 51.87961751615132], [-2.7695010785469254, 51.87971438273206], [-2.7681644817327777, 51.8802955822165], [-2.768498630936315, 51.88058618195872], [-2.7703364515557674, 51.88058618195872], [-2.7746803912017475, 51.88184544750833], [-2.775348689608821, 51.88184544750833], [-2.776016988015895, 51.88184544750833], [-2.781697524476022, 51.88436397860755], [-2.7821987482813277, 51.88407337886534], [-2.7835353450954754, 51.88426711202681], [-2.784203643502549, 51.88436397860755], [-2.7870439117326127, 51.88484831151125], [-2.7915549259803605, 51.886495043383825], [-2.792557373590972, 51.8876574423527], [-2.7964000894316463, 51.88833550841787], [-2.7972354624404883, 51.88852924157935], [-2.7984049846528674, 51.8898853737097], [-2.7992403576617093, 51.89046657319414], [-2.8010781782811627, 51.89017597345192], [-2.801746476688236, 51.89230703822819], [-2.815780743236786, 51.899087698879946], [-2.817785638458008, 51.90383416133618], [-2.832989427218937, 51.905190293466525], [-2.8359967700507687, 51.90964615618054], [-2.8373333668649163, 51.91313335308716], [-2.8371662922631478, 51.91390828573307], [-2.839505336687906, 51.91458635179825], [-2.841510231909128, 51.91749234922043], [-2.842679754121507, 51.917879815543394], [-2.8436822017321175, 51.91749234922043], [-2.8443505001391918, 51.91662054999378], [-2.8448517239444966, 51.91536128444417], [-2.8453529477498023, 51.915264417863426], [-2.846355395360413, 51.91632995025156], [-2.8476919921745605, 51.917008016316736], [-2.853205454032919, 51.91584561734786], [-2.8537066778382245, 51.915070684701945], [-2.8537066778382245, 51.91458635179825], [-2.8540408270417617, 51.91400515231381], [-2.8540408270417617, 51.9137145525716], [-2.8540408270417617, 51.913327086248636], [-2.8552103492541407, 51.913327086248636], [-2.8553774238559093, 51.91390828573307], [-2.855544498457678, 51.91448948521751], [-2.8597213635018885, 51.91400515231381], [-2.8605567365107314, 51.91381141915234], [-2.8613921095195733, 51.91381141915234], [-2.862728706333721, 51.91468321837899], [-2.8638982285461, 51.91662054999378], [-2.8625616317319524, 51.91739548263969], [-2.8560457222629827, 51.91826728186635], [-2.851033484209929, 51.918848481350786], [-2.8481932159798653, 51.91972028057744], [-2.846355395360413, 51.920592079804095], [-2.8453529477498023, 51.92136701245001], [-2.8465224699621814, 51.923304344064796], [-2.847859066776329, 51.92359494380702], [-2.854709125448835, 51.92436987645293], [-2.8570481698735932, 51.92543540884107], [-2.8580506174842046, 51.92717900729438], [-2.859053065094815, 51.92766334019807], [-2.861893333324879, 51.92708214071364], [-2.866738496776164, 51.926888407552156], [-2.8669055713779326, 51.926888407552156], [-2.8700799888115327, 51.926791540971415], [-2.871583660227449, 51.928728872586206], [-2.8717507348292175, 51.929503805232116], [-2.8745910030592814, 51.932216069492824], [-2.8754263760681233, 51.933087868719475], [-2.879102017307029, 51.933959667946134], [-2.8817752109353245, 51.93415340110761], [-2.8829447331477036, 51.93425026768835], [-2.8851167029706932, 51.93415340110761], [-2.8866203743866095, 51.93376593478465], [-2.888458195006063, 51.93357220162318], [-2.889126493413136, 51.932409802654306], [-2.888792344209599, 51.93124740368543], [-2.887121598191915, 51.92805080652103], [-2.889961866421978, 51.926985274132896], [-2.8943058060679583, 51.925144809098846], [-2.895308253678569, 51.92524167567959], [-2.895642402882106, 51.92524167567959], [-2.8966448504927165, 51.92543540884107], [-2.8978143727050956, 51.92543540884107], [-2.8986497457139375, 51.92543540884107], [-2.9001534171298538, 51.9255322754218], [-2.9011558647404643, 51.92582287516402], [-2.9018241631475385, 51.92562914200254], [-2.902826610758149, 51.925144809098846], [-2.9034949091652233, 51.925047942518106], [-2.905332729784676, 51.92369181038776], [-2.9081729980147397, 51.92165761219223], [-2.9091754456253502, 51.920785812965576], [-2.9098437440324245, 51.920398346642614], [-2.912851086864256, 51.9201077469004], [-2.9155242804925514, 51.91817041528561], [-2.9183645487226153, 51.91749234922043], [-2.920202369342068, 51.91739548263969], [-2.9283890248287223, 51.91390828573307], [-2.930226845448175, 51.91478008495973], [-2.9322317406693967, 51.91478008495973], [-2.934069561288849, 51.91497381812121], [-2.934570785094155, 51.91410201889455], [-2.9372439787224502, 51.9122615538605], [-2.9415879183684295, 51.90983988934202], [-2.9422562167755038, 51.90945242301906], [-2.9435928135896514, 51.90925868985758], [-2.944929410403799, 51.90945242301906], [-2.948605051642705, 51.90945242301906], [-2.950275797660389, 51.90838689063093], [-2.952113618279842, 51.9063526924354], [-2.9559563341205166, 51.90654642559688], [-2.957460005536433, 51.90674015875836], [-2.9579612293417377, 51.9068370253391], [-2.9611356467753387, 51.90664329217762], [-2.9681527800496132, 51.904512227401355], [-2.971828421288519, 51.90499656030505], [-2.9724967196955934, 51.9068370253391], [-2.9728308688991305, 51.90741822482354], [-2.9728308688991305, 51.908968090115366], [-2.9745016149168144, 51.90983988934202], [-2.972329645093825, 51.910808555149416], [-2.972329645093825, 51.91129288805311], [-2.973833316509741, 51.91148662121459], [-2.9728308688991305, 51.91468321837899], [-2.973833316509741, 51.91662054999378], [-2.9733320927044353, 51.917879815543394], [-2.976172360934499, 51.92117327928853], [-2.97500283872212, 51.924273009872195], [-2.9745016149168144, 51.925144809098846], [-2.9785114053592574, 51.92708214071364], [-2.9793467783680994, 51.926985274132896], [-2.979848002173405, 51.92727587387511], [-2.980182151376942, 51.92756647361733], [-2.9808504497840156, 51.92727587387511], [-2.9831894942087738, 51.926016608325504], [-2.983523643412311, 51.92582287516402], [-2.9860297624388377, 51.92562914200254], [-2.987032210049448, 51.92572600858328], [-2.9888700306689016, 51.92543540884107], [-2.9988945067750086, 51.92349807722628], [-3.0008994019962296, 51.92369181038776], [-3.003906744828062, 51.925047942518106], [-3.0102555796952633, 51.93279726897726], [-3.00841775907581, 51.93773746459497], [-3.0094202066864213, 51.9392873298868], [-3.009921430491726, 51.93986852937124], [-3.0112580273058738, 51.94190272756676], [-3.0117592511111795, 51.94277452679342], [-3.018776384385454, 51.94810218873408], [-3.0214495780137494, 51.9498457871874], [-3.0222849510225913, 51.951105052737006], [-3.0221178764208227, 51.95139565247923], [-3.0222849510225913, 51.9525580514481], [-3.0282996366862562, 51.958273179711725], [-3.035650919164068, 51.960016778165034], [-3.0383241127923633, 51.96515070694422], [-3.051355931730302, 51.97212510075746], [-3.0570364681904296, 51.97522483134112], [-3.0595425872169564, 51.978615161667], [-3.0673950935000738, 51.98316789096175], [-3.06772924270361, 51.98336162412323], [-3.072574406154895, 51.99217648297052], [-3.078923241022096, 51.99760101149192], [-3.084102553676918, 52.004091072401465], [-3.086942821906982, 52.013874597056144], [-3.0991392678360787, 52.02268945590343], [-3.0927904329688776, 52.03092311526628], [-3.0927904329688776, 52.031794914492934], [-3.09145383615473, 52.0344103121729], [-3.0862745234999087, 52.04031917359801], [-3.092957507570646, 52.04874656612233], [-3.0907855377476565, 52.050780764317864], [-3.096131925004247, 52.05378362832078], [-3.100977088455532, 52.05736769180814], [-3.1068246995174276, 52.059886222907366], [-3.1099991169510286, 52.063373419813985], [-3.1116698629687125, 52.06405148587916], [-3.1165150264199983, 52.06637628381691], [-3.1171833248270717, 52.06666688355912], [-3.118686996242988, 52.06860421517391], [-3.118352847039451, 52.07015408046574], [-3.11952236925183, 52.07276947814571], [-3.120691891464209, 52.07451307659902], [-3.1216943390748195, 52.07480367634123], [-3.1221955628801252, 52.0764504082138], [-3.1253699803137263, 52.07984073853969], [-3.1188540708447565, 52.08884933054845], [-3.1191882200482928, 52.09001172951732], [-3.11952236925183, 52.0906897955825], [-3.120691891464209, 52.093111460100985], [-3.121026040667746, 52.09417699248912], [-3.122696786685431, 52.102798118174924], [-3.1213601898712833, 52.1039605171438], [-3.118686996242988, 52.10415425030528], [-3.1171833248270717, 52.10405738372454], [-3.1091637439421858, 52.104638583208974], [-3.1048198042962065, 52.107544580631156], [-3.107492997924502, 52.11219417650665], [-3.1073259233227333, 52.11510017392883], [-3.1093308185439543, 52.1194591700621], [-3.1113357137651763, 52.12004036954654], [-3.115011355004082, 52.12159023483837], [-3.123532159694273, 52.12188083458059], [-3.1308834421720846, 52.12430249909907], [-3.1397383960658125, 52.12672416361756], [-3.1412420674817287, 52.12992076078196], [-3.1357286056233695, 52.13331109110784], [-3.1288785469508635, 52.13786382040259], [-3.1153455042076192, 52.13921995253294], [-3.106657624915659, 52.14183535021291], [-3.0936258059777204, 52.14435388131213], [-3.0832671806680763, 52.14832541112245], [-3.072574406154895, 52.15578413783938], [-3.0735768537655064, 52.15917446816526], [-3.076918345800875, 52.16062746687635], [-3.084102553676918, 52.162952264814095], [-3.084937926685761, 52.16275853165262], [-3.0856062250928344, 52.1619835990067], [-3.089783090137046, 52.158593268680825], [-3.0904513885441194, 52.158399535519344], [-3.090117239340583, 52.15733400313121], [-3.0931245821724147, 52.156946536808256], [-3.0944611789865624, 52.15520293835495], [-3.096633148809552, 52.155106071774206], [-3.098972193234311, 52.15471860545125], [-3.099807566243153, 52.15626847074308], [-3.1073259233227333, 52.158593268680825], [-3.1096649677474915, 52.15917446816526], [-3.11300645978286, 52.15936820132674], [-3.122362637481894, 52.1634365977178], [-3.1216943390748195, 52.16702066120515], [-3.112338161375787, 52.17273578946878], [-3.1125052359775554, 52.17322012237248], [-3.1125052359775554, 52.17360758869543], [-3.1028149090749846, 52.17709478560205], [-3.100642939251995, 52.178354051151665], [-3.096633148809552, 52.18048511592793], [-3.094628253588331, 52.183778579673074], [-3.0971343726148577, 52.18416604599603], [-3.0973014472166263, 52.184456645738244], [-3.0971343726148577, 52.18590964444934], [-3.09579777580071, 52.1894937079367], [-3.096967298013089, 52.19569316910402], [-3.097468521818395, 52.19666183491141], [-3.097802671021931, 52.19743676755733], [-3.100642939251995, 52.20140829736764], [-3.101478312260838, 52.20218323001356], [-3.1016453868626055, 52.20237696317504], [-3.0882794187211298, 52.20663909272757], [-3.085439150491066, 52.208963890665316], [-3.075414674384959, 52.21332288679859], [-3.072574406154895, 52.21303228705637], [-3.07207318234959, 52.21332288679859], [-3.0722402569513587, 52.214291552605985], [-3.0772524950044122, 52.21913488164296], [-3.074078077570811, 52.22107221325774], [-3.0722402569513587, 52.22330014461475], [-3.0730756299602007, 52.22359074435697], [-3.0722402569513587, 52.2251406096488], [-3.071739033146053, 52.22669047494063], [-3.0719061077478216, 52.22843407339394], [-3.07207318234959, 52.228724673136156], [-3.0704024363319053, 52.22920900603985], [-3.070569510933674, 52.229499605782074], [-3.072574406154895, 52.232115003462035], [-3.072574406154895, 52.232405603204256], [-3.074078077570811, 52.234246068238306], [-3.070903660137211, 52.235989666691616], [-3.067228018898305, 52.23647399959531], [-3.0642206760664727, 52.23657086617605], [-3.0610462586328726, 52.23628026643383], [-3.054530349163903, 52.2379269983064], [-3.05369497615506, 52.237733265144925], [-3.046009544473712, 52.23812073146788], [-3.0441717238542587, 52.23928313043675], [-3.0438375746507216, 52.24151106179376], [-3.0430022016418796, 52.24277032734337], [-3.043169276243648, 52.244804525538896], [-3.043670500048953, 52.245579458184814], [-3.049685185712618, 52.244804525538896], [-3.0451741714648692, 52.24732305663812], [-3.0483485888984703, 52.250229054060306], [-3.045675395270175, 52.25303818490175], [-3.037154590579984, 52.25604104890467], [-3.031975277925162, 52.257494047615765], [-3.0249581446508866, 52.258268980261676], [-3.0114251019076423, 52.26243424323347], [-3.0092531320846527, 52.263499775621604], [-3.001567700403304, 52.2639841085253], [-2.99555301473964, 52.26146557742608], [-2.9945505671290285, 52.26156244400682], [-2.9928798211113445, 52.261659310587554], [-2.989872478279512, 52.26049691161868], [-2.98469316562469, 52.26233737665273], [-2.9785114053592574, 52.26233737665273], [-2.977508957748647, 52.25981884555351], [-2.971828421288519, 52.2612718442646], [-2.9699906006690666, 52.261756177168294], [-2.96748448164254, 52.261853043749035], [-2.964978362616013, 52.26243424323347], [-2.964644213412476, 52.2639841085253], [-2.964978362616013, 52.268149371497096], [-2.960634422970033, 52.26882743756227], [-2.9559563341205166, 52.27095850233854], [-2.9556221849169795, 52.27028043627337], [-2.9531160658904527, 52.26960237020819], [-2.950944096067463, 52.269989836531145], [-2.9544526627046004, 52.271636568403714], [-2.956958781731127, 52.271927168145936], [-2.959799049961191, 52.27231463446889], [-2.9613027213771073, 52.27260523421111], [-2.963474691200097, 52.27260523421111], [-2.964978362616013, 52.27434883266442], [-2.970157675270835, 52.27415509950294], [-2.9728308688991305, 52.27328330027628], [-2.974167465713278, 52.27308956711481], [-2.975504062527425, 52.27318643369555], [-2.977508957748647, 52.27299270053407], [-2.979012629164563, 52.27260523421111], [-2.983857792615848, 52.27289583395333], [-2.986698060845912, 52.273573900018505], [-2.990373702084818, 52.273670766599245], [-2.9922115227042703, 52.273573900018505], [-2.993548119518418, 52.27318643369555], [-2.994717641730797, 52.274445699245156], [-2.99555301473964, 52.2745425658259], [-2.9960542385449447, 52.27580183137551], [-3.005577490845747, 52.276189297698465], [-3.0065799384563574, 52.276189297698465], [-3.0080836098722736, 52.27657676402143], [-3.011592176509411, 52.27744856324808], [-3.0112580273058738, 52.279967094347306], [-3.010422654297032, 52.281516959639134], [-3.0097543558899575, 52.28209815912357], [-3.0094202066864213, 52.283260558092444], [-3.009921430491726, 52.285197889707234], [-3.010756803500569, 52.286166555514626], [-3.004742117836904, 52.29197855035899], [-3.0005652527926934, 52.30457120585511], [-3.0034055210227564, 52.3092208017306], [-3.002403073412146, 52.31522652973645], [-3.0022359988103773, 52.315807729220886], [-3.0020689242086087, 52.31997299219268], [-3.001567700403304, 52.32036045851564], [-2.9972237607573238, 52.32452572148743], [-2.989538329075975, 52.323944522002996], [-2.9860297624388377, 52.3234601890993], [-2.98151874819109, 52.32675365284444], [-2.9791797037663317, 52.327334852328875], [-2.974334540315046, 52.32820665155553], [-2.968988153058456, 52.32898158420144], [-2.9673174070407713, 52.33062831607402], [-2.9668161832354656, 52.33237191452733], [-2.960634422970033, 52.339152575179085], [-2.956123408722285, 52.3458363692501], [-2.9611356467753387, 52.34961416589894], [-2.9633076165983283, 52.35145463093299], [-2.9688210784566875, 52.35193896383669], [-2.9716613466867514, 52.35232643015964], [-2.985862687837069, 52.350873431448555], [-2.9893712544742064, 52.350679698287074], [-2.992378597306039, 52.35155149751373], [-2.9982262083679343, 52.35193896383669], [-3.0034055210227564, 52.350970298029296], [-3.004240894031599, 52.349226699575986], [-3.0102555796952633, 52.3495172993182], [-3.0132629225270957, 52.34825803376859], [-3.0217837272172865, 52.34651443531528], [-3.031975277925162, 52.34564263608863], [-3.0409973064206586, 52.34428650395827], [-3.052024230137376, 52.34777370086489], [-3.0607121094293355, 52.34825803376859], [-3.0652231236770833, 52.353391962547775], [-3.069399988721295, 52.354457494935914], [-3.069399988721295, 52.35494182783961], [-3.070569510933674, 52.35600736022774], [-3.07207318234959, 52.35668542629292], [-3.0770854204026437, 52.35813842500401], [-3.0787561664203285, 52.35852589132697], [-3.084102553676918, 52.35997889003806], [-3.0879452695175926, 52.36123815558767], [-3.0941270297830252, 52.36462848591355], [-3.0976355964201634, 52.366856417270554], [-3.0976355964201634, 52.36792194965869], [-3.0991392678360787, 52.36850314914312], [-3.102146610667911, 52.370537347338654], [-3.102981983676753, 52.372280945791964], [-3.103817356685596, 52.37363707792231], [-3.106156401110354, 52.37450887714897], [-3.120190667658904, 52.37751174115189], [-3.126205353322568, 52.380514605154815], [-3.1280431739420207, 52.383420602577], [-3.129546845357937, 52.38448613496513], [-3.134726158012759, 52.38516420103031], [-3.1477579769506985, 52.38739213238731], [-3.1500970213754567, 52.38807019845249], [-3.154440961021437, 52.38768273212953], [-3.1582836768621103, 52.39155739535911], [-3.161959318101017, 52.39378532671611], [-3.1592861244727217, 52.39804745626864], [-3.164465437127544, 52.40066285394861], [-3.1669715561540706, 52.40250331898266], [-3.171649645003587, 52.40395631769375], [-3.171649645003587, 52.404634383758925], [-3.172819167215966, 52.40569991614706], [-3.1771631068619453, 52.408412180407765], [-3.187354657569821, 52.41160877757216], [-3.1883571051804322, 52.4121899770566], [-3.1915315226140324, 52.414514774994345], [-3.1958754622600125, 52.4149022413173], [-3.2075706843838034, 52.41868003796614], [-3.21007680341033, 52.41916437086984], [-3.2115804748262464, 52.41926123745058], [-3.213752444649236, 52.41974557035427], [-3.2192659065075953, 52.42207036829202], [-3.2207695779235115, 52.42371710016459], [-3.22093665252528, 52.4249763657142], [-3.2307940540296185, 52.4318538929467], [-3.2304599048260814, 52.43350062481927], [-3.229457457215471, 52.43398495772297], [-3.2301257556225442, 52.435244223272576], [-3.2296245318172394, 52.43766588779106], [-3.2282879350030917, 52.43950635282511], [-3.2307940540296185, 52.43999068572881], [-3.2324648000473033, 52.43999068572881], [-3.2336343222596824, 52.440668751793986], [-3.235472142879135, 52.442509216828036], [-3.2348038444720615, 52.44318728289321], [-3.2351379936755986, 52.44493088134652], [-3.233467247657914, 52.45113034251384], [-3.2319635762419976, 52.45306767412863], [-3.230292830224313, 52.45374574019381], [-3.2279537857995546, 52.45490813916268], [-3.2267842635871755, 52.4551987389049], [-3.2256147413747964, 52.455876804970075], [-3.225781815976565, 52.456070538131556], [-3.222941547746501, 52.45713607051969], [-3.2159244144722265, 52.46556346304401], [-3.2119146240297836, 52.46817886072398], [-3.2082389827908777, 52.46992245917729], [-3.204062117746666, 52.47137545788838], [-3.202057222525445, 52.47282845659947], [-3.1943717908440963, 52.476412520086825], [-3.1806716734990834, 52.473797122406864], [-3.1786667782778615, 52.4743783218913], [-3.1574483038532684, 52.48513051235337], [-3.1425786642958764, 52.490845640617], [-3.1282102485437893, 52.49210490616661], [-3.1248687565084206, 52.49287983881253], [-3.117851623234146, 52.49472030384658], [-3.1171833248270717, 52.49588270281545], [-3.113507683588166, 52.498207500753196], [-3.111502788366945, 52.49888556681837], [-3.0936258059777204, 52.49907929997985], [-3.0632182284558622, 52.499854232625765], [-3.0558669459780505, 52.499951099206505], [-3.0443387984560273, 52.50014483236799], [-3.0298033081021716, 52.50227589714425], [-3.0334789493410774, 52.50382576243608], [-3.0343143223499203, 52.50634429353531], [-3.0321423525269307, 52.50925029095749], [-3.0363192175711413, 52.511381355733754], [-3.0366533667746785, 52.513318687348544], [-3.0334789493410774, 52.51729021715886], [-3.031975277925162, 52.51913068219291], [-3.031641128721625, 52.519421281935124], [-3.030805755712783, 52.52387714464914], [-3.0277984128809505, 52.52368341148766], [-3.024456920845582, 52.52358654490692], [-3.023120324031434, 52.52300534542248], [-3.02245202562436, 52.52271474568027], [-3.0221178764208227, 52.52271474568027], [-3.0197788319960646, 52.523102212003224], [-3.0166044145624644, 52.522327279357306], [-3.013095847925327, 52.52213354619583], [-3.011926325712948, 52.521261746969174], [-3.0112580273058738, 52.521358613549914], [-3.00841775907581, 52.52029308116178], [-3.007582386066968, 52.52029308116178], [-3.0062457892528203, 52.52038994774252], [-3.006412863854589, 52.519711881677345], [-3.0014006258015353, 52.52252101251879], [-3.0008994019962296, 52.524070877810615], [-3.0022359988103773, 52.525039543618014], [-3.005076267040441, 52.529495406332025], [-3.0034055210227564, 52.53094840504312], [-3.0037396702262935, 52.53240140375421], [-3.003906744828062, 52.53356380272308], [-3.002737222615683, 52.53530740117639], [-3.0017347750050725, 52.538503998340786], [-2.9997298797838505, 52.542088061828146], [-2.9988945067750086, 52.54334732737776], [-2.998393282969703, 52.54635019138068], [-2.9977249845626295, 52.54809378983399], [-2.9957200893414075, 52.55070918751396], [-2.99438349252726, 52.553033985451705], [-2.9977249845626295, 52.553905784678356], [-2.9993957305803143, 52.555552516550925], [-2.9985603575714714, 52.55816791423089], [-2.9993957305803143, 52.5589428468768], [-2.9988945067750086, 52.56204257746047], [-2.9985603575714714, 52.56252691036416], [-3.0002311035891562, 52.565626640947826], [-3.0008994019962296, 52.567467105981876], [-3.001567700403304, 52.568920104692964], [-3.002403073412146, 52.56882323811222], [-3.006412863854589, 52.57386030031068], [-3.0080836098722736, 52.57434463321437], [-3.014432444739475, 52.575507032183246], [-3.016771489164233, 52.575119565860284], [-3.0209483542084437, 52.57415090005289], [-3.0282996366862562, 52.57289163450328], [-3.03648629217291, 52.571826102115146], [-3.0438375746507216, 52.568145172047046], [-3.044840022261332, 52.5667890399167], [-3.046510768279017, 52.564657975140435], [-3.048849812703775, 52.56301124326786], [-3.052024230137376, 52.55962091294198], [-3.0535279015532923, 52.5589428468768], [-3.070903660137211, 52.55526191680871], [-3.071237809340748, 52.5540026512591], [-3.074579301376117, 52.553712051516875], [-3.0872769711105192, 52.55129038699839], [-3.090618463145888, 52.54857812273769], [-3.0922892091635727, 52.54780319009177], [-3.092957507570646, 52.54722199060734], [-3.090618463145888, 52.54276612789332], [-3.0862745234999087, 52.54189432866667], [-3.0807610616415495, 52.53918206440596], [-3.081262285446855, 52.53801966543709], [-3.082097658455697, 52.53792279885636], [-3.082598882261003, 52.53724473279118], [-3.084603777482224, 52.535016801434175], [-3.085439150491066, 52.53521053459565], [-3.0867757473052135, 52.534338735369], [-3.0887806425264355, 52.53366066930382], [-3.0911196869511937, 52.533176336400125], [-3.0932916567741833, 52.53298260323864], [-3.0952965519954043, 52.53269200349643], [-3.096131925004247, 52.53211080401199], [-3.1031490582785217, 52.53036720555868], [-3.1039844312873646, 52.53036720555868], [-3.1076600725262704, 52.529495406332025], [-3.1084954455351124, 52.52978600607425], [-3.112171086774018, 52.52881734026685], [-3.1140089073934716, 52.52910794000907], [-3.1156796534111555, 52.528623607105374], [-3.117016250225303, 52.52842987394389], [-3.129546845357937, 52.5274612081365], [-3.1348932326145276, 52.52842987394389], [-3.1372322770392858, 52.5333700695616], [-3.135561531021601, 52.534919934853434], [-3.125871204119031, 52.53695413304896], [-3.1188540708447565, 52.538503998340786], [-3.117016250225303, 52.53840713176005], [-3.1131735343846287, 52.5407319296978], [-3.111502788366945, 52.541409995762976], [-3.126205353322568, 52.56388304249452], [-3.1380676500481286, 52.57628196482916], [-3.1382347246498963, 52.57831616302469], [-3.1362298294286752, 52.5827720257387], [-3.135060307216296, 52.58364382496536], [-3.1373993516410543, 52.58393442470757], [-3.1337237104021485, 52.58558115658014], [-3.133055411995074, 52.58577488974162], [-3.129045621552632, 52.58654982238754], [-3.1277090247384844, 52.5864529558068], [-3.1272078009331787, 52.5859686229031], [-3.125871204119031, 52.58674355554901], [-3.12386630889781, 52.58761535477567], [-3.121861413676588, 52.58761535477567], [-3.1203577422606728, 52.58674355554901], [-3.1168491756235346, 52.58616235606458], [-3.1171833248270717, 52.586840422129754], [-3.116682101021766, 52.586840422129754], [-3.1156796534111555, 52.58742162161419], [-3.1153455042076192, 52.58829342084085], [-3.113507683588166, 52.58984328613268], [-3.111502788366945, 52.59119941826303], [-3.10548810270328, 52.594880348331124], [-3.1016453868626055, 52.59536468123483], [-3.100977088455532, 52.59643021362296], [-3.1004758646502264, 52.59759261259183], [-3.0991392678360787, 52.59798007891479], [-3.0968002234113206, 52.598851878141446], [-3.0947953281900995, 52.598561278399224], [-3.0941270297830252, 52.59798007891479], [-3.0892818663317403, 52.603307740855456], [-3.0912867615529622, 52.6056325387932], [-3.09262335836711, 52.6083448030539], [-3.0927904329688776, 52.60989466834574], [-3.082598882261003, 52.61560979660936], [-3.0824318076592343, 52.616869062158976], [-3.082598882261003, 52.61822519428932], [-3.082598882261003, 52.61958132641968], [-3.082598882261003, 52.61967819300042], [-3.0795915394291704, 52.62335912306851], [-3.07207318234959, 52.62607138732922], [-3.073409779163738, 52.62781498578253], [-3.0722402569513587, 52.62868678500918], [-3.0699012125266005, 52.629171117912875], [-3.06455482527001, 52.62994605055879], [-3.068063391907147, 52.63604864514538], [-3.0724073315531273, 52.63740477727573], [-3.0742451521725798, 52.63876090940608], [-3.079424464827402, 52.63972957521347], [-3.0836013298716134, 52.6412794405053], [-3.0772524950044122, 52.64321677212009], [-3.073409779163738, 52.64418543792749], [-3.0675621681018415, 52.6454447034771], [-3.0618816316417146, 52.64573530321932], [-3.060545034827567, 52.64583216980006], [-3.0582059904028087, 52.64747890167263], [-3.0515230063320704, 52.648060101157064], [-3.05052055872146, 52.6528065636133], [-3.0470119920843226, 52.65493762838956], [-3.0450070968631007, 52.65590629419695], [-3.0455083206684064, 52.65677809342361], [-3.0486827381020065, 52.65755302606952], [-3.0486827381020065, 52.66016842374949], [-3.048849812703775, 52.6619120222028], [-3.0486827381020065, 52.66307442117167], [-3.0446729476595644, 52.6655929522709], [-3.0433363508454168, 52.667917750208645], [-3.042835127040111, 52.668595816273815], [-3.0430022016418796, 52.67208301318043], [-3.0418326794295005, 52.67576394324853], [-3.045675395270175, 52.67547334350632], [-3.0426680524383425, 52.68089787202772], [-3.0433363508454168, 52.683900736030644], [-3.0435034254471853, 52.6879691324217], [-3.041331455624195, 52.69271559487793], [-3.0369875159782156, 52.69252186171645], [-3.0341472477481517, 52.69339366094311], [-3.0321423525269307, 52.696590258107506], [-3.0321423525269307, 52.69988372185265], [-3.0301374573057087, 52.702014786628915], [-3.0293020842968668, 52.70269285269409], [-3.025960592261497, 52.70346778534], [-3.02245202562436, 52.70666438250441], [-3.022786174827897, 52.708214247796235], [-3.0217837272172865, 52.71063591231472], [-3.0252922938544238, 52.71470430870578], [-3.023621547836739, 52.719741370904224], [-3.0202800558013703, 52.721678702519014], [-3.018442235181917, 52.72129123619606], [-3.00841775907581, 52.72216303542271], [-3.00307137181922, 52.7209037698731], [-2.997557909960861, 52.7209037698731], [-2.9892041798724387, 52.722647368326406], [-2.9856956132353005, 52.72255050174567], [-2.9848602402264586, 52.72284110148789], [-2.9821870465981632, 52.72574709891007], [-2.977508957748647, 52.72661889813672], [-2.976172360934499, 52.7245846999412], [-2.9771748085451097, 52.7204194369694], [-2.9773418831468783, 52.71964450432348], [-2.9771748085451097, 52.71702910664352], [-2.96748448164254, 52.71431684238282], [-2.962973467394791, 52.715479241351694], [-2.961469795978876, 52.71877270509683], [-2.9619710197841806, 52.72380976729528], [-2.9616368705806435, 52.72487529968342], [-2.961803945182412, 52.72555336574859], [-2.9656466610230865, 52.72894369607447], [-2.966649108633697, 52.72913742923595], [-2.968988153058456, 52.73194656007739], [-2.969489376863761, 52.733399558788484], [-2.9711601228814457, 52.735143157241794], [-2.971828421288519, 52.73553062356475], [-2.9716613466867514, 52.73504629066105], [-2.987032210049448, 52.733399558788484], [-2.991042000491891, 52.7336901585307], [-2.9965554623502504, 52.736111823049185], [-2.9973908353590923, 52.73833975440619], [-2.9960542385449447, 52.73911468705211], [-2.993548119518418, 52.73833975440619], [-2.993046895713113, 52.73998648627877], [-2.9905407766865864, 52.74221441763577], [-2.9948847163325656, 52.74444234899278], [-3.002403073412146, 52.74628281402683], [-3.005577490845747, 52.747735812737915], [-3.0145995193412425, 52.74851074538383], [-3.0166044145624644, 52.74851074538383], [-3.0211154288102122, 52.751513609386755], [-3.021950801819055, 52.75238540861341], [-3.017272712969538, 52.7533540744208], [-3.0132629225270957, 52.75558200577781], [-3.0112580273058738, 52.76003786849182], [-3.0105897288988004, 52.76158773378365], [-3.016437339960696, 52.76623732965914], [-3.018776384385454, 52.767496595208755], [-3.0221178764208227, 52.76449373120583], [-3.0262947414650343, 52.76701226230506], [-3.028800860491561, 52.765849863336186], [-3.0329777255357726, 52.765849863336186], [-3.035650919164068, 52.76410626488288], [-3.036820441376447, 52.76459059778657], [-3.034815546155225, 52.76623732965914], [-3.033144800137541, 52.76652792940136], [-3.035316769960531, 52.767690328370236], [-3.039660709606511, 52.770208859469456], [-3.0435034254471853, 52.769530793404286], [-3.0451741714648692, 52.76894959391985], [-3.046510768279017, 52.76701226230506], [-3.053193752349755, 52.769337060242805], [-3.050019334916154, 52.77224305766499], [-3.0578718411992716, 52.773696056376075], [-3.0582059904028087, 52.772921123730164], [-3.0612133332346403, 52.769337060242805], [-3.064053601464704, 52.76962765998502], [-3.062884079252325, 52.771177525276855], [-3.064888974473547, 52.77166185818055], [-3.0727414807566635, 52.76962765998502], [-3.0790903156238647, 52.7735023232146], [-3.080593987039781, 52.777473853024915], [-3.0852720758892973, 52.777280119863434], [-3.087778194915824, 52.77979865096266], [-3.0916209107564985, 52.7867730447759], [-3.085773299694603, 52.79026024168252], [-3.0891147917299717, 52.7958785033654], [-3.090952612349425, 52.79607223652688], [-3.093458731375952, 52.793650572008396], [-3.097802671021931, 52.79132577407065], [-3.1044856550926694, 52.792681906201004], [-3.106156401110354, 52.79297250594322], [-3.107492997924502, 52.79074457458621], [-3.1093308185439543, 52.787354244260335], [-3.11300645978286, 52.78657931161442], [-3.115846728012924, 52.785416912645545], [-3.118352847039451, 52.783576447611495], [-3.1225297120836624, 52.787547977421816], [-3.1272078009331787, 52.787354244260335], [-3.1312175913756217, 52.787547977421816], [-3.141576216685266, 52.78987277535956], [-3.143581111906487, 52.78987277535956], [-3.158450751463879, 52.793456838846915], [-3.1617922434992485, 52.79946256685276], [-3.1562787816408893, 52.800915565563855], [-3.1546080356232045, 52.803530963243816], [-3.1614580942957113, 52.803627829824556], [-3.163128840313396, 52.80411216272825], [-3.1681410783664496, 52.80730875989265], [-3.167305705357607, 52.81031162389557], [-3.1666374069505334, 52.8165110850629], [-3.1678069291629125, 52.8192233493236], [-3.1649666609328486, 52.8229042793917], [-3.1541068118178996, 52.833172136950076], [-3.156445856242658, 52.83704680017965], [-3.1552763340302787, 52.83879039863296], [-3.1517677673931415, 52.84189012921662], [-3.1546080356232045, 52.84411806057363], [-3.1629617657116276, 52.847508390899506], [-3.1614580942957113, 52.8479927238032], [-3.1601214974815637, 52.84973632225651], [-3.1582836768621103, 52.85157678729056], [-3.1557775578355836, 52.8531266525824], [-3.153939737216131, 52.85428905155127], [-3.152436065800215, 52.85506398419718], [-3.14759090234893, 52.85574205026236], [-3.1462543055347822, 52.85709818239271], [-3.1389030230569706, 52.86136031194524], [-3.1277090247384844, 52.86707544020887], [-3.1297139199597055, 52.86920650498514], [-3.134392008809222, 52.86978770446957], [-3.139070097658739, 52.87337176795693], [-3.1417432912870344, 52.87346863453767], [-3.1449177087206346, 52.87492163324876], [-3.1497628721719195, 52.87695583144429], [-3.144249410313561, 52.885189490807136], [-3.1400725452693496, 52.8855769571301], [-3.1382347246498963, 52.887029955841186], [-3.1414091420834973, 52.88809548822932], [-3.144750634118866, 52.89303568384703], [-3.1332224865968428, 52.895166748623296], [-3.126706577127874, 52.894391815977386], [-3.1233650850925043, 52.89536048178478], [-3.1153455042076192, 52.89458554913886], [-3.1141759819952393, 52.89400434965442], [-3.114677205800545, 52.90456280695502], [-3.1133406089863973, 52.90921240283051], [-3.105822251906817, 52.92151445858442], [-3.101812461464374, 52.92616405445991], [-3.0959648504024786, 52.930329317431706], [-3.0882794187211298, 52.92936065162431], [-3.0844367028804553, 52.926551520782866], [-3.066058496685926, 52.92626092104065], [-3.0615474824381774, 52.92907005188209], [-3.0598767364204935, 52.92926378504357], [-3.0563681697833553, 52.92800451949396], [-3.0521913047391447, 52.92936065162431], [-3.0466778428807855, 52.92800451949396], [-3.04083023181889, 52.92790765291322], [-3.0338130985446146, 52.93042618401244], [-3.023955697040276, 52.936431912018286], [-3.0252922938544238, 52.9376911775679], [-3.0169385637660016, 52.94708723589962], [-3.0171056383677692, 52.94873396777219], [-3.009921430491726, 52.955998961327644], [-3.003572595624525, 52.957936292942435], [-2.985862687837069, 52.95871122558835], [-2.979848002173405, 52.96190782275275], [-2.979513852969868, 52.965201286497894], [-2.9753369879256573, 52.96888221656599], [-2.9684869292531504, 52.964135754109755], [-2.9711601228814457, 52.96200468933349], [-2.9716613466867514, 52.96113289010684], [-2.9708259736779086, 52.95919555849205], [-2.968988153058456, 52.95909869191131], [-2.966147884828392, 52.957355093458], [-2.9648112880142445, 52.955998961327644], [-2.962639318191255, 52.95570836158543], [-2.962305168987718, 52.95493342893951], [-2.9624722435894864, 52.954449096035816], [-2.961469795978876, 52.953383563647684], [-2.9599661245629596, 52.951543098613634], [-2.951445319872769, 52.94757156880332], [-2.949440424651547, 52.94660290299593], [-2.946600156421483, 52.94592483693075], [-2.9432586643861143, 52.94485930454262], [-2.9367427549171445, 52.94214704028191], [-2.9362415311118397, 52.941953307120436], [-2.9344037104923864, 52.94108150789378], [-2.9323988152711653, 52.94059717499008], [-2.9303939200499434, 52.93924104285973], [-2.928890248634027, 52.93865984337529], [-2.927386577218112, 52.941856440539695], [-2.9247133835898165, 52.94234077344339], [-2.9090083710235817, 52.941953307120436], [-2.9049985805811387, 52.94398750531596], [-2.901322939342233, 52.94660290299593], [-2.8874557473954514, 52.952511764421025], [-2.883613031554777, 52.94669976957666], [-2.8697458396079956, 52.94476243796188], [-2.8677409443867745, 52.94495617112335], [-2.8637311539443315, 52.94466557138114], [-2.860389661908963, 52.944374971638915], [-2.849028588988708, 52.94495617112335], [-2.8468566191657185, 52.94379377215448], [-2.84234560491797, 52.94205017370117], [-2.84017363509498, 52.941953307120436], [-2.839839485891443, 52.933719647757584], [-2.8385028890772954, 52.93216978246575], [-2.8348272478383896, 52.929844984528], [-2.822296652705756, 52.920352059615546], [-2.8212942050951453, 52.91909279406593], [-2.8179527130597757, 52.91763979535484], [-2.8102672813784277, 52.907662537538684], [-2.804252595714763, 52.90330354140541], [-2.8014123274847, 52.89671661391513], [-2.8004098798740884, 52.89555421494626], [-2.7940610450068872, 52.89807274604548], [-2.7932256719980453, 52.90126934320988], [-2.781697524476022, 52.908728069926816], [-2.778857256245958, 52.910277935218645], [-2.778523107042422, 52.90998733547643], [-2.755299737396607, 52.924614189168075], [-2.7446069628834264, 52.9244204560066], [-2.7285678011136545, 52.92519538865251], [-2.7265629058924334, 52.937981777310114], [-2.725560458281823, 52.94050030840934], [-2.727064129697739, 52.94573110376927], [-2.7280665773083497, 52.96190782275275], [-2.726729980494202, 52.96481382017493], [-2.7273982789012754, 52.96636368546677], [-2.7329117407596346, 52.96752608443564], [-2.73124099474195, 52.97391927876444], [-2.7317422185472555, 52.97556601063701], [-2.7320763677507927, 52.97692214276736], [-2.730405621733108, 52.977890808574756], [-2.729570248724266, 52.979731273608806], [-2.727064129697739, 52.98079680599694], [-2.7265629058924334, 52.981378005481375], [-2.7265629058924334, 52.98176547180433], [-2.7268970550959706, 52.98234667128877], [-2.7268970550959706, 52.98331533709616], [-2.720381145627001, 52.983993403161335], [-2.7180421012022427, 52.98418713632282], [-2.7152018329721788, 52.98505893554947], [-2.71186034093681, 52.9861244679376], [-2.6993297458041763, 52.99542365968858], [-2.6944845823528905, 52.99338946149306], [-2.691811388724596, 52.99048346407088], [-2.6864650014680054, 52.98825553271387], [-2.6871332998750788, 52.98680253400278], [-2.684627180848552, 52.9866088008413], [-2.6796149427954985, 52.9866088008413], [-2.674602704742445, 52.985640135033904], [-2.6715953619106134, 52.987093133745], [-2.6659148254504856, 52.98883673219831], [-2.6607355127956636, 52.99145212987827], [-2.658229393769137, 52.99164586303975], [-2.655389125539073, 52.99309886175084], [-2.634003576512711, 52.99600485917303], [-2.6309962336808796, 52.99590799259229], [-2.621974205185383, 52.986705667422044], [-2.6149570719111077, 52.987771199810176], [-2.6037630735926216, 52.98176547180433], [-2.6042642973979273, 52.97895634096289], [-2.6005886561590215, 52.97876260780141], [-2.595910567309505, 52.979731273608806], [-2.592736149875904, 52.974209878506656], [-2.598416686336032, 52.97169134740743], [-2.5969130149201156, 52.969560282631164], [-2.5960776419112728, 52.967622951016374], [-2.59641179111481, 52.96655741862824], [-2.5977483879289576, 52.96297335514088], [-2.5862202404069343, 52.955320895262474], [-2.573522570672532, 52.95851749242687], [-2.571851824654848, 52.95919555849205], [-2.572353048460153, 52.962489022237186], [-2.571183526247774, 52.96210155591423], [-2.5680091088141737, 52.962489022237186], [-2.5591541549204457, 52.96219842249497], [-2.555812662885076, 52.95900182533057], [-2.5479601566019596, 52.957064493715784], [-2.540943023327684, 52.95270549758251], [-2.5295819504074295, 52.947184102480364], [-2.526908756779134, 52.95115563229068], [-2.5264075329738294, 52.952511764421025], [-2.5239014139473026, 52.95716136029652], [-2.5227318917349235, 52.95890495874983], [-2.522898966336692, 52.9600673577187], [-2.522564817133155, 52.96113289010684], [-2.5230660409384598, 52.961617223010535], [-2.5239014139473026, 52.9637482877868], [-2.523734339345534, 52.96500755333641], [-2.5227318917349235, 52.96733235127416], [-2.5223977425313864, 52.96820415050081], [-2.5232331155402283, 52.969657149211905], [-2.5232331155402283, 52.97033521527708], [-2.5215623695225444, 52.97295061295704], [-2.5198916235048596, 52.9738224121837], [-2.5143781616465004, 52.97188508056891], [-2.511704968018205, 52.96994774895412], [-2.506525655363384, 52.965879352563064], [-2.4990072982838027, 52.96839788366229], [-2.491656015805991, 52.967719817597114], [-2.490820642797149, 52.96500755333641], [-2.477621749257441, 52.96084229036462], [-2.475951003239757, 52.96190782275275], [-2.4751156302309143, 52.962489022237186], [-2.473277809611462, 52.96210155591423], [-2.4726095112043875, 52.96219842249497], [-2.470437541381398, 52.961520356429794], [-2.4602459906735223, 52.96394202094828], [-2.4528947081957106, 52.96539501965937], [-2.443037306691372, 52.97072268160004], [-2.440364113063077, 52.96994774895412], [-2.438693367045392, 52.96926968288895], [-2.4348506512047177, 52.97033521527708], [-2.4341823527976443, 52.97624407670219], [-2.435853098815329, 52.977503342251794], [-2.4360201734170968, 52.977793941994015], [-2.4340152781958757, 52.979634407028065], [-2.436354322620634, 52.98147487206211], [-2.4356860242135605, 52.9829278707732], [-2.4288359655410536, 52.985737001614645], [-2.423823727488, 52.98631820109908], [-2.4209834592579362, 52.98719000032574], [-2.4188114894349466, 52.988449265875346], [-2.4161382958066513, 52.98815866613313], [-2.4107919085500606, 52.98796493297165], [-2.4051113720899338, 52.99309886175084], [-2.4072833419129234, 52.99522992652711], [-2.4041089244793232, 52.99590799259229], [-2.4027723276651756, 52.99503619336563], [-2.4007674324439536, 52.99542365968858], [-2.389740508727236, 52.99542365968858], [-2.3892392849219313, 52.995520526269324], [-2.3855636436830245, 52.9966829252382], [-2.3807184802317396, 52.998426523691506], [-2.380885554833508, 52.99968578924112], [-2.380050181824666, 53.00084818820999], [-2.380551405629971, 53.002010587178866], [-2.3807184802317396, 53.00278551982478], [-2.383057524656498, 53.00782258202323], [-2.381720927842351, 53.00801631518471], [-2.370526929523864, 53.01460324267499], [-2.3842270468688778, 53.02613036578298], [-2.3842270468688778, 53.03387969224213], [-2.384561196072414, 53.03843242153688], [-2.382556300851193, 53.04424441638125], [-2.382222151647656, 53.04589114825382], [-2.3850624198777197, 53.04811907961083], [-2.3832245992582664, 53.04850654593378], [-2.3807184802317396, 53.049668944902656], [-2.3812197040370453, 53.05257494232484], [-2.3772099135946023, 53.052962408647794], [-2.3750379437716127, 53.05451227393963], [-2.3723647501433174, 53.05460914052037], [-2.361671975630136, 53.055093473424066], [-2.357662185187694, 53.0547060071011], [-2.351647499524029, 53.05732140478107], [-2.3489743058957337, 53.05635273897367], [-2.3466352614709756, 53.056933938458116], [-2.3414559488161535, 53.06003366904177], [-2.3362766361613323, 53.06632999678983], [-2.329927801294131, 53.07320752402234], [-2.3290924282852883, 53.076597854348215], [-2.3229106680198557, 53.07814771964004], [-2.318399653772108, 53.08124745022371], [-2.3148910871349706, 53.081053717062225], [-2.3033629396129474, 53.082991048677016], [-2.296679955542209, 53.080956850481485], [-2.2953433587280614, 53.07969758493187], [-2.290665269878545, 53.07892265228596], [-2.2849847334184172, 53.07969758493187], [-2.2752944065158474, 53.0822161160311], [-2.2771322271353, 53.0858970460992], [-2.26092599076376, 53.088996776682855], [-2.25340763368418, 53.09306517307391], [-2.250901514657653, 53.092871439912436], [-2.238872143330325, 53.10003956688715], [-2.2378696957197146, 53.10100823269455], [-2.2303513386401344, 53.10372049695525], [-2.2246708021800066, 53.10362363037451], [-2.2171524451004263, 53.110791757349226], [-2.2129755800562148, 53.115053886901755], [-2.211304834038531, 53.11582881954767], [-2.1934278516493064, 53.12958387401267], [-2.1865777929767996, 53.13597706834147], [-2.1765533168706925, 53.14556685983467], [-2.1680325121805017, 53.148182257514634], [-2.159511707490311, 53.152928719970866], [-2.15099090280012, 53.15961251404189], [-2.145477440941761, 53.15728771610414], [-2.1444749933311504, 53.17472370063724], [-2.1444749933311504, 53.176273565929066], [-2.142637172711697, 53.177823431220894], [-2.1416347251010865, 53.17937329651273], [-2.1421359489063923, 53.18227929393491], [-2.1401310536851703, 53.18392602580748], [-2.133448069614432, 53.18286049341935], [-2.1301065775790633, 53.17675789883276], [-2.1279346077560737, 53.1746268340565], [-2.124927264924241, 53.17394876799132], [-2.1235906681100936, 53.173464435087624], [-2.1179101316499667, 53.171817703215055], [-2.1150698634199028, 53.172592635860966], [-2.1139003412075237, 53.17191456979579], [-2.1160723110305133, 53.1709459039884], [-2.11540401262344, 53.16949290527731], [-2.1107259237739227, 53.16939603869657], [-2.0891733001457933, 53.170752170826916], [-2.0871684049245713, 53.169880371600264], [-2.08299153988036, 53.170170971342486], [-2.0779793018273063, 53.1704615710847], [-2.071630466960105, 53.17191456979579], [-2.0582644988186294, 53.17869523044755], [-2.059601095632777, 53.179954495997166], [-2.0570949766062503, 53.181601227869734], [-2.0542547083761864, 53.18315109316156], [-2.054755932181492, 53.18566962426079], [-2.0522498131549654, 53.187800689037054], [-2.04957661952667, 53.19031922013628], [-2.047571724305449, 53.19215968517033], [-2.0345399053675095, 53.19312835097772], [-2.031532562535677, 53.193225217558464], [-2.016328773774748, 53.18935055432888], [-2.006972596075715, 53.192353418331805], [-2.0049677008544933, 53.19341895071994], [-2.0001225374032083, 53.1938064170429], [-1.9987859405890607, 53.196034348399905], [-1.9967810453678396, 53.197584213691734], [-1.9927712549253966, 53.20484920724719], [-1.9931054041289338, 53.20639907253902], [-1.9907663597041756, 53.20823953757307], [-1.9889285390847222, 53.20988626944564], [-1.9872577930670374, 53.21192046764117], [-1.987424867668806, 53.21356719951374], [-1.9835821518281316, 53.21502019822483], [-1.9812431074033734, 53.215795130870745], [-1.9807418835980686, 53.21637633035518], [-1.9762308693503199, 53.21879799487367], [-1.9623636774035385, 53.2262567215906], [-1.9566831409434116, 53.213760932675214], [-1.9506684552797466, 53.21192046764117]]]}}, {"type": "Feature", "properties": {"id": "TLH", "name": "East"}, "geometry": {"type": "MultiPolygon", "coordinates": [[[[0.6820931193875044, 52.97740647567106], [0.6807565225733558, 52.98544640187243], [0.6974639827502003, 52.98738373348721], [0.750092482307263, 52.979634407028065], [0.7225251730154678, 52.97885947438215], [0.6881078050511675, 52.9802156065125], [0.6820931193875044, 52.97740647567106]]], [[[0.8834180145184867, 52.96500755333641], [0.8663764051381051, 52.96926968288895], [0.8657081067310308, 52.97808454173623], [0.8782387018636655, 52.975662877217744], [0.8834180145184867, 52.96500755333641]]], [[[1.0157410991191007, 52.95570836158543], [1.0137362038978779, 52.957064493715784], [1.0078885928359824, 52.95890495874983], [1.0078885928359824, 52.95658016081208], [1.0070532198271405, 52.955998961327644], [1.005215399207687, 52.95677389397356], [1.005215399207687, 52.95745196003874], [1.0043800261988451, 52.957742559780954], [1.0038788023935403, 52.95716136029652], [1.0037117277917709, 52.95716136029652], [1.0033775785882355, 52.957355093458], [1.003210503986466, 52.957742559780954], [1.0022080563758564, 52.95842062584613], [0.9993677881457916, 52.957936292942435], [0.9893433120396846, 52.9610360235261], [1.0055495484112242, 52.965879352563064], [1.0159081737208684, 52.963360821463844], [1.0157410991191007, 52.95919555849205], [1.0170776959332475, 52.95667702739282], [1.0157410991191007, 52.95570836158543]]], [[[0.9291964554030425, 52.95725822687726], [0.9285281569959682, 52.95871122558835], [0.9273586347835892, 52.959776757976485], [0.9235159189429147, 52.959679891395744], [0.9144938904474191, 52.96394202094828], [0.9193390538987032, 52.96675115178972], [0.9307001268189588, 52.96297335514088], [0.9358794394737799, 52.96268275539867], [0.9372160362879285, 52.96016422429944], [0.9291964554030425, 52.95725822687726]]], [[[1.620551157520893, 52.53259513691569], [1.5802861784946955, 52.555455649970185], [1.5923155498220236, 52.55778044790793], [1.5966594894680046, 52.56320497642934], [1.6018388021228258, 52.567273372820395], [1.6075193385829536, 52.56833890520853], [1.6090230099988698, 52.57046996998479], [1.6076864131847213, 52.57386030031068], [1.6198828591138188, 52.5731822342455], [1.6257304701757143, 52.575119565860284], [1.6274012161934, 52.578994229089865], [1.6299073352199258, 52.58054409438169], [1.6347524986712116, 52.580834694123915], [1.6375927669012746, 52.58219082625426], [1.6451111239808558, 52.58771222135641], [1.649455063626835, 52.57821929644395], [1.6384281399101166, 52.575119565860284], [1.6345854240694422, 52.57327910082624], [1.6329146780517583, 52.57114803604997], [1.6327476034499888, 52.560880178491594], [1.6237255749544932, 52.55332458519392], [1.6100254576094795, 52.550999787256174], [1.6075193385829536, 52.54867498931843], [1.605347368759963, 52.54325046079702], [1.6078534877864907, 52.54092566285927], [1.613032800441312, 52.53995699705188], [1.6188804115032074, 52.54063506311706], [1.621386530529735, 52.53724473279118], [1.6197157845120511, 52.5338544024653], [1.620551157520893, 52.53259513691569]]], [[[1.4999232950440717, 52.06550448459025], [1.5141246361943885, 52.069572880981305], [1.5244832615040327, 52.07974387195895], [1.5368467820348979, 52.0764504082138], [1.5149600092032323, 52.06763554936652], [1.4999232950440717, 52.06550448459025]]], [[[1.2446333035418782, 51.86886532568925], [1.2379503194711408, 51.8702214578196], [1.22709047035619, 51.879326916409106], [1.2446333035418782, 51.881264248023896], [1.2501467654002365, 51.87690525189062], [1.2446333035418782, 51.86886532568925]]], [[[0.9641150471726494, 51.82198190061138], [0.9519186012435519, 51.82508163119503], [0.960272331331975, 51.830796759458664], [0.9641150471726494, 51.82198190061138]]], [[[0.7723134043424675, 51.71872212554317], [0.7569425409797699, 51.72259678877274], [0.7562742425726956, 51.72676205174454], [0.7848439994751004, 51.723856054322354], [0.7723134043424675, 51.71872212554317]]], [[[0.7245300682366906, 51.71707539367059], [0.7106628762899092, 51.720175124254254], [0.7193507555818677, 51.730152382070415], [0.728372784077365, 51.72579338593714], [0.7245300682366906, 51.71707539367059]]], [[[0.8229370086783074, 51.564897995328984], [0.8157528008022634, 51.57342225443405], [0.8155857262004957, 51.57690945134067], [0.8094039659350631, 51.579137382697674], [0.8080673691209164, 51.585627443607216], [0.8227699340765398, 51.595604701423376], [0.836302976819784, 51.5949266353582], [0.8374724990321631, 51.58514311070352], [0.8229370086783074, 51.564897995328984]]], [[[0.8314578133684982, 51.56024839945349], [0.8252760531030656, 51.56615726087859], [0.8289516943419724, 51.57225985546518], [0.8403127672622261, 51.56082959893793], [0.8314578133684982, 51.56024839945349]]], [[[0.8565190036337658, 51.55656746938539], [0.8401456926604585, 51.56160453158384], [0.8327944101826468, 51.575747052371796], [0.8408139910675327, 51.58475564438056], [0.8388090958463099, 51.59424856929302], [0.8591921972620611, 51.59250497083971], [0.8668776289434099, 51.595217235100414], [0.8712215685893892, 51.601804162590696], [0.8735606130141491, 51.61371875202164], [0.8820814177043399, 51.61614041654013], [0.9002925492971006, 51.61362188544091], [0.9388867823056124, 51.61991821318897], [0.9584345107125216, 51.61982134660823], [0.9537564218630052, 51.61304068595647], [0.9305330522171893, 51.59424856929302], [0.9183366062880935, 51.58640237625313], [0.8862582827485515, 51.56974132436595], [0.8565190036337658, 51.55656746938539]]], [[[0.5729934044327045, 51.50784357927347], [0.5532786014240276, 51.51055584353417], [0.5464285427515208, 51.51840203657407], [0.5395784840790157, 51.52062996793107], [0.5285515603622972, 51.518305169993326], [0.5181929350526531, 51.52963855993983], [0.5335637984153507, 51.53031662600501], [0.5432541253179206, 51.534481888976806], [0.544256572928532, 51.53874401852934], [0.5439224237249949, 51.544265413631486], [0.5465956173532902, 51.54726827763441], [0.554281049034639, 51.54378108072779], [0.6015631613351093, 51.53293202368498], [0.6102510406270696, 51.52721689542135], [0.6214450389455557, 51.526345096194696], [0.6251206801844624, 51.516367838378535], [0.5729934044327045, 51.50784357927347]]], [[[-0.5352124290974309, 51.66040844393804], [-0.5332075338762081, 51.660892776841735], [-0.5223476847612591, 51.659342911549906], [-0.5146622530799103, 51.665445506136486], [-0.5051390007791099, 51.6730979660149], [-0.5108195372392359, 51.67978176008592], [-0.5462393528141476, 51.68045982615109], [-0.5490796210442124, 51.68491568886511], [-0.5433990845840846, 51.692761881905], [-0.5477430242300638, 51.703223472624856], [-0.5631138875927615, 51.71165086514919], [-0.5611089923715404, 51.71804405947799], [-0.5504162178583591, 51.72308112167644], [-0.5529223368848868, 51.73334897923481], [-0.5692956478581941, 51.73780484194883], [-0.5794871985660706, 51.74129203885545], [-0.5863372572385757, 51.75214109589826], [-0.6137374919286032, 51.750881830348646], [-0.626268087061236, 51.753594094609355], [-0.6284400568842265, 51.754562760416746], [-0.6436438456451548, 51.75407842751305], [-0.6486560836982083, 51.75853429022706], [-0.6687050359104223, 51.76570241720178], [-0.6760563183882349, 51.77122381230392], [-0.6775599898041502, 51.78091047037786], [-0.6815697802465932, 51.78807859735258], [-0.6902576595385526, 51.79234072690512], [-0.6825722278572037, 51.79718405594208], [-0.7011175086535024, 51.8149106402174], [-0.7093041641401561, 51.82052890190028], [-0.7191615656444945, 51.81616990576701], [-0.7290189671488339, 51.821788167449895], [-0.7378739210425618, 51.8340902232038], [-0.7447239797150678, 51.83757742011042], [-0.7328616829895083, 51.84755467792658], [-0.7158200736091258, 51.85753193574274], [-0.7071321943171665, 51.85443220515908], [-0.6922625547597745, 51.85704760283904], [-0.6867490929014153, 51.84920140979915], [-0.6917613309544688, 51.845036146827354], [-0.6902576595385526, 51.84125835017852], [-0.683240526264278, 51.835446355334156], [-0.6783953628129931, 51.82605029700243], [-0.667201364494507, 51.81578243944405], [-0.644312144052229, 51.81578243944405], [-0.6344547425478897, 51.8185915702855], [-0.6255997886541618, 51.81587930602479], [-0.6217570728134874, 51.81607303918627], [-0.6184155807781195, 51.81452317389444], [-0.6063862094507897, 51.81239210911817], [-0.5975312555570618, 51.81432944073296], [-0.5916836444951663, 51.80812997956564], [-0.5818262429908287, 51.80687071401603], [-0.5743078859112476, 51.81626677234775], [-0.5624455891856872, 51.823725499064686], [-0.5606077685662356, 51.83011869339349], [-0.5437332337876217, 51.8245004317106], [-0.5375514735221891, 51.8313779589431], [-0.5482442480353686, 51.83593068823785], [-0.5619443653803824, 51.84552047973105], [-0.5714676176811846, 51.855013404643515], [-0.576145706530701, 51.86450632955598], [-0.5868384810438823, 51.87051205756182], [-0.6088923284773173, 51.875549119760265], [-0.6200863267958034, 51.885526377576426], [-0.6372950107779545, 51.88262038015424], [-0.6514963519282722, 51.88697937628752], [-0.6595159328131581, 51.89056343977488], [-0.6725477517510967, 51.90131563023695], [-0.6922625547597745, 51.90015323126808], [-0.7021199562641129, 51.90916182327685], [-0.6925967039633107, 51.920592079804095], [-0.6815697802465932, 51.93764059801423], [-0.682405153255436, 51.94277452679342], [-0.6722136025475605, 51.946649190022995], [-0.673216050158171, 51.95236431828662], [-0.6553390677689466, 51.96059797764947], [-0.6521646503353464, 51.97038150230415], [-0.6456487408663758, 51.9722219673382], [-0.6561744407777885, 51.98200549199288], [-0.6593488582113896, 51.99304828219717], [-0.6593488582113896, 52.00002267601041], [-0.645147517061071, 52.01368086389467], [-0.6506609789194302, 52.01697432763981], [-0.641471875822166, 52.02472365409896], [-0.6408035774150918, 52.02530485358339], [-0.6429755472380805, 52.037219443014344], [-0.6690391851139594, 52.04874656612233], [-0.6568427391848628, 52.058045757873316], [-0.6533341725477255, 52.061726687941416], [-0.6416389504239337, 52.067732415947255], [-0.6364596377691107, 52.07712847427898], [-0.6312803251142896, 52.08100313750856], [-0.623427818831173, 52.08371540176926], [-0.6057179110437172, 52.092142794293586], [-0.6045483888313381, 52.095823724361686], [-0.6025434936101153, 52.10018272049496], [-0.6010398221942008, 52.10541351585489], [-0.5956934349376102, 52.113550308637], [-0.5980324793623684, 52.11655317263992], [-0.6020422698048105, 52.128952094974565], [-0.6072215824596334, 52.13389229059227], [-0.6229265950258664, 52.134279756915234], [-0.6346218171496592, 52.13796068698333], [-0.6359584139638059, 52.14755047847653], [-0.6306120267072153, 52.154912338612725], [-0.6349559663531963, 52.16808619359329], [-0.6282729822824571, 52.1725420563073], [-0.6292754298930685, 52.17874151747462], [-0.6394669806009432, 52.18339111335011], [-0.6431426218398499, 52.18881564187152], [-0.6555061423707151, 52.18959057451744], [-0.6678696629015803, 52.19404643723145], [-0.6687050359104223, 52.19772736729955], [-0.6615208280343792, 52.208092091438665], [-0.6486560836982083, 52.22087848009627], [-0.6372950107779545, 52.22727167442507], [-0.6428084726363128, 52.23327740243091], [-0.6536683217512618, 52.268246238077836], [-0.6399682044062498, 52.27241150104963], [-0.6028776428136524, 52.27870782879769], [-0.5863372572385757, 52.27279896737259], [-0.5656200066192891, 52.25342565122471], [-0.5547601575043384, 52.258172113680935], [-0.5428978607787798, 52.25594418232393], [-0.5393892941416425, 52.26611517330157], [-0.5325392354691356, 52.27250836763037], [-0.5340429068850518, 52.28132322647765], [-0.5405588163540216, 52.291494217455295], [-0.5168342229029008, 52.312998598379444], [-0.5066426721950243, 52.31987612561194], [-0.4870949437881169, 52.321038524580814], [-0.47623509467316794, 52.31803566057789], [-0.4653752455582172, 52.322975856195605], [-0.4677142899829754, 52.33847450911391], [-0.4832522279474425, 52.340896173632395], [-0.47740461688554703, 52.34845176693007], [-0.49862309131014015, 52.3600757566188], [-0.4999596881242869, 52.365209685397986], [-0.48859861520403314, 52.37402454424527], [-0.4847558993633587, 52.38167700412369], [-0.4461616663548451, 52.383226869415516], [-0.4369725632575818, 52.38816706503323], [-0.4319603252045283, 52.396400724396074], [-0.4202651030807356, 52.40502185008188], [-0.4170906856471355, 52.41160877757216], [-0.40088444927559586, 52.41548344080174], [-0.3794989002492333, 52.427979229717124], [-0.3624572908688517, 52.43350062481927], [-0.37030979715197, 52.43689095514515], [-0.3634597384794631, 52.450646009610146], [-0.34224126405487, 52.46914752653137], [-0.34825594971853313, 52.47127859130764], [-0.3500937703379865, 52.48251511467341], [-0.35944994803701924, 52.490167574551826], [-0.3557743067981143, 52.50595682721235], [-0.3779952288333188, 52.51070328966858], [-0.39085997316948884, 52.518743215869954], [-0.40873695555871237, 52.52252101251879], [-0.4135821190099982, 52.52571760968319], [-0.401218598479133, 52.53869773150227], [-0.40322349370035404, 52.54896558906064], [-0.41541993962945156, 52.55158098674061], [-0.4195968046736631, 52.5589428468768], [-0.4074003587445656, 52.56582037410931], [-0.4157540888329887, 52.57008250366184], [-0.41541993962945156, 52.57870362934764], [-0.42511026653202144, 52.58238455941574], [-0.4787412136996938, 52.573666567149196], [-0.49762064369952874, 52.586840422129754], [-0.49143888343409614, 52.5901338858749], [-0.4854241977704312, 52.60214534188658], [-0.481080258124452, 52.60282340795176], [-0.47957658670853576, 52.61444739764049], [-0.4737289756466403, 52.61444739764049], [-0.4708887074165773, 52.62374658939147], [-0.47673631847847275, 52.63052725004323], [-0.48809739139872654, 52.63246458165802], [-0.4939450024606238, 52.64011704153643], [-0.4759009454696308, 52.64873816722224], [-0.4590264106910169, 52.65019116593333], [-0.45267757582381485, 52.654259562324384], [-0.432127399806296, 52.64825383431854], [-0.4057296127268817, 52.648060101157064], [-0.393199017594247, 52.6540658291629], [-0.36379388768300025, 52.66026529033023], [-0.3567767544087239, 52.65997469058801], [-0.33622657839120507, 52.668595816273815], [-0.33622657839120507, 52.674117211375965], [-0.32052156582497027, 52.675085877183356], [-0.2894456898960396, 52.670339414727124], [-0.2612100821971701, 52.65145043148294], [-0.2388220855601979, 52.660555890072445], [-0.2181048349409096, 52.667045950981986], [-0.20607546361358153, 52.66811148337012], [-0.19655221131277933, 52.655518827874], [-0.19037045104734673, 52.652515963871075], [-0.18001182573770436, 52.660555890072445], [-0.1410834435256536, 52.65154729806368], [-0.11301491042855538, 52.66801461678938], [-0.10215506131360463, 52.672179879761174], [-0.0904598391898137, 52.66665848465903], [-0.07458775202181123, 52.67208301318043], [-0.0595510378626507, 52.6746984108604], [-0.040337458659278624, 52.66714281756273], [-0.03131543016378302, 52.66152455587984], [0.02148014399504916, 52.66491488620572], [0.048045005676231156, 52.6810916051892], [0.04503766284440047, 52.691940662232014], [0.04420228983555852, 52.71441370896356], [0.048045005676231156, 52.71877270509683], [0.06391709284423541, 52.72739383078264], [0.08897828310950295, 52.723616034133805], [0.09883568461384051, 52.73029982820482], [0.11103213054293803, 52.729815495301125], [0.13291890337460543, 52.73930842021359], [0.15246663178151465, 52.73814602124472], [0.1701765395689705, 52.739889619698026], [0.16700212213536858, 52.724294100198975], [0.15580812381688247, 52.70772991489254], [0.15380322859566142, 52.68516000158026], [0.15196540797620806, 52.67624827615223], [0.1573117952327987, 52.670533147888605], [0.1583142428434101, 52.66530235252868], [0.15096296036559842, 52.66297755459093], [0.15129710956913556, 52.66113708955688], [0.13057985894984725, 52.642538706054914], [0.12339565107380324, 52.6385671762446], [0.10468329567573775, 52.6321739819158], [0.0931551481537145, 52.62684631997513], [0.06542076426015164, 52.61163826679905], [0.06141097381770777, 52.606698071181334], [0.03952420098604037, 52.6024359416288], [-0.08127073609254865, 52.58364382496536], [-0.0814378106943181, 52.583353225223135], [0.040025424791346964, 52.602242208467324], [0.06191219762301259, 52.606601204600594], [0.06491954045484505, 52.61086333415313], [0.09616249098554519, 52.628008718944], [0.10551866868457971, 52.6321739819158], [0.12289442726849842, 52.63798597676016], [0.1304127843480778, 52.64205437315122], [0.15146418417090324, 52.660846489814666], [0.15179833337444038, 52.66317128775241], [0.15814716824164066, 52.66491488620572], [0.1594837650557892, 52.66743341730494], [0.15781301903810352, 52.670726881050086], [0.15313493018858715, 52.67557021008705], [0.15681057142749388, 52.70792364805402], [0.1685057935512848, 52.72565023232933], [0.17218143479019155, 52.737952288083235], [0.18638277594051011, 52.735336890403275], [0.19674140125015427, 52.74221441763577], [0.2331636644356756, 52.7602316016533], [0.27225912124949403, 52.77282425714942], [0.24502596116123598, 52.78454511341889], [0.25321261664788963, 52.797331502076496], [0.262234645143387, 52.803627829824556], [0.2697530022229664, 52.81592988557846], [0.28729583540865455, 52.8192233493236], [0.3280620382401551, 52.81844841667768], [0.34476949841700133, 52.81408942054441], [0.352120780894813, 52.80934295808818], [0.37333925531940615, 52.81893274958138], [0.39689677416875746, 52.832203471142684], [0.41393838354913903, 52.840340263924794], [0.41895062160219254, 52.84634599193063], [0.4461837816904506, 52.8585511811038], [0.4433435134603876, 52.86785037285478], [0.44635085629222004, 52.87559969931394], [0.4607192720443063, 52.892260751201114], [0.47157912115925527, 52.908534336765335], [0.4792645528406041, 52.9312979832391], [0.48979025275201593, 52.94747470222258], [0.5140160700084415, 52.961617223010535], [0.5186941588579579, 52.96859161682377], [0.534232096822425, 52.974113011925915], [0.5641384505389766, 52.97614721012145], [0.575165374255695, 52.96810728392008], [0.5878630439900974, 52.97711587592884], [0.6177693977066507, 52.97275687979557], [0.6627124655823629, 52.97866574122067], [0.6715674194760908, 52.977503342251794], [0.6800882241662816, 52.967816684177855], [0.6932871177059905, 52.97895634096289], [0.7051494144315491, 52.973241212699264], [0.7181812333694886, 52.97169134740743], [0.7347216189445653, 52.97459734482961], [0.7479205124842725, 52.97479107799109], [0.7467509902718934, 52.96500755333641], [0.7577779139886118, 52.96936654946968], [0.7554388695638536, 52.97808454173623], [0.7744853741654563, 52.979440673866584], [0.8052271008908516, 52.97643780986366], [0.8252760531030656, 52.97827827489771], [0.8453250053152797, 52.977697075413275], [0.8506713925718703, 52.972369413472606], [0.8505043179701026, 52.95909869191131], [0.8705532701823167, 52.95638642765061], [0.8899339239874564, 52.95851749242687], [0.9106511746067447, 52.963360821463844], [0.9288623061995054, 52.957355093458], [0.9276927839871263, 52.957064493715784], [0.9323708728366427, 52.95725822687726], [0.9377172600932333, 52.9600673577187], [0.9382184838985381, 52.96200468933349], [0.9581003615089845, 52.95716136029652], [0.9699626582345449, 52.96181095617201], [0.9988665643404868, 52.95638642765061], [1.0027092801811612, 52.957936292942435], [1.003210503986466, 52.95725822687726], [1.0037117277917709, 52.95716136029652], [1.0037117277917709, 52.957064493715784], [1.004045876995308, 52.95716136029652], [1.00722029442891, 52.95590209474691], [1.0097264134554358, 52.957355093458], [1.0139032784996473, 52.95677389397356], [1.0154069499155636, 52.95541776184321], [1.0175789197385523, 52.95638642765061], [1.0177459943403218, 52.97043208185782], [0.9965275199157286, 52.97043208185782], [0.9706309566416191, 52.97343494586074], [0.973972448676987, 52.980312473093235], [0.9951909231015801, 52.977697075413275], [1.0548365559329174, 52.96452322043272], [1.0924283413308196, 52.95696762713504], [1.140044602834827, 52.94931516725663], [1.1864913421264571, 52.946312303253706], [1.2175672180553896, 52.945343637446314], [1.2516504368161527, 52.941662707378214], [1.2987654745148554, 52.93333218143462], [1.3432073185852644, 52.91996459329258], [1.362253823186867, 52.909503002572734], [1.4065285926555067, 52.89381061649294], [1.4366020209738277, 52.87947436254351], [1.4738596571681928, 52.85622638316605], [1.5137904869908532, 52.83714366676039], [1.5418590200879514, 52.820482614873214], [1.5836276705300651, 52.80207796453273], [1.61537184486607, 52.783576447611495], [1.659145390529405, 52.75519453945485], [1.6805309395557657, 52.73843662098693], [1.697572548936149, 52.723616034133805], [1.7097689948652448, 52.694846659654196], [1.728147201059775, 52.666949084401246], [1.7451888104401565, 52.62616825390995], [1.7423485422100935, 52.61987192616189], [1.7375033787588077, 52.58732475503345], [1.7380046025641143, 52.575216432441024], [1.7336606629181333, 52.57415090005289], [1.7268106042456282, 52.59255555039338], [1.725641082033249, 52.60417954008211], [1.7161178297324469, 52.616675328997495], [1.7057592044228027, 52.61958132641968], [1.6957347283166957, 52.618322060870064], [1.6817004617681466, 52.6083448030539], [1.6589783159276372, 52.60398580692063], [1.6477843176091493, 52.59381481594299], [1.6444428255737815, 52.58839028742159], [1.6377598415030423, 52.58606548948384], [1.6360890954853584, 52.58180335993131], [1.6295731860163887, 52.58102842728539], [1.6274012161934, 52.57996289489726], [1.6203840829191236, 52.573666567149196], [1.6116962036271651, 52.575410165602506], [1.6071851893794165, 52.57415090005289], [1.6083547115917955, 52.57017937024258], [1.6026741751316678, 52.568145172047046], [1.5968265640697723, 52.56436737539821], [1.5918143260167188, 52.558264780811626], [1.5787825070787793, 52.55603684945462], [1.6270670669898628, 52.52842987394389], [1.628236589202242, 52.52300534542248], [1.6309097828305372, 52.52048681432326], [1.638261065308349, 52.51729021715886], [1.6459464969896977, 52.51535288554407], [1.6469489446003074, 52.51312495418706], [1.6449440493790863, 52.509928357022666], [1.6449440493790863, 52.50857222489231], [1.6467818699985397, 52.506828626439], [1.6516270334498238, 52.504406961920516], [1.6541331524763514, 52.50130723133686], [1.659145390529405, 52.50082289843316], [1.669504015839049, 52.503632029274605], [1.6741821046885654, 52.501888430821296], [1.6755187015027122, 52.4977231678495], [1.682034610971682, 52.495301503331014], [1.6813663125646094, 52.487261577129644], [1.682368760175219, 52.482805714415626], [1.68119923796284, 52.4743783218913], [1.6880492966353469, 52.47302218976095], [1.7005798917679815, 52.473990855568346], [1.6965701013255376, 52.47602505376387], [1.6907224902636422, 52.473797122406864], [1.6822016855734514, 52.47699371957127], [1.6828699839805257, 52.48299944757711], [1.6818675363699143, 52.488327109517776], [1.6827029093787562, 52.495301503331014], [1.6761869999097865, 52.49782003443024], [1.6736808808832606, 52.503341429532384], [1.6706735380514282, 52.50421322875904], [1.659145390529405, 52.50121036475612], [1.6541331524763514, 52.501791564240555], [1.652295331856898, 52.50450382850126], [1.6471160192020768, 52.507119226181224], [1.6454452731843912, 52.50876595805379], [1.6476172430073817, 52.51457795289816], [1.6457794223879283, 52.515934085028505], [1.6397647367242651, 52.51709648399738], [1.6312439320340744, 52.52077741406548], [1.6287378130075467, 52.52300534542248], [1.6275682907951676, 52.52852674052463], [1.6203840829191236, 52.53356380272308], [1.6217206797332722, 52.53637293356452], [1.6212194559279673, 52.53995699705188], [1.618546262299672, 52.54092566285927], [1.6103596068130166, 52.54044132995558], [1.6063498163705745, 52.54247552815111], [1.6076864131847213, 52.54838438957621], [1.6128657258395442, 52.55138725357913], [1.6198828591138188, 52.55148412015987], [1.6258975447774837, 52.55409951783984], [1.6337500510606002, 52.56126764481455], [1.6332488272552954, 52.57037310340406], [1.6360890954853584, 52.57386030031068], [1.643941601768475, 52.57434463321437], [1.6504575112374447, 52.57628196482916], [1.648285541414456, 52.58412815786905], [1.6501233620339093, 52.59391168252373], [1.661484434954163, 52.59768947917257], [1.6837053569893676, 52.60069234317549], [1.711272666281161, 52.611153933895345], [1.7249727836261748, 52.6034046074362], [1.7254740074314796, 52.59274928355486], [1.731321618493375, 52.57996289489726], [1.7339948121216704, 52.550224854610256], [1.7391741247764934, 52.533951269046035], [1.7580535547763283, 52.496173302557665], [1.7632328674311495, 52.48115898254306], [1.746525407254305, 52.46633839568993], [1.736166781944661, 52.45122720909458], [1.7296508724756912, 52.43195075952744], [1.7321569915022188, 52.418195705062445], [1.7278130518562378, 52.400081654464174], [1.6898871172548002, 52.34603010241158], [1.6857102522105887, 52.331015782396975], [1.6748504030956397, 52.31367666444462], [1.6588112413258678, 52.32501005439113], [1.6516270334498238, 52.32491318781039], [1.637425692299507, 52.33179071504289], [1.6123645020342394, 52.32675365284444], [1.6006692799104467, 52.3298533834281], [1.5973277878750771, 52.323847655422256], [1.6065168909723422, 52.31609832896311], [1.6165413670784492, 52.316679528447544], [1.6287378130075467, 52.32220092354969], [1.638261065308349, 52.33004711658958], [1.651961182653361, 52.32404138858374], [1.658310017520563, 52.323750788841515], [1.672344284069112, 52.314064130767576], [1.6606490619453211, 52.30786466960026], [1.6441086763702444, 52.29536888068487], [1.6344183494676745, 52.27948276144361], [1.630241484423463, 52.267277572270444], [1.6289048876093144, 52.2388956641138], [1.6248950971668723, 52.22543120939102], [1.6225560527421141, 52.20470176111279], [1.623057276547419, 52.1885250421293], [1.610192532211249, 52.16953919230438], [1.5936521466361722, 52.12672416361756], [1.5906448038043397, 52.111903576764426], [1.582458148317686, 52.09078666216324], [1.5744385674328, 52.08371540176926], [1.5649153151319979, 52.07993760512042], [1.498252549026386, 52.06027368923032], [1.4994220712387651, 52.06308282007176], [1.5191368742474438, 52.06753868278578], [1.5375150804419722, 52.07470680976049], [1.541524870884416, 52.07916267247451], [1.5396870502649627, 52.08720259867588], [1.5573969580524185, 52.09098039532471], [1.5677555833620627, 52.09785792255722], [1.5707629261938951, 52.11151611044147], [1.5869691625654347, 52.11974976980432], [1.5981631608839209, 52.139704285436636], [1.5923155498220236, 52.145031947377305], [1.5806203276982327, 52.142513416278085], [1.573269045220421, 52.14541941370027], [1.5799520292911584, 52.154912338612725], [1.5542225406188184, 52.16547079591332], [1.537180931238435, 52.16527706275184], [1.5278247535394023, 52.161208666360785], [1.513122188583779, 52.15898073500378], [1.509112398141335, 52.16421153036371], [1.4989208474334603, 52.162952264814095], [1.5049355330971252, 52.154137405966814], [1.5176332028315276, 52.15006900957576], [1.5258198583181812, 52.156849670227516], [1.5400211994684998, 52.15617160416234], [1.554389615220586, 52.150553342479455], [1.5677555833620627, 52.1560747375816], [1.5712641499992, 52.14406328156991], [1.58964235619373, 52.13650768827224], [1.5819569245123812, 52.11974976980432], [1.5662519119461464, 52.111806710183686], [1.566084837344377, 52.1002795870757], [1.5525517946011327, 52.092142794293586], [1.5421931692914885, 52.09175532797063], [1.536011409026056, 52.087686931579576], [1.5378492296455093, 52.08110000408929], [1.5248174107075698, 52.08177807015447], [1.5092794727431045, 52.069572880981305], [1.5004245188493766, 52.07209141208053], [1.495412280796323, 52.06434208562138], [1.4785377460177092, 52.05853009077701], [1.4608278382302533, 52.04700296766902], [1.456149749380737, 52.03256984713885], [1.4457911240710928, 52.027339051778924], [1.4329263797349228, 52.00815946879252], [1.4235702020358882, 52.000507008914106], [1.4088676370802649, 51.992273349551255], [1.3946662959299463, 51.99275768245496], [1.3879833118592089, 52.00031327575263], [1.3659294644257738, 52.008353201954], [1.3660965390275415, 52.01900852583533], [1.3589123311514992, 52.02637038597153], [1.3453792884082532, 52.0307293821048], [1.3515610486736858, 52.03799437566026], [1.35222934708076, 52.0449687694735], [1.3437085423905692, 52.05271809593265], [1.3437085423905692, 52.0641483524599], [1.3308437980543992, 52.06821674885096], [1.3290059774349459, 52.07286634472645], [1.3174778299129226, 52.07615980847159], [1.3323474694703155, 52.05940189000367], [1.3336840662844622, 52.04835909979938], [1.3395316773463577, 52.04603430186163], [1.3353548123021461, 52.03896304146765], [1.3423719455764225, 52.02598291964857], [1.3549025407090554, 52.02307692222639], [1.359413554956804, 52.01803986002794], [1.3587452565497298, 52.00980620066509], [1.368268508850532, 52.002250607367415], [1.3784600595584067, 51.999538343106714], [1.3914918784963461, 51.98936735212907], [1.389152834071588, 51.98006816037809], [1.3697721802664482, 51.964375774298304], [1.3445439153994112, 51.95691704758137], [1.3228242171695133, 51.93550953323796], [1.3126326664616368, 51.95062071983331], [1.2825592381433157, 51.96611937275161], [1.281222641329169, 51.98016502695883], [1.28322753655039, 51.99004541819425], [1.2579992716833548, 51.999732076268195], [1.2486430939843203, 51.998763410460796], [1.2299307385862548, 52.00631900375847], [1.215395248232399, 52.00651273691995], [1.2117196069934923, 52.010484266730266], [1.1976853404449432, 52.01532759576724], [1.1879950135423734, 52.0152307291865], [1.1737936723920548, 52.024336187776], [1.166943613719548, 52.01813672660868], [1.1823144770822456, 52.008546935115476], [1.203365876905071, 52.00476913846664], [1.2118866815952618, 51.99643861252305], [1.2269233957544223, 51.99672921226527], [1.245969900356025, 51.99111095058238], [1.267188374780618, 51.987817486837244], [1.2710310906212925, 51.97939009431292], [1.2675225239841552, 51.976387230309996], [1.2790506715061785, 51.960307377907256], [1.2693603446036086, 51.95430164990141], [1.255994376462132, 51.95962931184208], [1.2374490956658342, 51.96108231055317], [1.2197391878783783, 51.952848651190315], [1.2123879054005666, 51.95585151519324], [1.186992565931762, 51.955657782031764], [1.1793071342504131, 51.96398830797535], [1.1629338232771058, 51.96863790385084], [1.1321920965517105, 51.95759511364655], [1.10746505548998, 51.953817316997714], [1.0842416858441641, 51.95856377945394], [1.0576768241629821, 51.949264587702956], [1.0660305542514035, 51.94587425737708], [1.089922222304292, 51.94558365763486], [1.1194944268173082, 51.94006226253271], [1.1378726330118383, 51.94074032859789], [1.1504032281444712, 51.94587425737708], [1.1706192549584546, 51.94800532215335], [1.1804766564627922, 51.94170899440529], [1.2043683245156807, 51.9424839270512], [1.2327710068163178, 51.940546595436416], [1.2409576623029714, 51.94732725608817], [1.2606724653116501, 51.94771472241113], [1.2675225239841552, 51.9424839270512], [1.2902446698246646, 51.94742412266891], [1.2879056253999064, 51.93754373143349], [1.2813897159309366, 51.934831467172785], [1.261173689116955, 51.917008016316736], [1.252318735223227, 51.901025030494736], [1.2344417528340017, 51.90383416133618], [1.2220782323031365, 51.90054069759103], [1.2277587687632643, 51.894631836165935], [1.225419724338506, 51.88959477396748], [1.2000243848697014, 51.88387964570386], [1.1906682071706687, 51.8697371249159], [1.1996902356661643, 51.86692799407446], [1.2167318450465459, 51.8697371249159], [1.2244172767278947, 51.87177132311143], [1.2356112750463808, 51.861406598972316], [1.2538224066391432, 51.85801626864644], [1.2598370923028064, 51.8638282634908], [1.2735372096478201, 51.86208466503749], [1.2680237477894618, 51.87419298762992], [1.2787165223026413, 51.877583317955796], [1.2705298668159877, 51.877389584794315], [1.2646822557540922, 51.88601071048012], [1.2905788190282017, 51.87419298762992], [1.290077595222897, 51.86353766374858], [1.2658517779664713, 51.841548949920735], [1.2635127335417131, 51.841452083339995], [1.2424613337188877, 51.82382236564543], [1.203365876905071, 51.80299605078645], [1.1647716438965592, 51.79098459477476], [1.136034812392385, 51.77839193927864], [1.116320009383708, 51.772386211272796], [1.082236790622943, 51.77257994443428], [1.0646939574372567, 51.76996454675431], [1.0458145274374218, 51.77025514649653], [1.0354559021277776, 51.782169735927475], [1.0408022893843683, 51.78556006625335], [1.028438768853503, 51.80047751968723], [1.046148676640959, 51.80125245233314], [1.060182943189508, 51.81152030989152], [1.0433084084108941, 51.80938924511525], [1.0364583497383872, 51.805805181627896], [1.012900830889036, 51.8048365158205], [0.9910140580573685, 51.81946336951215], [0.983996924783094, 51.827697028875], [0.9875054914202313, 51.83844921933707], [0.975977343898208, 51.84929827637989], [0.9641150471726494, 51.85268860670577], [0.9769797915088194, 51.844939280246614], [0.978316388322968, 51.83903041882151], [0.973972448676987, 51.8313779589431], [0.9816578803583358, 51.818979036608454], [0.9657857931903333, 51.822659966676554], [0.9632796741638057, 51.83244349133123], [0.9525868996506262, 51.831474825523834], [0.9512503028364776, 51.823434899322464], [0.9666211661991753, 51.81946336951215], [0.9774810153141242, 51.81316704176409], [0.944233169562203, 51.81026104434191], [0.9428965727480563, 51.80677384743529], [0.9691272852257029, 51.80842057930786], [0.9778151645176614, 51.80464278265902], [0.9968616691192658, 51.80270545104423], [1.004045876995308, 51.797668388845786], [0.9890091628361475, 51.7878848641911], [0.962277226553196, 51.78071673721639], [0.945903915579887, 51.77480787579128], [0.9203415015093146, 51.77316114391871], [0.906975533367838, 51.774129809726105], [0.8984547286776472, 51.77839193927864], [0.9014620715094797, 51.785656932834094], [0.9201744269075469, 51.79650598987691], [0.9153292634562611, 51.80038065310649], [0.9027986683236264, 51.795731057230995], [0.8884302525715402, 51.77936060508603], [0.8835850891202561, 51.76386195216773], [0.8705532701823167, 51.76831781488174], [0.8606958686779773, 51.7687052812047], [0.8575214512443772, 51.77500160895276], [0.8376395736339308, 51.77316114391871], [0.8495018703594912, 51.762408953456635], [0.8615312416868193, 51.76308701952181], [0.8827497161114124, 51.75766249100041], [0.8613641670850516, 51.74603850131168], [0.8389761704480794, 51.738386041433266], [0.8135808309792747, 51.73857977459474], [0.7915269835458396, 51.74477923576207], [0.7886867153157748, 51.73664244297996], [0.7763231947849096, 51.74080770595175], [0.7579449885903795, 51.73722364246439], [0.7445790204489047, 51.73092731471633], [0.7305447539003538, 51.73112104787781], [0.7215227254048582, 51.736254976656994], [0.7034786684138652, 51.727440117809714], [0.6917834462900743, 51.72676205174454], [0.7098275032810673, 51.71630046102468], [0.7298764554932813, 51.71261953095658], [0.7546034965550117, 51.71000413327662], [0.7691389869088656, 51.702351673398205], [0.7920282073511444, 51.710197866438094], [0.7950355501829769, 51.718528392381685], [0.8058953992979259, 51.71775345973577], [0.8197625912447073, 51.72104692348091], [0.8337968577932564, 51.71504119547507], [0.8606958686779773, 51.71891585870464], [0.8738947622176845, 51.72530905303344], [0.8996242508900263, 51.74487610234281], [0.922179322128768, 51.74846016583016], [0.9390538569073819, 51.74235757124358], [0.9487441838099517, 51.73112104787781], [0.9490783330134889, 51.72317798825718], [0.9428965727480563, 51.71087593250327], [0.9398892299162238, 51.69896134307233], [0.9465722139869612, 51.688984085256166], [0.9474075869958032, 51.68104102563554], [0.9420611997392125, 51.6703857017542], [0.942228274340982, 51.66408937400614], [0.9355452902702428, 51.650237452960404], [0.937048961686159, 51.63619179875319], [0.9265232617747472, 51.62902367177847], [0.904135265137775, 51.62253361086893], [0.8911034461998355, 51.62408347616076], [0.8595263464655982, 51.621371211900055], [0.8378066482357003, 51.62350227667633], [0.8231040832800769, 51.623211676934105], [0.805394175492621, 51.626795740421464], [0.7898562375281539, 51.626989473582945], [0.7799988360238164, 51.6342544671384], [0.7616206298292862, 51.64268185966273], [0.7489229600948839, 51.64374739205086], [0.7419058268206093, 51.641325727532376], [0.7170117111571095, 51.643069325985685], [0.7094933540775301, 51.63706359797984], [0.6959603113342858, 51.639291529336845], [0.6785845527503653, 51.636676131656884], [0.6732381654937765, 51.639388395917585], [0.6607075703611418, 51.63735419772206], [0.6331402610693466, 51.63987272882128], [0.6506830942550348, 51.62853933887477], [0.6617100179717532, 51.63396386739618], [0.7073213842545396, 51.63357640107322], [0.7258666650508374, 51.63473880004209], [0.7330508729268814, 51.63028293732808], [0.7517632283249469, 51.6315422028777], [0.7639596742540444, 51.636869864818365], [0.7751536725725305, 51.63241400210435], [0.7841757010680279, 51.623308543514845], [0.8102393389439051, 51.621564945061536], [0.8257772769083722, 51.615365483894216], [0.8416493640763747, 51.61546235047495], [0.8576885258461449, 51.6118782869876], [0.8593592718638305, 51.60025429729887], [0.8481652735453444, 51.59647650065003], [0.8204308896517816, 51.598898165168514], [0.8037234294749354, 51.589114640513834], [0.8080673691209164, 51.57874991637472], [0.8135808309792747, 51.57700631792141], [0.8195955166429378, 51.5651885950712], [0.8297870673508143, 51.559473466807574], [0.8413152148728376, 51.55995779971127], [0.8510055417754074, 51.55385520512469], [0.8167552484128748, 51.5391314848523], [0.7873501185016281, 51.521889233480685], [0.7821708058468051, 51.52130803399625], [0.7571096155815376, 51.52837929439022], [0.7315472015109652, 51.530026026262796], [0.7205202777942468, 51.532544557362016], [0.7028103700067909, 51.53312575684645], [0.6707320464672488, 51.538162819044906], [0.6431647371754536, 51.54106881646709], [0.6216121135473234, 51.535934887687894], [0.6087473692111534, 51.53515995504198], [0.5668116441672719, 51.541456282790044], [0.5596274362912297, 51.54465287995444], [0.545091945937374, 51.547655743957364], [0.5430870507161529, 51.54397481388927], [0.5439224237249949, 51.541456282790044], [0.5424187523090787, 51.53506308846124], [0.5333967238135813, 51.53099469207019], [0.5225368746986323, 51.53283515710424], [0.5168563382385063, 51.530026026262796], [0.5217015016897903, 51.516270971797795], [0.5412492300966996, 51.5125900417297], [0.5313918285923602, 51.50852164533865], [0.5201978302738741, 51.50987777746899], [0.5085026081500832, 51.50532504817424], [0.4685717783274228, 51.50115978520245], [0.46055219744253684, 51.50706864662755], [0.4411715436373971, 51.50319398339798], [0.4455154832833763, 51.49815692119953], [0.440002021425018, 51.49186059345146], [0.440002021425018, 51.48294886802344], [0.4343214849648902, 51.46202568658373], [0.4152749803632876, 51.4558262254164], [0.3937223567351573, 51.452823361413486], [0.3589708395673199, 51.45107976296018], [0.3409267825763269, 51.45233902850978], [0.3347450223108943, 51.45669802464306], [0.3337425747002829, 51.46405988477925], [0.3253888446118598, 51.47161547807693], [0.3085143098332477, 51.47442460891837], [0.29180684965640147, 51.46977501304288], [0.27894210532023145, 51.46289748581038], [0.2471979309842265, 51.4727778770458], [0.22714897877201068, 51.48546739912266], [0.21194519001108247, 51.49108566080555], [0.21545375664821975, 51.496607055907695], [0.22998924700207546, 51.499319320168404], [0.22664775496670586, 51.506584313723856], [0.24185154372763584, 51.50794044585421], [0.2371734548781177, 51.51937070238146], [0.25087357222313145, 51.52886362729392], [0.2538809150549639, 51.51791770367036], [0.26373831655930147, 51.51791770367036], [0.26540906257698715, 51.53215709103906], [0.2978215353200664, 51.53535368820346], [0.3006618035501294, 51.53874401852934], [0.3315706048772942, 51.54077821672487], [0.3252217700100921, 51.55308027247877], [0.3153643685057528, 51.557826734935006], [0.3130253240809946, 51.565769794555635], [0.29030317824048524, 51.56431679584455], [0.2819494481520639, 51.57884678295546], [0.2720920466477246, 51.58775850838348], [0.26992007682473407, 51.59957623123369], [0.25488336266557354, 51.601319829687], [0.2645736895681452, 51.60829422350024], [0.2527113928425848, 51.61739968208974], [0.22414163594018, 51.63173593603917], [0.20359145992265937, 51.625149008548895], [0.1825400600998357, 51.62582707461407], [0.16883994275482195, 51.621468078480795], [0.15547397461334533, 51.623308543514845], [0.13575917160466844, 51.62350227667633], [0.11938586063136114, 51.615365483894216], [0.09465881956963074, 51.610715888018724], [0.08714046249004959, 51.60441956027066], [0.06308171983539346, 51.606938091369884], [0.04086079780018892, 51.61575295021717], [0.021814293198584522, 51.62882993861699], [0.025657009039258938, 51.63454506688062], [0.022649666207428254, 51.641131994370895], [0.001097042579297991, 51.64181006043607], [-0.012268925562178623, 51.64626592315008], [-0.008927433526809025, 51.66021471077656], [-0.011433552553336668, 51.66389564084466], [-0.01109940334979953, 51.680847292474056], [-0.06640109653515758, 51.68385015647698], [-0.07893169166779046, 51.688887218675426], [-0.10583070255251137, 51.69189008267835], [-0.12220401352581867, 51.68849975235247], [-0.1354029070655276, 51.688693485513944], [-0.1494371736140767, 51.68549688834955], [-0.1634714401626276, 51.68811228602951], [-0.16363851476439528, 51.682397157765884], [-0.1724934686581232, 51.6730979660149], [-0.18786433202082087, 51.66786717065497], [-0.191038749454421, 51.66389564084466], [-0.2034022699852862, 51.67009510201198], [-0.2079132842330349, 51.662830108456525], [-0.22896468405586035, 51.66002097761508], [-0.24784411405569529, 51.65527451515885], [-0.2540258743211279, 51.64413485837382], [-0.2729053043209628, 51.64210066017829], [-0.2742419011351096, 51.639291529336845], [-0.29980431520568374, 51.635804332430226], [-0.31667884998429585, 51.64055079488646], [-0.34925839732914454, 51.626892607002205], [-0.36546463370068416, 51.621371211900055], [-0.3995478524614473, 51.613428152279425], [-0.41107599998347055, 51.61381561860238], [-0.4383091600717286, 51.61991821318897], [-0.4454933679477726, 51.619627613446745], [-0.45718859007156354, 51.61226575331055], [-0.4692179613988916, 51.616818482605304], [-0.48793031679695886, 51.626795740421464], [-0.5002938373278241, 51.628636205455514], [-0.49544867387653824, 51.618658947639354], [-0.4989572405136773, 51.61110335434168], [-0.49628404688538197, 51.60238536207513], [-0.5033011801596565, 51.599866830975905], [-0.5206769387435752, 51.601804162590696], [-0.530033116442608, 51.617109082347525], [-0.5373843989204197, 51.642875592824204], [-0.5308684894514499, 51.649171920572265], [-0.5367161005133472, 51.65236851773667], [-0.5352124290974309, 51.66040844393804]]]]}}, {"type": "Feature", "properties": {"id": "TLI", "name": "London"}, "geometry": {"type": "Polygon", "coordinates": [[[-0.15862627671134177, 51.32399080903007], [-0.16313729095909046, 51.33028713677813], [-0.17416421467580712, 51.333193134200314], [-0.1932107192774115, 51.34258919253203], [-0.2130925968878561, 51.33551793213806], [-0.22094510317097438, 51.32989967045517], [-0.2298000570647023, 51.33648659794545], [-0.21726946193206764, 51.34336412517795], [-0.22211462538335347, 51.35130718479858], [-0.22695978883463752, 51.36264057474509], [-0.23681719033897686, 51.36680583771689], [-0.23781963794958827, 51.36699957087836], [-0.24466969662209337, 51.369033769073894], [-0.2450038458256305, 51.38007655927819], [-0.26104300759540244, 51.37959222637449], [-0.2882761676836605, 51.36205937526066], [-0.29295425653317686, 51.35237271718672], [-0.3039811802498935, 51.343073525435734], [-0.306153150072884, 51.3351304658151], [-0.31901789440905404, 51.327962338840386], [-0.33071311653284674, 51.32902787122852], [-0.32787284830278196, 51.343751591500904], [-0.3305460419310773, 51.348401187376396], [-0.31834959600198154, 51.363706107133225], [-0.3175142229931396, 51.37193976649608], [-0.30865926909941166, 51.375426963402695], [-0.3108312389224004, 51.38617915386477], [-0.31768129759490726, 51.39363788058171], [-0.3287082213116257, 51.39228174845135], [-0.3405705180371843, 51.403130805494165], [-0.3591157988334839, 51.41194566434145], [-0.3794989002492333, 51.4078772679504], [-0.3838428398952143, 51.4101051993074], [-0.3866831081252773, 51.42008245712356], [-0.3945356144083938, 51.42327905428796], [-0.40539546352334455, 51.42250412164205], [-0.4190955808683565, 51.43238451287747], [-0.42778346016031676, 51.429284782293806], [-0.4399799060894125, 51.43064091442416], [-0.45652029166448926, 51.438196507721834], [-0.45869226148747977, 51.456310558320105], [-0.4770704676820099, 51.46134762051855], [-0.4939450024606238, 51.462703752648906], [-0.5059743737879518, 51.472487277303586], [-0.49862309131014015, 51.4892451957715], [-0.49143888343409614, 51.493022992420336], [-0.48358637715097963, 51.508134179015684], [-0.4922742564429381, 51.51704590444371], [-0.4889327644075703, 51.52915422703614], [-0.49544867387653824, 51.53855028536786], [-0.4870949437881169, 51.549689942152895], [-0.4765692438767033, 51.55802046809648], [-0.4827510041421359, 51.56286379713345], [-0.48408760095628445, 51.571194323077044], [-0.4996255389207498, 51.59211750451676], [-0.49628404688538197, 51.60238536207513], [-0.4989572405136773, 51.61110335434168], [-0.49544867387653824, 51.618658947639354], [-0.5002938373278241, 51.628636205455514], [-0.48793031679695886, 51.626795740421464], [-0.4692179613988916, 51.616818482605304], [-0.45718859007156354, 51.61226575331055], [-0.4454933679477726, 51.619627613446745], [-0.4383091600717286, 51.61991821318897], [-0.41107599998347055, 51.61381561860238], [-0.3995478524614473, 51.613428152279425], [-0.36546463370068416, 51.621371211900055], [-0.34925839732914454, 51.626892607002205], [-0.31667884998429585, 51.64055079488646], [-0.29980431520568374, 51.635804332430226], [-0.2742419011351096, 51.639291529336845], [-0.2729053043209628, 51.64210066017829], [-0.2540258743211279, 51.64413485837382], [-0.24784411405569529, 51.65527451515885], [-0.22896468405586035, 51.66002097761508], [-0.2079132842330349, 51.662830108456525], [-0.2034022699852862, 51.67009510201198], [-0.191038749454421, 51.66389564084466], [-0.18786433202082087, 51.66786717065497], [-0.1724934686581232, 51.6730979660149], [-0.16363851476439528, 51.682397157765884], [-0.1634714401626276, 51.68811228602951], [-0.1494371736140767, 51.68549688834955], [-0.1354029070655276, 51.688693485513944], [-0.12220401352581867, 51.68849975235247], [-0.10583070255251137, 51.69189008267835], [-0.07893169166779046, 51.688887218675426], [-0.06640109653515758, 51.68385015647698], [-0.01109940334979953, 51.680847292474056], [-0.011433552553336668, 51.66389564084466], [-0.008927433526809025, 51.66021471077656], [-0.012268925562178623, 51.64626592315008], [0.001097042579297991, 51.64181006043607], [0.022649666207428254, 51.641131994370895], [0.025657009039258938, 51.63454506688062], [0.021814293198584522, 51.62882993861699], [0.04086079780018892, 51.61575295021717], [0.06308171983539346, 51.606938091369884], [0.08714046249004959, 51.60441956027066], [0.09465881956963074, 51.610715888018724], [0.11938586063136114, 51.615365483894216], [0.13575917160466844, 51.62350227667633], [0.15547397461334533, 51.623308543514845], [0.16883994275482195, 51.621468078480795], [0.1825400600998357, 51.62582707461407], [0.20359145992265937, 51.625149008548895], [0.22414163594018, 51.63173593603917], [0.2527113928425848, 51.61739968208974], [0.2645736895681452, 51.60829422350024], [0.25488336266557354, 51.601319829687], [0.26992007682473407, 51.59957623123369], [0.2720920466477246, 51.58775850838348], [0.2819494481520639, 51.57884678295546], [0.29030317824048524, 51.56431679584455], [0.3130253240809946, 51.565769794555635], [0.3153643685057528, 51.557826734935006], [0.3252217700100921, 51.55308027247877], [0.3315706048772942, 51.54077821672487], [0.3006618035501294, 51.53874401852934], [0.2978215353200664, 51.53535368820346], [0.26540906257698715, 51.53215709103906], [0.26373831655930147, 51.51791770367036], [0.2538809150549639, 51.51791770367036], [0.25087357222313145, 51.52886362729392], [0.2371734548781177, 51.51937070238146], [0.24185154372763584, 51.50794044585421], [0.22664775496670586, 51.506584313723856], [0.22998924700207546, 51.499319320168404], [0.21545375664821975, 51.496607055907695], [0.2096061455863243, 51.4897295286752], [0.18922304417057312, 51.487695330479674], [0.18471202992282443, 51.49069819448259], [0.17853026965739183, 51.5052281815935], [0.16499722691414753, 51.5116213759223], [0.15163125877267092, 51.512783774891176], [0.13626039540997503, 51.51859576973554], [0.12673714310917283, 51.51956443554294], [0.1066881908969588, 51.51394617386005], [0.09031487992364973, 51.51481797308671], [0.08329774664937517, 51.51152450934157], [0.07360741974680529, 51.500384852556536], [0.060074377003561, 51.498350654361005], [0.04353399142848424, 51.49990051965284], [0.02682653125163803, 51.49864125410323], [0.028998501074628535, 51.493894791646994], [0.0403595739948841, 51.49544465693882], [0.057568257977033355, 51.49447599113143], [0.07628061337510061, 51.495832123261785], [0.09198562594133541, 51.50900597824234], [0.10685526549872648, 51.5093934445653], [0.12506639709148715, 51.51297750805266], [0.14678609532138687, 51.5066811803046], [0.16650089833006376, 51.50348458314019], [0.17168021098488495, 51.49767258829583], [0.17251558399372868, 51.48885772944855], [0.18337543310867765, 51.48110840298939], [0.1937340584183218, 51.47936480453608], [0.21161104080754534, 51.48275513486196], [0.21762572647121026, 51.480430336924215], [0.21194519001108247, 51.475877607629464], [0.20810247417040806, 51.47084054543102], [0.21027444399339856, 51.462510019487425], [0.19590602824131054, 51.45175782902535], [0.18888889496703598, 51.449142431345386], [0.1877193727546569, 51.44865809844169], [0.1842108061175196, 51.444686568631376], [0.17869734425916128, 51.4435241696625], [0.17284973319726404, 51.4430398367588], [0.1656655253212218, 51.43035031468194], [0.16416185390530558, 51.428509849647895], [0.15580812381688247, 51.43083464758564], [0.15280078098505, 51.42172918899613], [0.15296785558681947, 51.408749067177055], [0.1573117952327987, 51.40080600755642], [0.1583142428434101, 51.39228174845135], [0.15046173656029183, 51.38598542070329], [0.15096296036559842, 51.379107893470795], [0.1521324825779775, 51.37833296082488], [0.1521324825779775, 51.36971183513907], [0.14511534930370118, 51.362834307906574], [0.14311045408248013, 51.35305078325189], [0.1409384842594914, 51.350144785829706], [0.13826529063119608, 51.34704505524605], [0.137095768418817, 51.344817123889044], [0.1252334716932566, 51.345882656277176], [0.11671266700306582, 51.341329926982425], [0.12172490505611933, 51.33367746710401], [0.11738096541013832, 51.329512204132214], [0.10969553372879126, 51.32670307329077], [0.10033935602975674, 51.324281408772286], [0.08780876089712386, 51.31827568076644], [0.08279652284407035, 51.30558615868958], [0.09115025293249168, 51.29686816642303], [0.08563679107413336, 51.2930903697742], [0.05857070558764477, 51.28931257312536], [0.04570596125147297, 51.29396216900085], [0.04086079780018892, 51.302680161267396], [0.03284121691530295, 51.30752349030437], [0.02365211381803789, 51.29967729726447], [0.0191410995702892, 51.2916373710631], [0.014964234526079423, 51.291831104224585], [0.0022665647916770837, 51.32912473780926], [-0.007256687509125115, 51.33338686736179], [-0.014273820783399671, 51.329802803874436], [-0.02062265565060173, 51.33716466401063], [-0.030647131756708745, 51.337552130333584], [-0.05019486016361796, 51.33261193471588], [-0.047855815738858, 51.32650934012929], [-0.05487294901313433, 51.32127854476936], [-0.060720560075029795, 51.32001927921975], [-0.07893169166779046, 51.319728679477535], [-0.08193903449962292, 51.31062322088803], [-0.08962446618097175, 51.30393942681701], [-0.09430255503048812, 51.29938669752226], [-0.1156881040568507, 51.29076557183645], [-0.12437598334880917, 51.28679404202614], [-0.1310589674195466, 51.295512034292685], [-0.14091636892388593, 51.29958043068374], [-0.15528478467597218, 51.30122716255631], [-0.15428233706536254, 51.31033262114581], [-0.16180069414494191, 51.319631812896795], [-0.15862627671134177, 51.32399080903007]]]}}, {"type": "Feature", "properties": {"id": "TLJ", "name": "South East (England)"}, "geometry": {"type": "MultiPolygon", "coordinates": [[[[0.6917834462900743, 51.39673761116536], [0.6740735385026184, 51.40225900626751], [0.6822601939892721, 51.41194566434145], [0.6892773272635466, 51.41233313066441], [0.6917834462900743, 51.39673761116536]]], [[[0.8782387018636655, 51.361768775518435], [0.8581897496514515, 51.36622463823245], [0.8366371260233212, 51.36467477294062], [0.8197625912447073, 51.368936902493154], [0.7992124152271884, 51.369130635654635], [0.7871830438998586, 51.37252096598051], [0.7774927169972887, 51.3680651032665], [0.7647950472628864, 51.37135856701164], [0.7703085091212465, 51.379107893470795], [0.7656304202717283, 51.38569482096107], [0.7514290791214115, 51.39082874974026], [0.7514290791214115, 51.39383161374318], [0.7312130523074281, 51.40119347387938], [0.7280386348738279, 51.40758666820818], [0.7424070506259142, 51.4142704622792], [0.7360582157587139, 51.42153545583466], [0.7380631109799349, 51.432675112619684], [0.7507607807143373, 51.445461501277286], [0.7694731361124028, 51.440811905401794], [0.7878513423069329, 51.4403275724981], [0.8160869500058006, 51.42792865016345], [0.8605287940762096, 51.42240725506131], [0.8844204621290981, 51.420954256350214], [0.901294996907712, 51.416788993378425], [0.9101499508014399, 51.40710233530448], [0.9382184838985381, 51.38986008393287], [0.9509161536329405, 51.373392765207164], [0.9372160362879285, 51.36971183513907], [0.9210097999163889, 51.35973457732291], [0.9078109063766799, 51.355375581189634], [0.8962827588546585, 51.35450378196298], [0.8812460446954979, 51.35779724570812], [0.8782387018636655, 51.361768775518435]]], [[[1.3480524820365485, 51.27439511969149], [1.3420377963728853, 51.27604185156406], [1.340199975753432, 51.280013381374374], [1.3316791710632412, 51.28408177776543], [1.3283376790278716, 51.28660030886466], [1.3348535884968413, 51.29328410293567], [1.3463817360188646, 51.29289663661272], [1.3505586010630761, 51.290087505771275], [1.3498903026560019, 51.285534776476524], [1.3520622724789924, 51.28437237750765], [1.3505586010630761, 51.28069144743955], [1.3537330184966763, 51.280303981116596], [1.3559049883196668, 51.27914158214772], [1.356239137523204, 51.27778545001737], [1.3537330184966763, 51.27797918317885], [1.35222934708076, 51.27768858343663], [1.3512268994701504, 51.276623051048496], [1.3517281232754552, 51.27526691891814], [1.3480524820365485, 51.27439511969149]]], [[[-0.9428744574124508, 50.776500894690926], [-0.9786284221908996, 50.782700355858246], [-1.0070311044915359, 50.78550948669969], [-1.0197287742259382, 50.78463768747304], [-1.01738972980118, 50.792290147351444], [-1.0010164188278718, 50.79461494528919], [-0.9894882713058486, 50.80362353729796], [-0.9888199728987743, 50.81108226401489], [-0.983306511040416, 50.82076892208883], [-0.9864809284740161, 50.82716211641763], [-0.9779601237838254, 50.83161797913165], [-0.9590806937839904, 50.83142424597017], [-0.9510611128991044, 50.823965519253235], [-0.9575770223680742, 50.815828726471125], [-0.9565745747574637, 50.79529301135437], [-0.9595819175892961, 50.7909340152211], [-0.951228187500873, 50.784250221150074], [-0.9360243987399439, 50.786187552764865], [-0.9355231749346391, 50.77911629237089], [-0.9428744574124508, 50.776500894690926]]], [[[-1.0880622863492349, 50.77756642707906], [-1.1097819845791337, 50.79170894786701], [-1.1059392687384593, 50.79703660980768], [-1.1114527305968176, 50.8069170010431], [-1.1039343735172373, 50.810501064530456], [-1.0914037783846036, 50.80904806581937], [-1.0907354799775302, 50.81679739227852], [-1.0947452704199723, 50.82706524983689], [-1.0835512721014862, 50.830068113839815], [-1.076367064225443, 50.83694564107231], [-1.061497424668051, 50.835589508941965], [-1.0449570390929743, 50.83084304648573], [-1.0412813978540685, 50.82260938712288], [-1.0417826216593733, 50.804301603363136], [-1.0320922947568034, 50.78686561883004], [-1.062332797676893, 50.78095675740494], [-1.0880622863492349, 50.77756642707906]]], [[[-1.69253819554749, 50.7373667960722], [-1.6890296289103528, 50.741532059044], [-1.6818454210343097, 50.75189678318311], [-1.7149261921844623, 50.751993649763854], [-1.742326426874489, 50.749281385503146], [-1.743495949086868, 50.74995945156832], [-1.7418252030691832, 50.758289977511915], [-1.7398203078479622, 50.762745840225925], [-1.746336217316932, 50.77340116410726], [-1.7456679189098576, 50.776210294948704], [-1.7565277680248066, 50.77843822630571], [-1.7688912885556727, 50.7698171006199], [-1.7834267789095275, 50.764683171840716], [-1.7849304503254437, 50.76497377158293], [-1.7882719423608124, 50.76691110319772], [-1.78960853917496, 50.7703014335236], [-1.7881048677590439, 50.774466696495395], [-1.7879377931572762, 50.77882569262867], [-1.7974610454580775, 50.78386275482712], [-1.7962915232456984, 50.786381285926346], [-1.8048123279358892, 50.79568047767733], [-1.8039769549270472, 50.79994260722986], [-1.8106599389977855, 50.80711073420458], [-1.8028074327146681, 50.81350392853338], [-1.8039769549270472, 50.81999398944292], [-1.801637910502289, 50.822221920799926], [-1.8031415819182044, 50.821931321057704], [-1.7971268962545404, 50.830068113839815], [-1.7914463597944135, 50.83694564107231], [-1.7986305676704566, 50.84082030430189], [-1.7981293438651509, 50.841982703270766], [-1.8028074327146681, 50.85070069553731], [-1.8041440295288158, 50.85554402457428], [-1.8048123279358892, 50.85680329012389], [-1.8056477009447311, 50.85922495464238], [-1.811328237404859, 50.86455261658305], [-1.8136672818296171, 50.863390217614175], [-1.8148368040419962, 50.85874062173868], [-1.8295393689976205, 50.855350291412805], [-1.8415687403249485, 50.858062555673506], [-1.850590768820445, 50.86029048703051], [-1.8535981116522766, 50.86648994819784], [-1.8484187989974554, 50.87375494175329], [-1.8479175751921497, 50.8823760674391], [-1.847416351386844, 50.88344159982723], [-1.848585873599223, 50.88993166073677], [-1.8417358149267171, 50.89700292113075], [-1.8255295785551775, 50.8961311219041], [-1.816507550059681, 50.90397731494399], [-1.8188465944844392, 50.91656997044011], [-1.8106599389977855, 50.927225294321445], [-1.8128319088207752, 50.92751589406366], [-1.8206844151038926, 50.926256628514054], [-1.835386980059516, 50.92955009225919], [-1.835386980059516, 50.93003442516289], [-1.8460797545726964, 50.93032502490511], [-1.8564383798823405, 50.92567542902962], [-1.864625035368995, 50.918894768377854], [-1.8749836606786383, 50.91976656760451], [-1.8788263765193127, 50.92431929689926], [-1.8925264938643265, 50.931584290454715], [-1.8990424033332953, 50.93836495110648], [-1.9105705508553186, 50.94921400814929], [-1.9209291761649627, 50.9615160639032], [-1.9299512046604592, 50.96781239165126], [-1.9391403077577243, 50.96965285668531], [-1.9508355298815152, 50.97817711579037], [-1.9525062758992, 50.978564582113336], [-1.9568502155451801, 50.9898011054791], [-1.9500001568726733, 50.98234237876217], [-1.9279463094392373, 50.99774416509973], [-1.9202608777578893, 50.99745356535752], [-1.8980399557226848, 50.99861596432639], [-1.8888508526254197, 50.999972096456744], [-1.8744824368733335, 51.006365290785546], [-1.8738141384662592, 51.006268424204805], [-1.8739812130680278, 50.984473443538434], [-1.8527627386434347, 51.00500915865519], [-1.8358882038648217, 51.0094650213692], [-1.82736739917463, 50.997259832196036], [-1.8215197881127345, 50.99299770264351], [-1.8155051024490705, 50.98592644224953], [-1.807652596165953, 50.99202903683611], [-1.7909451359891078, 50.990091705221325], [-1.7698937361662832, 50.98350477773104], [-1.754355798201817, 50.97788651604816], [-1.7196042810339796, 50.976820983660026], [-1.7095798049278725, 50.971202721977136], [-1.68936377811389, 50.9546385366707], [-1.661629394220327, 50.945242478338976], [-1.646425605459398, 50.94950460789151], [-1.6348974579373747, 50.95928813254619], [-1.6233693104153515, 50.9546385366707], [-1.6121753120968654, 50.971202721977136], [-1.6049911042208223, 50.97517425178745], [-1.6076642978491176, 50.97992071424368], [-1.6201948929817513, 50.98427971037696], [-1.620361967583519, 50.98863870651023], [-1.6253742056365734, 50.99406323503164], [-1.628381548468405, 50.997647298519], [-1.628381548468405, 50.99861596432639], [-1.6288827722737107, 50.999100297230086], [-1.6262095786454154, 51.00103762884488], [-1.6201948929817513, 51.00345929336336], [-1.6051581788225908, 51.002490627555964], [-1.609167969265033, 51.009852487692164], [-1.6006471645748421, 51.007140223431456], [-1.597472747141242, 51.008012022658114], [-1.6049911042208223, 51.016051948859484], [-1.6006471645748421, 51.022154543446064], [-1.608332596256191, 51.02631980641786], [-1.6146814311233921, 51.03000073648596], [-1.619526594574677, 51.03310046706962], [-1.632391338910848, 51.0328098673274], [-1.6340620849285328, 51.042012192497644], [-1.6280473992648679, 51.07233143226908], [-1.6290498468754793, 51.08114629111637], [-1.637236502362133, 51.09218908132066], [-1.629216921477247, 51.10061647384499], [-1.6308876674949317, 51.111174931145584], [-1.6262095786454154, 51.117374392312904], [-1.6405779943975016, 51.12541431851428], [-1.6629659910344747, 51.12715791696759], [-1.6629659910344747, 51.12967644806681], [-1.6539439625389782, 51.156217891189414], [-1.6668087068751491, 51.16997294565441], [-1.6723221687335075, 51.17849720475947], [-1.6688136020963702, 51.19079926051338], [-1.6770002575830247, 51.19341465819334], [-1.6928723447510272, 51.203004449686546], [-1.6908674495298062, 51.20949451059609], [-1.6843515400608364, 51.21491903911749], [-1.6668087068751491, 51.21695323731302], [-1.6601257228044108, 51.21889056892781], [-1.6534427387336725, 51.22044043421964], [-1.6374035769639015, 51.2176313033782], [-1.6328925627161537, 51.21937490183151], [-1.6310547420967003, 51.22383076454552], [-1.6150155803269293, 51.24146048224009], [-1.6064947756367376, 51.25192207295995], [-1.6006471645748421, 51.25075967399108], [-1.5927946582917247, 51.25298760534808], [-1.5819348091767758, 51.25473120380139], [-1.5789274663449433, 51.25531240328583], [-1.5775908695307956, 51.25560300302804], [-1.5483528142213174, 51.24756307682667], [-1.5359892936904513, 51.248628609214805], [-1.531311204840935, 51.257637201223574], [-1.5298075334250187, 51.260543198645756], [-1.5405003079382, 51.26083379838797], [-1.5371588159028304, 51.273717053626314], [-1.5374929651063676, 51.273813920207054], [-1.5368246666992942, 51.278269782921065], [-1.542505203159421, 51.28127264692399], [-1.534485622274536, 51.28708464176835], [-1.5227904001507442, 51.28708464176835], [-1.5279697128055663, 51.299774163845214], [-1.525296519177271, 51.30703915740067], [-1.5334831746639246, 51.316241482570916], [-1.5318124286462407, 51.32815607200186], [-1.5311441302391664, 51.32922160439], [-1.5274684890002606, 51.33842392956024], [-1.5167757144870802, 51.33900512904468], [-1.497562135283708, 51.33115893600478], [-1.497562135283708, 51.333193134200314], [-1.4865352115669905, 51.34530145679274], [-1.4868693607705268, 51.349466719764536], [-1.5005694781155405, 51.35624738041629], [-1.4992328813013929, 51.36331864081027], [-1.4993999559031606, 51.369033769073894], [-1.5134342224517106, 51.37203663307682], [-1.535655144486915, 51.3840480890885], [-1.5386624873187467, 51.387050953091425], [-1.546514993601864, 51.39102248290174], [-1.5555370220973606, 51.39557521219649], [-1.5536992014779072, 51.406714868981524], [-1.5625541553716351, 51.411267598276275], [-1.5635566029822465, 51.413204929891066], [-1.5712420346635945, 51.4164983936362], [-1.558544364929193, 51.42163232241539], [-1.5396649349293572, 51.42608818512941], [-1.5328148762568512, 51.425603852225706], [-1.5319795032480092, 51.42957538203603], [-1.5239599223631233, 51.44129623830549], [-1.5289721604161768, 51.45553562567419], [-1.5421710539558848, 51.45776355703119], [-1.5508589332478442, 51.46551288349035], [-1.5595468125398035, 51.46977501304288], [-1.5612175585574875, 51.47578074104872], [-1.5675663934246886, 51.47984913743978], [-1.5704066616547525, 51.48624233176858], [-1.5792616155484804, 51.49118252738629], [-1.582268958380313, 51.500287985975795], [-1.5861116742209873, 51.5030002502365], [-1.5879494948404398, 51.5248920974836], [-1.5981410455483154, 51.51869263631628], [-1.6028191343978317, 51.518305169993326], [-1.6136789835127816, 51.53651608717233], [-1.62353638501712, 51.54358734756631], [-1.6253742056365734, 51.5455246791811], [-1.6312218166984689, 51.55182100692916], [-1.6437524118311027, 51.564123062683066], [-1.6477622022735456, 51.571969255722955], [-1.6521061419195249, 51.57419718707997], [-1.662464767229169, 51.57351912101479], [-1.676499033777719, 51.569450724623735], [-1.6803417496183934, 51.57177552256148], [-1.6815112718307725, 51.572162988884436], [-1.681678346432541, 51.57274418836887], [-1.6826807940431516, 51.57274418836887], [-1.683349092450226, 51.57284105494961], [-1.6910345241315738, 51.58349637883095], [-1.687358882892668, 51.58669297599535], [-1.6851869130696784, 51.5880491081257], [-1.6848527638661412, 51.590955105547884], [-1.6850198384679098, 51.591826904774535], [-1.6863564352820575, 51.59415170271228], [-1.6868576590873632, 51.59424856929302], [-1.6878601066979737, 51.597348299876685], [-1.6878601066979737, 51.59938249807221], [-1.6875259574944366, 51.59957623123369], [-1.690533300326269, 51.605485092658796], [-1.677334406786561, 51.61275008621425], [-1.6718209449282027, 51.613525018860166], [-1.6671428560786854, 51.617884014993436], [-1.668479452892833, 51.618658947639354], [-1.6731575417423503, 51.62263047744967], [-1.668479452892833, 51.62834560571329], [-1.6638013640433167, 51.63037980390882], [-1.663300140238011, 51.63996959540202], [-1.6796734512113192, 51.644812924438995], [-1.6863564352820575, 51.65236851773667], [-1.6915357479368796, 51.65265911747888], [-1.6888625543085842, 51.655661981481806], [-1.6940418669634063, 51.66873896988163], [-1.700223627228839, 51.670773168077154], [-1.6990541050164598, 51.6730979660149], [-1.696547985989933, 51.68210655802367], [-1.6910345241315738, 51.6873373533836], [-1.6776685559900981, 51.688887218675426], [-1.6738258401494237, 51.68472195570363], [-1.6751624369635714, 51.682494024346624], [-1.6746612131582657, 51.68220342460441], [-1.6658062592645377, 51.68104102563554], [-1.6526073657248306, 51.68152535853923], [-1.6482634260788505, 51.68404388963845], [-1.6517719927159886, 51.68753108654507], [-1.6511036943089143, 51.688790352094685], [-1.6551134847513573, 51.692471282162785], [-1.655280559353126, 51.69363368113166], [-1.6634672148397796, 51.69653967855384], [-1.6646367370521586, 51.696830278296055], [-1.687358882892668, 51.71455686257137], [-1.6888625543085842, 51.716494194186154], [-1.6910345241315738, 51.71910959186612], [-1.6958796875828597, 51.723759187741614], [-1.6868576590873632, 51.728505650197846], [-1.6883613305032794, 51.741970104920625], [-1.6927052701492586, 51.74603850131168], [-1.7007248510341446, 51.770545746238746], [-1.719437206432211, 51.78323526831561], [-1.7077419843084192, 51.78827233051406], [-1.6868576590873632, 51.79824958833022], [-1.6803417496183934, 51.80716131375824], [-1.6781697797954038, 51.81704170499366], [-1.6831820178484573, 51.82033516873881], [-1.6860222860785203, 51.830796759458664], [-1.6786710036007086, 51.849492009541365], [-1.6811771226272354, 51.85966300051901], [-1.6871918082908994, 51.8628595976834], [-1.6868576590873632, 51.86547499536337], [-1.6808429734236991, 51.86915592543147], [-1.6788380782024772, 51.86983399149664], [-1.671653870326434, 51.87516165343731], [-1.6639684386450853, 51.88610757706086], [-1.66129524501679, 51.893566303777796], [-1.6602927974061794, 51.89482556932741], [-1.6487646498841562, 51.895406768811846], [-1.6445877848399446, 51.89492243590815], [-1.6342291595303005, 51.89850649939551], [-1.63322671191969, 51.89957203178364], [-1.6350645325391433, 51.90393102791692], [-1.6348974579373747, 51.90741822482354], [-1.6350645325391433, 51.90983988934202], [-1.6374035769639015, 51.91293961992568], [-1.6374035769639015, 51.91216468727976], [-1.6390743229815863, 51.912552153602725], [-1.6407450689992702, 51.91284275334494], [-1.6425828896187236, 51.9127458867642], [-1.6437524118311027, 51.91361768599086], [-1.6442536356364084, 51.91400515231381], [-1.643251188025797, 51.918945347931526], [-1.6419145912116493, 51.9201077469004], [-1.6455902324505551, 51.922335678257404], [-1.62353638501712, 51.93570326639944], [-1.6151826549286978, 51.93764059801423], [-1.6325584135126165, 51.955657782031764], [-1.6389072483798177, 51.9567233144199], [-1.652440291123062, 51.96146977687612], [-1.6643025878486224, 51.966409972493835], [-1.6661404084680749, 51.97115643495007], [-1.665305035459233, 51.98055249328179], [-1.6649708862556958, 51.98316789096175], [-1.6430841134240284, 51.977937095601824], [-1.6365682039550595, 51.97290003340338], [-1.6348974579373747, 51.9722219673382], [-1.6262095786454154, 51.96747550488197], [-1.612342386698634, 51.95536718228954], [-1.5969715233359363, 51.964375774298304], [-1.5884507186457455, 51.974256165533724], [-1.580598212362628, 51.97299689998412], [-1.549689411035465, 51.980843093024006], [-1.5567065443097396, 51.98936735212907], [-1.5440088745753373, 51.99634174594231], [-1.5291392350179454, 51.99266081587422], [-1.5227904001507442, 51.99682607884601], [-1.521620877938365, 52.00157254130224], [-1.5211196541330594, 52.005931537435515], [-1.5102598050181104, 52.025498586744874], [-1.5069183129827408, 52.037219443014344], [-1.497227986080171, 52.06085488871476], [-1.5019060749296873, 52.071607079176836], [-1.4922157480271174, 52.07548174240641], [-1.494387717850107, 52.08226240305817], [-1.4800193020980208, 52.09359579300468], [-1.4706631243989872, 52.09795478913795], [-1.467488706965387, 52.0970829899113], [-1.4471056055496359, 52.097664189395736], [-1.4492775753726255, 52.10831951327707], [-1.4449336357266462, 52.115293907090305], [-1.4270566533374218, 52.11810303793175], [-1.4197053708596101, 52.11761870502805], [-1.4038332836916068, 52.11006311173038], [-1.4021625376739228, 52.10628531508154], [-1.4006588662580066, 52.10502604953193], [-1.3854550774970775, 52.09417699248912], [-1.3593914396211995, 52.101345119463836], [-1.3588902158158938, 52.10221691869049], [-1.359224365019431, 52.104638583208974], [-1.361229260240652, 52.10696338114672], [-1.3630670808601053, 52.10890071276151], [-1.3709195871432218, 52.11752183844732], [-1.3906343901518996, 52.1167469058014], [-1.3827818838687822, 52.12749909626348], [-1.3695829903290742, 52.13476408981893], [-1.3557157983822927, 52.13602335536854], [-1.3410132334266693, 52.14483821421583], [-1.343519352453196, 52.153265606740156], [-1.3381729651966054, 52.15888386842304], [-1.3346643985594682, 52.15936820132674], [-1.3318241303294043, 52.168473659916245], [-1.328315563692267, 52.165761395655544], [-1.3286497128958041, 52.16547079591332], [-1.324305773249824, 52.16091806661857], [-1.3212984304179924, 52.1583026689386], [-1.3199618336038448, 52.156946536808256], [-1.3186252367896971, 52.15549353809716], [-1.3177898637808552, 52.1533624733209], [-1.3159520431614018, 52.152296940932764], [-1.3132788495331065, 52.15103767538315], [-1.3107727305065797, 52.14948781009132], [-1.3117751781171902, 52.14793794479949], [-1.3084336860818215, 52.146872412411355], [-1.30860076068359, 52.14658181266914], [-1.30860076068359, 52.14435388131213], [-1.3049251194446843, 52.14164161705143], [-1.3020848512146204, 52.13931681911368], [-1.2992445829845565, 52.137185754337416], [-1.2979079861704088, 52.137185754337416], [-1.2955689417456506, 52.13379542401154], [-1.288551808471376, 52.12798342916717], [-1.2815346751971006, 52.122655767226505], [-1.2768565863475843, 52.11703750554362], [-1.270173602276846, 52.113550308637], [-1.2648272150202562, 52.11074117779555], [-1.2569747087371388, 52.1061884485008], [-1.2517953960823167, 52.102023185529006], [-1.2499575754628633, 52.10047332023718], [-1.2487880532504843, 52.099117188106824], [-1.2558051865247597, 52.095726857780946], [-1.265328438825561, 52.097470456234255], [-1.2715101990909936, 52.09795478913795], [-1.2748516911263632, 52.09717985649204], [-1.2857115402413122, 52.09349892642394], [-1.2955689417456506, 52.092917726939504], [-1.2977409115686402, 52.09194906113211], [-1.3039226718340737, 52.09165846138989], [-1.3079324622765158, 52.09223966087433], [-1.3167874161702438, 52.08981799635584], [-1.3212984304179924, 52.0865245326107], [-1.3211313558162239, 52.08555586680331], [-1.3204630574091496, 52.08216553647743], [-1.3199618336038448, 52.08071253776634], [-1.3166203415684752, 52.079647005378206], [-1.3087678352853587, 52.079550138797465], [-1.2975738369668726, 52.07809714008638], [-1.3019177766128518, 52.075191142664195], [-1.303421448028768, 52.07199454549979], [-1.305426343249989, 52.07209141208053], [-1.3000799559933993, 52.06937914781983], [-1.3012494782057784, 52.066085684074686], [-1.3037555972323052, 52.06434208562138], [-1.3084336860818215, 52.06240475400659], [-1.307431238471211, 52.05756142496962], [-1.3129447003295693, 52.051458830383034], [-1.3112739543118854, 52.05049016457564], [-1.302251925816389, 52.04642176818459], [-1.2997458067898622, 52.04438756998906], [-1.2992445829845565, 52.04322517102019], [-1.2972396877633354, 52.041772172309095], [-1.2964043147544926, 52.04148157256688], [-1.2947335687368087, 52.039059908048394], [-1.29456649413504, 52.03780064249878], [-1.2943994195332715, 52.0371225764336], [-1.292227449710282, 52.02966384971667], [-1.293396971922661, 52.02966384971667], [-1.293396971922661, 52.027532784940405], [-1.29022255448906, 52.027435918359664], [-1.2835395704183226, 52.02317378880713], [-1.2840407942236274, 52.02259258932269], [-1.2843749434271645, 52.02094585745012], [-1.2830383466130169, 52.02075212428864], [-1.2818688244006378, 52.01968659190051], [-1.2817017497988692, 52.017749260285726], [-1.2806993021882587, 52.01648999473611], [-1.2786944069670376, 52.011356065956925], [-1.2800310037811844, 52.0110654662147], [-1.2840407942236274, 52.01116233279544], [-1.278527332365269, 52.00825633537326], [-1.2776919593564262, 52.00719080298513], [-1.2786944069670376, 52.00457540530516], [-1.2808663767900272, 52.001475674721505], [-1.2818688244006378, 52.000507008914106], [-1.2837066450200911, 51.99808534439562], [-1.2835395704183226, 51.996148012780836], [-1.2823700482059435, 51.99304828219717], [-1.285377391037775, 51.990626617678686], [-1.2868810624536913, 51.990626617678686], [-1.2872152116572284, 51.99023915135573], [-1.2883847338696075, 51.98927048554834], [-1.287382286258997, 51.98956108529055], [-1.287382286258997, 51.9886892860639], [-1.284207868825396, 51.98355535728471], [-1.2835395704183226, 51.97968069405513], [-1.2815346751971006, 51.979971293797355], [-1.2808663767900272, 51.982392958315835], [-1.2676674832503192, 51.982586691477316], [-1.2594808277636655, 51.98123055934696], [-1.2527978436929272, 51.98336162412323], [-1.2511270976752424, 51.984233423349885], [-1.2481197548434109, 51.98558955548024], [-1.232080593073639, 51.982392958315835], [-1.2297415486488807, 51.9813274259277], [-1.2237268629852167, 51.98035876012031], [-1.217210953516247, 51.98035876012031], [-1.2006705679411702, 51.977937095601824], [-1.1979973743128758, 51.97725902953665], [-1.1906460918350632, 51.98152115908918], [-1.188307047410305, 51.98123055934696], [-1.1829606601537144, 51.98152115908918], [-1.1761106014812084, 51.98200549199288], [-1.1637470809503432, 51.99343574852013], [-1.1515506350212457, 51.99314514877791], [-1.1438652033398968, 51.99701981200749], [-1.140189562100991, 51.997697878072664], [-1.1315016828090316, 52.00312240659407], [-1.128160190773663, 52.00535033795108], [-1.1263223701542096, 52.00699706982365], [-1.1224796543135351, 52.012227865183576], [-1.1214772067029246, 52.01242159834506], [-1.1198064606852407, 52.015715062090194], [-1.1214772067029246, 52.01697432763981], [-1.1246516241365256, 52.016683727897586], [-1.1258211463489047, 52.017458660543504], [-1.1284943399772, 52.01803986002794], [-1.130499235198421, 52.01813672660868], [-1.1325041304196422, 52.019299125577554], [-1.1336736526320221, 52.019395992158294], [-1.1361797716585489, 52.02007405822347], [-1.1366809954638537, 52.02230198958048], [-1.1363468462603166, 52.02298005564565], [-1.1358456224550117, 52.02288318906491], [-1.1355114732514746, 52.02423932119526], [-1.1336736526320221, 52.026564119133006], [-1.1318358320125688, 52.031988647654416], [-1.1299980113931154, 52.033538512946244], [-1.1271577431630524, 52.03799437566026], [-1.1251528479418305, 52.04060977334022], [-1.1221455051099989, 52.0449687694735], [-1.1196393860834721, 52.04651863476533], [-1.1136247004198072, 52.048068500057155], [-1.1109515067915128, 52.048165366637896], [-1.1029319259066268, 52.048068500057155], [-1.0989221354641838, 52.04864969954159], [-1.0982538370571104, 52.049812098510465], [-1.09608186723412, 52.0513619638023], [-1.0949123450217408, 52.051652563544515], [-1.092406225995214, 52.05116823064082], [-1.0888976593580768, 52.05233062960969], [-1.0853890927209395, 52.05223376302895], [-1.0810451530749594, 52.05446169438596], [-1.0788731832519698, 52.0572708252274], [-1.0706865277653161, 52.059595623165144], [-1.0578217834291452, 52.06104862187624], [-1.0518070977654812, 52.06075802213402], [-1.0401118756416894, 52.06589195091321], [-1.033094742367414, 52.063567152975466], [-1.0277483551108242, 52.06376088613694], [-1.0260776090931394, 52.06569821775173], [-1.0295861757302767, 52.07015408046574], [-1.0317581455532663, 52.07112274627314], [-1.042283845464679, 52.0737381439531], [-1.0287508027214347, 52.074997409502714], [-1.023070266261307, 52.074900542921974], [-1.0200629234294754, 52.073253811049405], [-1.0135470139605056, 52.07286634472645], [-1.0065298806862302, 52.071413346015355], [-1.0058615822791568, 52.073447544210886], [-1.0023530156420195, 52.07276947814571], [-1.0005151950225661, 52.07247887840349], [-0.9843089586510265, 52.069669747562045], [-0.9677685730759498, 52.07092901311166], [-0.9595819175892961, 52.07925953905525], [-0.9518964859079473, 52.081487470412256], [-0.9450464272354404, 52.076837874536764], [-0.9420390844036088, 52.06657001697838], [-0.9301767876780485, 52.04864969954159], [-0.9301767876780485, 52.04312830443945], [-0.9059509704216229, 52.021236457192344], [-0.898265538740274, 52.027435918359664], [-0.8872386150235565, 52.030148182620366], [-0.8775482881209866, 52.029954449458884], [-0.8676908866166482, 52.046228035023105], [-0.8595042311299936, 52.04458130315054], [-0.8528212470592553, 52.050005831671946], [-0.8603396041388356, 52.0545585609667], [-0.857332261307004, 52.06405148587916], [-0.8394552789177796, 52.06385775271768], [-0.8327722948470413, 52.06928228123909], [-0.835278413873568, 52.07984073853969], [-0.8437992185637597, 52.084877800738134], [-0.8466394867938227, 52.09146472822842], [-0.8680250358201844, 52.101054519721615], [-0.8683591850237216, 52.10425111688602], [-0.8690274834307958, 52.10802891353485], [-0.8738726468820808, 52.11229104308739], [-0.8837300483864192, 52.11655317263992], [-0.8815580785634296, 52.119071703739145], [-0.8797202579439762, 52.12420563251833], [-0.8690274834307958, 52.130598826847134], [-0.85131757564334, 52.12933956129752], [-0.8282612805992935, 52.132633025042665], [-0.8319369218381993, 52.14367581524696], [-0.8165660584755017, 52.14348208208548], [-0.80921477599769, 52.148519144283924], [-0.8075440299800052, 52.156946536808256], [-0.7996915236968887, 52.157043403389], [-0.7921731666173075, 52.151328275125366], [-0.780310869891748, 52.16333973113706], [-0.7779718254669898, 52.16876425965846], [-0.7652741557325875, 52.171089057596205], [-0.7627680367060607, 52.164986463009626], [-0.7346995036089607, 52.17351072211469], [-0.7291860417506015, 52.17951645012054], [-0.7189944910427268, 52.18251931412346], [-0.7016187324588072, 52.19327150458553], [-0.6845771230784257, 52.196371235169195], [-0.6733831247599396, 52.19608063542697], [-0.6660318422821279, 52.192690305101095], [-0.6555061423707151, 52.18959057451744], [-0.6431426218398499, 52.18881564187152], [-0.6394669806009432, 52.18339111335011], [-0.6292754298930685, 52.17874151747462], [-0.6282729822824571, 52.1725420563073], [-0.6349559663531963, 52.16808619359329], [-0.6306120267072153, 52.154912338612725], [-0.6359584139638059, 52.14755047847653], [-0.6346218171496592, 52.13796068698333], [-0.6229265950258664, 52.134279756915234], [-0.6072215824596334, 52.13389229059227], [-0.6020422698048105, 52.128952094974565], [-0.5980324793623684, 52.11655317263992], [-0.5956934349376102, 52.113550308637], [-0.6010398221942008, 52.10541351585489], [-0.6025434936101153, 52.10018272049496], [-0.6045483888313381, 52.095823724361686], [-0.6057179110437172, 52.092142794293586], [-0.623427818831173, 52.08371540176926], [-0.6312803251142896, 52.08100313750856], [-0.6364596377691107, 52.07712847427898], [-0.6416389504239337, 52.067732415947255], [-0.6533341725477255, 52.061726687941416], [-0.6568427391848628, 52.058045757873316], [-0.6690391851139594, 52.04874656612233], [-0.6429755472380805, 52.037219443014344], [-0.6408035774150918, 52.02530485358339], [-0.641471875822166, 52.02472365409896], [-0.6506609789194302, 52.01697432763981], [-0.645147517061071, 52.01368086389467], [-0.6593488582113896, 52.00002267601041], [-0.6593488582113896, 51.99304828219717], [-0.6561744407777885, 51.98200549199288], [-0.6456487408663758, 51.9722219673382], [-0.6521646503353464, 51.97038150230415], [-0.6553390677689466, 51.96059797764947], [-0.673216050158171, 51.95236431828662], [-0.6722136025475605, 51.946649190022995], [-0.682405153255436, 51.94277452679342], [-0.6815697802465932, 51.93764059801423], [-0.6925967039633107, 51.920592079804095], [-0.7021199562641129, 51.90916182327685], [-0.6922625547597745, 51.90015323126808], [-0.6725477517510967, 51.90131563023695], [-0.6595159328131581, 51.89056343977488], [-0.6514963519282722, 51.88697937628752], [-0.6372950107779545, 51.88262038015424], [-0.6200863267958034, 51.885526377576426], [-0.6088923284773173, 51.875549119760265], [-0.5868384810438823, 51.87051205756182], [-0.576145706530701, 51.86450632955598], [-0.5714676176811846, 51.855013404643515], [-0.5619443653803824, 51.84552047973105], [-0.5482442480353686, 51.83593068823785], [-0.5375514735221891, 51.8313779589431], [-0.5437332337876217, 51.8245004317106], [-0.5606077685662356, 51.83011869339349], [-0.5624455891856872, 51.823725499064686], [-0.5743078859112476, 51.81626677234775], [-0.5818262429908287, 51.80687071401603], [-0.5916836444951663, 51.80812997956564], [-0.5975312555570618, 51.81432944073296], [-0.6063862094507897, 51.81239210911817], [-0.6184155807781195, 51.81452317389444], [-0.6217570728134874, 51.81607303918627], [-0.6255997886541618, 51.81587930602479], [-0.6344547425478897, 51.8185915702855], [-0.644312144052229, 51.81578243944405], [-0.667201364494507, 51.81578243944405], [-0.6783953628129931, 51.82605029700243], [-0.683240526264278, 51.835446355334156], [-0.6902576595385526, 51.84125835017852], [-0.6917613309544688, 51.845036146827354], [-0.6867490929014153, 51.84920140979915], [-0.6922625547597745, 51.85704760283904], [-0.7071321943171665, 51.85443220515908], [-0.7158200736091258, 51.85753193574274], [-0.7328616829895083, 51.84755467792658], [-0.7447239797150678, 51.83757742011042], [-0.7378739210425618, 51.8340902232038], [-0.7290189671488339, 51.821788167449895], [-0.7191615656444945, 51.81616990576701], [-0.7093041641401561, 51.82052890190028], [-0.7011175086535024, 51.8149106402174], [-0.6825722278572037, 51.79718405594208], [-0.6902576595385526, 51.79234072690512], [-0.6815697802465932, 51.78807859735258], [-0.6775599898041502, 51.78091047037786], [-0.6760563183882349, 51.77122381230392], [-0.6687050359104223, 51.76570241720178], [-0.6486560836982083, 51.75853429022706], [-0.6436438456451548, 51.75407842751305], [-0.6284400568842265, 51.754562760416746], [-0.626268087061236, 51.753594094609355], [-0.6137374919286032, 51.750881830348646], [-0.5863372572385757, 51.75214109589826], [-0.5794871985660706, 51.74129203885545], [-0.5692956478581941, 51.73780484194883], [-0.5529223368848868, 51.73334897923481], [-0.5504162178583591, 51.72308112167644], [-0.5611089923715404, 51.71804405947799], [-0.5631138875927615, 51.71165086514919], [-0.5477430242300638, 51.703223472624856], [-0.5433990845840846, 51.692761881905], [-0.5490796210442124, 51.68491568886511], [-0.5462393528141476, 51.68045982615109], [-0.5108195372392359, 51.67978176008592], [-0.5051390007791099, 51.6730979660149], [-0.5146622530799103, 51.665445506136486], [-0.5223476847612591, 51.659342911549906], [-0.5332075338762081, 51.660892776841735], [-0.5352124290974309, 51.66040844393804], [-0.5367161005133472, 51.65236851773667], [-0.5308684894514499, 51.649171920572265], [-0.5373843989204197, 51.642875592824204], [-0.530033116442608, 51.617109082347525], [-0.526357475203703, 51.61381561860238], [-0.5206769387435752, 51.601804162590696], [-0.5178366705135122, 51.60025429729887], [-0.5006279865313612, 51.59967309781443], [-0.4996255389207498, 51.59211750451676], [-0.48408760095628445, 51.571194323077044], [-0.4827510041421359, 51.56286379713345], [-0.4765692438767033, 51.55802046809648], [-0.4870949437881169, 51.549689942152895], [-0.49544867387653824, 51.53855028536786], [-0.4889327644075703, 51.52915422703614], [-0.4922742564429381, 51.51704590444371], [-0.48358637715097963, 51.508134179015684], [-0.49143888343409614, 51.493022992420336], [-0.49862309131014015, 51.4892451957715], [-0.5059743737879518, 51.472487277303586], [-0.4939450024606238, 51.462703752648906], [-0.4770704676820099, 51.46134762051855], [-0.45869226148747977, 51.456310558320105], [-0.45652029166448926, 51.438196507721834], [-0.4399799060894125, 51.43064091442416], [-0.42778346016031676, 51.429284782293806], [-0.4190955808683565, 51.43238451287747], [-0.40539546352334455, 51.42250412164205], [-0.3945356144083938, 51.42327905428796], [-0.3866831081252773, 51.42008245712356], [-0.3838428398952143, 51.4101051993074], [-0.3794989002492333, 51.4078772679504], [-0.3591157988334839, 51.41194566434145], [-0.3405705180371843, 51.403130805494165], [-0.3287082213116257, 51.39228174845135], [-0.31768129759490726, 51.39363788058171], [-0.3108312389224004, 51.38617915386477], [-0.30865926909941166, 51.375426963402695], [-0.3175142229931396, 51.37193976649608], [-0.31834959600198154, 51.363706107133225], [-0.3305460419310773, 51.348401187376396], [-0.32787284830278196, 51.343751591500904], [-0.33071311653284674, 51.32902787122852], [-0.31901789440905404, 51.327962338840386], [-0.306153150072884, 51.3351304658151], [-0.3039811802498935, 51.343073525435734], [-0.29295425653317686, 51.35237271718672], [-0.2882761676836605, 51.36205937526066], [-0.26104300759540244, 51.37959222637449], [-0.2450038458256305, 51.38007655927819], [-0.24466969662209337, 51.369033769073894], [-0.23781963794958827, 51.36699957087836], [-0.23681719033897686, 51.36680583771689], [-0.22695978883463752, 51.36264057474509], [-0.22211462538335347, 51.35130718479858], [-0.21726946193206764, 51.34336412517795], [-0.2298000570647023, 51.33648659794545], [-0.22094510317097438, 51.32989967045517], [-0.2130925968878561, 51.33551793213806], [-0.1932107192774115, 51.34258919253203], [-0.17416421467580712, 51.333193134200314], [-0.16313729095909046, 51.33028713677813], [-0.15862627671134177, 51.32399080903007], [-0.16180069414494191, 51.319631812896795], [-0.15428233706536254, 51.31033262114581], [-0.15528478467597218, 51.30122716255631], [-0.14091636892388593, 51.29958043068374], [-0.1310589674195466, 51.295512034292685], [-0.12437598334880917, 51.28679404202614], [-0.1156881040568507, 51.29076557183645], [-0.09430255503048812, 51.29938669752226], [-0.08962446618097175, 51.30393942681701], [-0.08193903449962292, 51.31062322088803], [-0.07893169166779046, 51.319728679477535], [-0.060720560075029795, 51.32001927921975], [-0.05487294901313433, 51.32127854476936], [-0.047855815738858, 51.32650934012929], [-0.05019486016361796, 51.33261193471588], [-0.030647131756708745, 51.337552130333584], [-0.02062265565060173, 51.33716466401063], [-0.014273820783399671, 51.329802803874436], [-0.007256687509125115, 51.33338686736179], [0.0022665647916770837, 51.32912473780926], [0.014964234526079423, 51.291831104224585], [0.0191410995702892, 51.2916373710631], [0.02365211381803789, 51.29967729726447], [0.03284121691530295, 51.30752349030437], [0.04086079780018892, 51.302680161267396], [0.04570596125147297, 51.29396216900085], [0.05857070558764477, 51.28931257312536], [0.08563679107413336, 51.2930903697742], [0.09115025293249168, 51.29686816642303], [0.08279652284407035, 51.30558615868958], [0.08780876089712386, 51.31827568076644], [0.10033935602975674, 51.324281408772286], [0.10969553372879126, 51.32670307329077], [0.11738096541013832, 51.329512204132214], [0.12172490505611933, 51.33367746710401], [0.11671266700306582, 51.341329926982425], [0.1252334716932566, 51.345882656277176], [0.137095768418817, 51.344817123889044], [0.13826529063119608, 51.34704505524605], [0.1409384842594914, 51.350144785829706], [0.14311045408248013, 51.35305078325189], [0.14511534930370118, 51.362834307906574], [0.1521324825779775, 51.36971183513907], [0.1521324825779775, 51.37833296082488], [0.15096296036559842, 51.379107893470795], [0.15046173656029183, 51.38598542070329], [0.1583142428434101, 51.39228174845135], [0.1573117952327987, 51.40080600755642], [0.15296785558681947, 51.408749067177055], [0.15280078098505, 51.42172918899613], [0.15580812381688247, 51.43083464758564], [0.16416185390530558, 51.428509849647895], [0.1656655253212218, 51.43035031468194], [0.17284973319726404, 51.4430398367588], [0.17869734425916128, 51.4435241696625], [0.1842108061175196, 51.444686568631376], [0.1877193727546569, 51.44865809844169], [0.18888889496703598, 51.449142431345386], [0.19590602824131054, 51.45175782902535], [0.21027444399339856, 51.46212255316447], [0.21144396620577766, 51.46909694697771], [0.20927199638278715, 51.47103427859249], [0.21261348841815675, 51.47539327472577], [0.22013184549773612, 51.47946167111682], [0.2538809150549639, 51.4622194197452], [0.2742640164707151, 51.45369516064014], [0.2904702528422547, 51.454566959866796], [0.3001605797448246, 51.457957290192674], [0.3105192050544687, 51.46677214903996], [0.31703511452343847, 51.46357555187556], [0.32839618744369226, 51.450886029798696], [0.3484451396559063, 51.446333300503944], [0.3898796408944829, 51.44313670333954], [0.41427253275267617, 51.44381476940472], [0.44067031983209226, 51.448948698183905], [0.45938267523015774, 51.45505129277049], [0.45437043717710424, 51.463381818714076], [0.4684047037256551, 51.48265826828122], [0.4802670004512155, 51.486823531253016], [0.5260454413357696, 51.484208133573055], [0.5469297665568273, 51.4870172644145], [0.5536127506275648, 51.484983066218966], [0.5878630439900974, 51.484014400411574], [0.6117547120429858, 51.478783605051646], [0.6152632786801231, 51.475102674983546], [0.6279609484145254, 51.47791180582499], [0.6460050054055184, 51.478783605051646], [0.6697295988566374, 51.475005808402805], [0.6861029098299465, 51.475102674983546], [0.7029774446085604, 51.47132487833471], [0.7205202777942468, 51.459797755226724], [0.7233605460243115, 51.4435241696625], [0.7176800095641838, 51.43780904139887], [0.6998030271749585, 51.43325631210412], [0.6779162543432928, 51.43315944552338], [0.6769138067326814, 51.43693724217222], [0.659370973546995, 51.448948698183905], [0.6436659609807602, 51.44420223572767], [0.6299658436357465, 51.44245863727436], [0.6189389199190298, 51.437421575075916], [0.6177693977066507, 51.42773491700198], [0.6206096659367137, 51.42182605557687], [0.6109193390341439, 51.41737019286286], [0.5917057598307718, 51.414754795182894], [0.5754995234592322, 51.41543286124807], [0.5612981823089136, 51.40981459956519], [0.5484334379727436, 51.4073929350467], [0.5532786014240276, 51.40041854123346], [0.5773373440786855, 51.390538149998044], [0.5925411328396137, 51.38850395180251], [0.6050717279722484, 51.38143269140854], [0.6164328008925022, 51.37794549450192], [0.6266243516003787, 51.3882133520603], [0.6411598419542326, 51.388697684963994], [0.6399903197418535, 51.395090879292795], [0.6480099006267395, 51.39751254381128], [0.6575331529275417, 51.39266921477431], [0.6612087941664466, 51.3845324219922], [0.675075986113228, 51.37581442972565], [0.6814248209804301, 51.379882826116706], [0.6866041336352513, 51.391409949224695], [0.7024762208032538, 51.392378615032094], [0.694790789121905, 51.38482302173442], [0.6964615351395906, 51.38046402560114], [0.7143385175288142, 51.38414495566924], [0.7190166063783305, 51.38908515128695], [0.7034786684138652, 51.395187745873535], [0.6959603113342858, 51.40719920188522], [0.699134728767886, 51.421341722673176], [0.7168446365553418, 51.41262373040663], [0.7263678888561422, 51.39906240910311], [0.7434094982365256, 51.39392848032392], [0.7512620045196421, 51.38763215257586], [0.7627901520416653, 51.384338688830724], [0.7594486600062957, 51.37029303462351], [0.7644608980593492, 51.36302804106805], [0.7821708058468051, 51.36080010971104], [0.8063966231032307, 51.35992831048439], [0.8224357848730026, 51.354697515124464], [0.8378066482357003, 51.353825715897806], [0.8621995400938935, 51.35634424699703], [0.8779045526601283, 51.35305078325189], [0.8967839826599633, 51.34142679356316], [0.917000009473945, 51.345204590212], [0.9393880061109172, 51.34685132208457], [0.9557613170842263, 51.34510772363126], [0.990345759650296, 51.34685132208457], [1.012900830889036, 51.35246958376745], [1.0254314260216706, 51.36312490764879], [1.0331168577030194, 51.365546572167275], [1.0631902860213405, 51.36632150481319], [1.068202524074394, 51.368936902493154], [1.0951015349591149, 51.36864630275094], [1.0989442507997893, 51.372617832561254], [1.1490666313303244, 51.37310216546495], [1.166108240710706, 51.37455516417604], [1.1993560864626271, 51.379882826116706], [1.215896472037704, 51.38007655927819], [1.251149213010848, 51.377170561856005], [1.2785494477008736, 51.37794549450192], [1.290077595222897, 51.38278882353889], [1.3134680394704805, 51.38056089218188], [1.3280035298243344, 51.38191702431224], [1.3533988692931391, 51.387147819672165], [1.3635904200010156, 51.38579168754181], [1.3792954325672486, 51.388697684963994], [1.3844747452220716, 51.39257234819357], [1.419226262389909, 51.391603682386176], [1.4249067988500368, 51.39373474716244], [1.4419484082304184, 51.387147819672165], [1.4496338399117672, 51.37746116159822], [1.4457911240710928, 51.36767763694354], [1.4459581986728622, 51.35837844519256], [1.4422825574339555, 51.350144785829706], [1.4249067988500368, 51.331449535747005], [1.4145481735403926, 51.32747800593669], [1.3993443847794644, 51.326025007225596], [1.3777917611513342, 51.32922160439], [1.3629221215939413, 51.32001927921975], [1.3644257930098576, 51.31381981805243], [1.3453792884082532, 51.308007823208065], [1.3457134376117903, 51.3021958283637], [1.3400329011516643, 51.293671569258635], [1.3345194392933042, 51.29347783609715], [1.328170604426104, 51.28689090860687], [1.3291730520367135, 51.28514731015356], [1.3315120964614717, 51.28398491118469], [1.3335169916826946, 51.28059458085881], [1.338529229735748, 51.27768858343663], [1.342204870974653, 51.275751251821845], [1.3477183328330113, 51.27420138653001], [1.351895197877223, 51.27517005233741], [1.3515610486736858, 51.27671991762924], [1.3533988692931391, 51.27778545001737], [1.3560720629214345, 51.27759171685589], [1.3570745105320459, 51.278463516082546], [1.3537330184966763, 51.28059458085881], [1.351059824868381, 51.28069144743955], [1.3525634962842972, 51.28437237750765], [1.350224451859539, 51.285728509638], [1.3545683915055182, 51.28960317286758], [1.3470500344259388, 51.29289663661272], [1.3492220042489276, 51.301614628879264], [1.3600818533638783, 51.311785619856906], [1.368602658054069, 51.31556341650574], [1.3744502691159646, 51.307814090046584], [1.3781259103548695, 51.28698777518761], [1.3993443847794644, 51.2464006778578], [1.4050249212395904, 51.22828662725953], [1.4041895482307485, 51.210172576661265], [1.405526145044897, 51.18605279805715], [1.4021846530095274, 51.166970081651485], [1.3939979975228738, 51.15592729144719], [1.3846418198238393, 51.14982469686061], [1.3767893135407228, 51.140816104851844], [1.3640916438063204, 51.13597277581487], [1.347384183629476, 51.132969911811955], [1.3427060947799578, 51.12686731722537], [1.3164753823023112, 51.123089520576535], [1.314136337877553, 51.11446839489072], [1.2969276538954038, 51.112143596952976], [1.2944215348688761, 51.109528199273015], [1.2676895985859247, 51.10177887281386], [1.261507838320492, 51.10265067204052], [1.2265892465508852, 51.099647808037595], [1.2057049213298292, 51.09267341422436], [1.1993560864626271, 51.08318048931189], [1.1898328341618267, 51.07736849446753], [1.1706192549584546, 51.07330009807647], [1.1453909900914176, 51.07291263175352], [1.100782071419241, 51.068359902458766], [1.0755538065522057, 51.06351657342179], [1.0605170923930451, 51.059157577288524], [1.039298617968452, 51.05043958502198], [0.9966945945174963, 51.02457620796455], [0.9843310739866311, 51.01324281801804], [0.9734712248716821, 50.994547567935335], [0.9642821217744171, 50.96810299139348], [0.9666211661991753, 50.95076387344112], [0.9724687772610707, 50.93623388633021], [0.9813237311547987, 50.92393183057631], [0.9826603279689472, 50.91763550282824], [0.9768127169070517, 50.9116297748224], [0.9524198250488567, 50.91143604166092], [0.8962827588546585, 50.91782923598972], [0.7933648041652912, 50.93294042258507], [0.7719792551389304, 50.9312936907125], [0.7739841503601514, 50.92800022696736], [0.7522644521302535, 50.92325376451113], [0.7201861285907096, 50.908433177658], [0.6822601939892721, 50.885766397764975], [0.6700637480601745, 50.87394867491477], [0.6505160196532671, 50.867846080328185], [0.6388207975294744, 50.867071147682275], [0.6244523817773882, 50.86135601941864], [0.6089144438129228, 50.859903020707556], [0.5920399090343089, 50.853412959798014], [0.5778385678839904, 50.85399415928245], [0.5581237648753135, 50.85041009579509], [0.5367382158489509, 50.849925762891395], [0.5196966064685693, 50.84779469811513], [0.5096721303624623, 50.84411376804703], [0.48110237346005746, 50.83762370713749], [0.4129359359385294, 50.830164980420555], [0.36364892841683627, 50.81611932621334], [0.3437670508063899, 50.80449533652461], [0.32655836682424066, 50.7840564879886], [0.30985090664739445, 50.77882569262867], [0.2971532369129921, 50.770882633008036], [0.2864604623998108, 50.760227309126705], [0.27777258310785236, 50.756352645897124], [0.26557613717875483, 50.746569121242445], [0.25805778009917546, 50.73756052923368], [0.23984664850641302, 50.73446079865002], [0.20710002655979665, 50.73901352794477], [0.19139501399356362, 50.74715032072688], [0.14645194611784973, 50.759161776738566], [0.13793114142765894, 50.75586831299343], [0.121891979657887, 50.758289977511915], [0.07778428479101684, 50.779019425790146], [0.05840363098587531, 50.78211915637381], [0.047877931074463476, 50.80439846994388], [0.04203032001256801, 50.80991986504602], [0.027160680455175168, 50.81524752698669], [0.026158232844565532, 50.831036779647214], [0.030502172490544766, 50.83607384184566], [0.03317536611884009, 50.84149837036707], [0.034010739127682044, 50.84508243385442], [0.036683932755977366, 50.84508243385442], [0.038521753375430734, 50.84614796624256], [0.03751930576481932, 50.84856963076104], [0.034846112136524, 50.85050696237583], [0.030836321694081903, 50.85602835747798], [0.021145994791512024, 50.86242155180678], [0.022983815410963615, 50.871720743557766], [0.015799607534921378, 50.87637033943326], [0.010119071074793595, 50.8791794702747], [0.006109280632351499, 50.87995440292061], [0.0009299679775285341, 50.88363533298871], [-0.002411524057839287, 50.88702566331459], [9.45949686865788e-05, 50.88915672809086], [0.016300831340226196, 50.88905986151012], [0.009116623464182183, 50.89506558951596], [-0.0027456732613764245, 50.88741312963755], [0.0009299679775285341, 50.883344733246496], [0.004438534614665812, 50.88101993530875], [0.005775131428814362, 50.87985753633988], [0.0069446536411934545, 50.879373203436174], [0.022315517003891117, 50.871623876977026], [0.02047769638443775, 50.86280901812974], [0.030335097888777085, 50.85593149089724], [0.03384366452591436, 50.85099129527953], [0.03751930576481932, 50.848085297857345], [0.037185156561282184, 50.845566766758125], [0.03451196293298686, 50.8457604999196], [0.03267414231353527, 50.843823168304816], [0.025657009039258938, 50.83093991306647], [0.026325307446333213, 50.81524752698669], [0.034177813729449724, 50.809629265303805], [0.04203032001256801, 50.80933866556158], [0.05172064691513789, 50.79480867845067], [0.05723410877349622, 50.781634823470114], [0.05305724372928644, 50.77960062527458], [0.03618270895067255, 50.78115049056642], [0.021814293198584522, 50.78521888695747], [-0.0002395542348505586, 50.78870608386409], [-0.0376642650309833, 50.79936140774542], [-0.05637662042905056, 50.801492472521694], [-0.09213058520749762, 50.81176033008007], [-0.10750144857019528, 50.81272899588746], [-0.1360712054726001, 50.81883159047405], [-0.17215931945458607, 50.823771786091754], [-0.25135268069283256, 50.83035871358204], [-0.2521880537016745, 50.82590285086802], [-0.27624679635633065, 50.82687151667542], [-0.3282069975063191, 50.81892845705478], [-0.3360595037894374, 50.81621619279408], [-0.3724817669749587, 50.808563732915665], [-0.39988200166498444, 50.805754602074224], [-0.4209334014878099, 50.80507653600905], [-0.4443238457353935, 50.802364271748345], [-0.4748984978590194, 50.80284860465204], [-0.5417283385664007, 50.80187993884465], [-0.5602736193626985, 50.799748874068385], [-0.5910153460880938, 50.79287134683588], [-0.617078983963971, 50.790643415478876], [-0.6297766536983733, 50.787931151218174], [-0.6481548598929034, 50.78696248541078], [-0.6558402915742523, 50.784443954311556], [-0.6939333007774584, 50.77882569262867], [-0.7283506687417596, 50.77107636616952], [-0.7505715907769632, 50.76168030783779], [-0.7624338875025236, 50.77301369778431], [-0.7804779444935166, 50.76536123790589], [-0.76711197635204, 50.759258643319306], [-0.7617655890954502, 50.751218717117936], [-0.7627680367060607, 50.74337252407805], [-0.7756327810422317, 50.730489268839705], [-0.7864926301571806, 50.722449342638335], [-0.7998585982986564, 50.72651773902939], [-0.8259222361745353, 50.74530985569283], [-0.8638481707759738, 50.76206777416075], [-0.9067863434304657, 50.774369829914654], [-0.9014399561738751, 50.7899653494137], [-0.8944228228995996, 50.79025594915592], [-0.8907471816606938, 50.79984574064912], [-0.8778824373245229, 50.807691933689014], [-0.8685262596254901, 50.80827313317345], [-0.8605066787406042, 50.80284860465204], [-0.8444675169708331, 50.799652007487644], [-0.8362808614841786, 50.804011003620914], [-0.8254210123692296, 50.80439846994388], [-0.8304332504222831, 50.81243839614525], [-0.8427967709531483, 50.80459220310535], [-0.8561627390946249, 50.80711073420458], [-0.868192110421953, 50.81292272904894], [-0.8698628564396378, 50.81776605808591], [-0.8606737533423727, 50.828227648805765], [-0.862177424758289, 50.8388829726871], [-0.8701970056431749, 50.83704250765305], [-0.8653518421918891, 50.82716211641763], [-0.877381213519218, 50.81185719666081], [-0.89225085307661, 50.818444124151085], [-0.8964277181208216, 50.831908578873865], [-0.8935874498907577, 50.83772057371823], [-0.9164766703330356, 50.83626757500714], [-0.9074546418375391, 50.81679739227852], [-0.9119656560852869, 50.80120187277947], [-0.9275035940497531, 50.81176033008007], [-0.9427073828106822, 50.81534439356743], [-0.9413707859965346, 50.827452716159854], [-0.9315133844921961, 50.84052970455967], [-0.9507269636955682, 50.84285450249742], [-0.9589136191822218, 50.83927043901006], [-0.9711100651113194, 50.84217643643224], [-0.9894882713058486, 50.83762370713749], [-1.0038566870579357, 50.842757635916676], [-1.0205641472347802, 50.84295136907816], [-1.0245739376772232, 50.82706524983689], [-1.0349325629868673, 50.82939004777464], [-1.0387752788275417, 50.834620843134566], [-1.0519741723672489, 50.83345844416569], [-1.0618315738715882, 50.83597697526492], [-1.078371959446664, 50.83723624081453], [-1.087226913340392, 50.83064931332425], [-1.0947452704199723, 50.83123051280869], [-1.1062734179419955, 50.83791430687971], [-1.1025977767030897, 50.84585736650034], [-1.1137917750215758, 50.84682603230773], [-1.1221455051099989, 50.835686375522705], [-1.1350102494461698, 50.83927043901006], [-1.1440322779416654, 50.83907670584858], [-1.1543909032513096, 50.84488870069295], [-1.158567768295521, 50.83868923952562], [-1.150214038207098, 50.83355531074643], [-1.1420273827204444, 50.817669191505175], [-1.1238162511276828, 50.806142068397186], [-1.1239833257294514, 50.79926454116468], [-1.1166320432516397, 50.79568047767733], [-1.1162978940481025, 50.788028017798915], [-1.1343419510390955, 50.77533849572205], [-1.1430298303310549, 50.77369176384948], [-1.1612409619238164, 50.784443954311556], [-1.1847984807731677, 50.787834284637434], [-1.1973290759058015, 50.79451807870846], [-1.215540207498563, 50.8101135982075], [-1.2382623533390724, 50.81805665782813], [-1.2471173072328003, 50.817572324924434], [-1.2671662594450144, 50.827355849579114], [-1.2999128813916307, 50.83684877449158], [-1.3080995368782844, 50.8430482356589], [-1.3030872988252309, 50.84847276418031], [-1.311441028913654, 50.86658681477857], [-1.3144483717454856, 50.853703559540236], [-1.322300878028603, 50.85205682766766], [-1.3513718587363135, 50.869880278523716], [-1.371253736346759, 50.885088331699805], [-1.3841184806829299, 50.89070659338269], [-1.395312479001416, 50.883151000085014], [-1.4034991344880705, 50.89554992241966], [-1.4397543230718242, 50.90823944449652], [-1.4415921436912766, 50.90174938358698], [-1.4267225041338847, 50.896712321388534], [-1.407341850328744, 50.879663803178396], [-1.4008259408597752, 50.87191447671924], [-1.3831160330723193, 50.862518418387516], [-1.3739269299750543, 50.854381625605406], [-1.340344935019596, 50.84266076933594], [-1.3381729651966054, 50.829293181193904], [-1.3246399224533612, 50.82532165138358], [-1.311441028913654, 50.81340706195264], [-1.3276472652851936, 50.80313920439426], [-1.3418486064355113, 50.785993819603384], [-1.3540450523646088, 50.78386275482712], [-1.3685805427184636, 50.78531575353821], [-1.4086784471428917, 50.78667188566856], [-1.406506477319902, 50.79132148154405], [-1.4098479693552708, 50.800523806714295], [-1.4228797882932103, 50.80817626659271], [-1.4228797882932103, 50.79994260722986], [-1.4123540883817975, 50.8000394738106], [-1.4130223867888718, 50.78395962140786], [-1.3988210456385533, 50.77746956049832], [-1.4043345074969125, 50.771851298815434], [-1.4155285058153986, 50.767298569520676], [-1.456294708646901, 50.76226150732223], [-1.483527868735158, 50.75596517957417], [-1.5137683716552477, 50.75325291531347], [-1.5274684890002606, 50.75315604873273], [-1.5259648175843443, 50.74453492304692], [-1.5309770556373978, 50.73707619632998], [-1.5555370220973606, 50.72225560947685], [-1.5635566029822465, 50.72206187631537], [-1.5769225711237222, 50.71654048121323], [-1.5844409282033025, 50.71915587889319], [-1.6470939038664714, 50.733298399681146], [-1.68936377811389, 50.73746366265294], [-1.6912015987333424, 50.73756052923368], [-1.6917028225386481, 50.73717306291072], [-1.69253819554749, 50.7373667960722]]], [[[-1.2950677179403458, 50.57492154017221], [-1.3079324622765158, 50.57744007127143], [-1.3186252367896971, 50.58993586018682], [-1.3530426047539983, 50.60804991078509], [-1.3618975586477262, 50.609987242399875], [-1.3826148092670136, 50.623645430284135], [-1.4100150439570394, 50.63488195364991], [-1.4471056055496359, 50.643503079335716], [-1.4648155133370917, 50.65251167134448], [-1.4766778100626512, 50.66248892916064], [-1.493552344841265, 50.66839779058574], [-1.5234586985578176, 50.66791345768205], [-1.5690700648406049, 50.66103593044954], [-1.570239587052984, 50.6724661869768], [-1.5490211126283908, 50.67779384891747], [-1.5418369047523477, 50.688933505702494], [-1.5341514730709989, 50.69348623499725], [-1.5334831746639246, 50.700654361971964], [-1.52212210174367, 50.707144422881505], [-1.5062500145756674, 50.704529025201545], [-1.469493602186608, 50.70956608739999], [-1.4566288578504372, 50.71634674805175], [-1.4257200565232742, 50.726711472190864], [-1.413356535992409, 50.72467727399534], [-1.4080101487358183, 50.71847781282802], [-1.3903002409483625, 50.72031827786206], [-1.402496686877459, 50.72787387115974], [-1.3639024538689473, 50.7378511289759], [-1.3533767539575345, 50.73911039452551], [-1.345190098470881, 50.75054065105276], [-1.3281484890904984, 50.75790251118896], [-1.3201289082056133, 50.76536123790589], [-1.3015836274093147, 50.76671737003624], [-1.2883847338696075, 50.76303643996815], [-1.27735781015289, 50.766329903713284], [-1.2611515737813495, 50.76051790886892], [-1.2487880532504843, 50.75238111608681], [-1.2402672485602935, 50.74337252407805], [-1.2309110708612598, 50.742888191174345], [-1.2138694614808783, 50.73804486213738], [-1.2110291932508144, 50.735041998134456], [-1.1924839124545166, 50.73271720019671], [-1.1789508697112723, 50.734170198907805], [-1.15221893342832, 50.73262033361597], [-1.1368480700656223, 50.727002071933086], [-1.1097819845791337, 50.72157754341168], [-1.1015953290924791, 50.707241289462246], [-1.0979196878535733, 50.706175757074114], [-1.0930745244022884, 50.693679968158726], [-1.082381749889107, 50.694454900804644], [-1.0706865277653161, 50.6879648398951], [-1.0701853039600104, 50.68350897718109], [-1.0954135688270465, 50.67159438775014], [-1.0985879862606467, 50.665007460259865], [-1.1117868798003547, 50.665782392905776], [-1.1326712050214107, 50.66210146283768], [-1.1430298303310549, 50.65851739935032], [-1.1604055889149736, 50.64931507418008], [-1.1684251697998596, 50.64030648217131], [-1.1747740046670607, 50.62267676447674], [-1.172602034844071, 50.615411770921284], [-1.1752752284723664, 50.60688751181622], [-1.1854667791802411, 50.59720085374227], [-1.2020071647553179, 50.59274499102826], [-1.2100267456402038, 50.593035590770484], [-1.2419379945779783, 50.5827677332121], [-1.2862127640466179, 50.577633804432914], [-1.2950677179403458, 50.57492154017221]]]]}}, {"type": "Feature", "properties": {"id": "TLK", "name": "South West (England)"}, "geometry": {"type": "MultiPolygon", "coordinates": [[[[-4.6709771212736655, 51.15844582254642], [-4.680500373574468, 51.172394610172894], [-4.677660105344404, 51.178690937920955], [-4.678495478353247, 51.20145458439472], [-4.670308822866592, 51.200970251491015], [-4.661788018176401, 51.18634339779937], [-4.663959987999391, 51.18033766979352], [-4.661620943574633, 51.167066948232225], [-4.657444078530421, 51.16299855184117], [-4.6709771212736655, 51.15844582254642]]], [[[-1.9688795868725082, 50.68622124144179], [-1.9835821518281316, 50.68709304066845], [-1.9880931660758803, 50.69242070260911], [-1.974560123332636, 50.697360898226826], [-1.9583538869610955, 50.69503610028908], [-1.9561819171381059, 50.68883663912176], [-1.9688795868725082, 50.68622124144179]]], [[[-6.284416550551597, 49.956234688989596], [-6.287423893383429, 49.96049681854213], [-6.304966726569116, 49.96669627970945], [-6.297114220286, 49.97405813984565], [-6.289094639401114, 49.96650254654798], [-6.278067715684395, 49.96388714886801], [-6.284416550551597, 49.956234688989596]]], [[[-6.358764748338558, 49.94325456717052], [-6.356592778515568, 49.94964776149932], [-6.360435494356242, 49.95759082111995], [-6.3534183610819674, 49.961659217511006], [-6.348071973825377, 49.9557503560859], [-6.350076869046598, 49.94577309826975], [-6.358764748338558, 49.94325456717052]]], [[[-6.3315315882503, 49.939186170779465], [-6.3405536167457965, 49.951778826275586], [-6.338381646922807, 49.95400675763259], [-6.351914689666051, 49.965049547836884], [-6.3425585119670185, 49.967955545259066], [-6.339551169135186, 49.96272474989914], [-6.327187648604321, 49.95923755299252], [-6.321005888338888, 49.953522424728895], [-6.3236790819671835, 49.94441696613939], [-6.3315315882503, 49.939186170779465]]], [[[-2.6695904666893915, 51.742745037566536], [-2.6650794524416437, 51.749041365314596], [-2.6627404080168855, 51.75388469435157], [-2.670927063503539, 51.7586311568078], [-2.6799490919990356, 51.771417545465404], [-2.67627345076013, 51.77451727604907], [-2.6751039285477507, 51.777810739794205], [-2.675772226954824, 51.78807859735258], [-2.67293195872476, 51.78982219580589], [-2.6730990333265288, 51.79146892767846], [-2.672597809521224, 51.79263132664733], [-2.6720965857159182, 51.79359999245473], [-2.6699246158929286, 51.79437492510064], [-2.674602704742445, 51.79699032278061], [-2.6771088237689717, 51.799218254137614], [-2.6776100475742775, 51.800186919945006], [-2.6776100475742775, 51.800283786525746], [-2.677442972972509, 51.80076811942944], [-2.6784454205831194, 51.80231798472128], [-2.678612495184888, 51.80260858446349], [-2.6771088237689717, 51.8043521829168], [-2.6764405253618984, 51.80512711556272], [-2.676607599963667, 51.80512711556272], [-2.6756051523530555, 51.80638638111233], [-2.673433182530066, 51.807355046919724], [-2.672597809521224, 51.80890491221155], [-2.664578228636338, 51.81026104434191], [-2.658897692176211, 51.81287644202187], [-2.6607355127956636, 51.817332304735885], [-2.6610696619992007, 51.818107237381795], [-2.6538854541231576, 51.823628632483945], [-2.6498756636807146, 51.82508163119503], [-2.6498756636807146, 51.825178497775774], [-2.6503768874860194, 51.82614716358317], [-2.6472024700524193, 51.82789076203648], [-2.640519485981681, 51.83622128798007], [-2.630160860672037, 51.838933552240775], [-2.6254827718225204, 51.838933552240775], [-2.621640055981846, 51.843292548374045], [-2.6094436100527494, 51.846779745280664], [-2.604431371999696, 51.85462593832055], [-2.599586208548411, 51.85656326993534], [-2.5962447165130413, 51.85617580361239], [-2.591566627663525, 51.8542384719976], [-2.5862202404069343, 51.84978260928359], [-2.5788689579291226, 51.853172939609465], [-2.585217792796324, 51.85995360026122], [-2.580706778548576, 51.86169719871453], [-2.5760286896990587, 51.86256899794119], [-2.573021346867227, 51.86247213136045], [-2.563498094566425, 51.8638282634908], [-2.5616602739469725, 51.8643125963945], [-2.5564809612921504, 51.862956464264144], [-2.5439503661595166, 51.86024420000344], [-2.5315868456286514, 51.86072853290714], [-2.522564817133155, 51.864796929298194], [-2.519390399699554, 51.87089952388477], [-2.5178867282836377, 51.873418054984], [-2.5066927299651516, 51.88533264441495], [-2.5018475665138666, 51.88630131022234], [-2.498171925274961, 51.881942314089066], [-2.4938279856289816, 51.88000498247428], [-2.482466912708727, 51.88591384389939], [-2.4714399889920085, 51.889207307644526], [-2.4625850350982805, 51.892888237712626], [-2.4488849177532677, 51.89482556932741], [-2.446378798726741, 51.8940506366815], [-2.4437056050984456, 51.89579423513481], [-2.4393616654524664, 51.89744096700738], [-2.4432043812931408, 51.89840963281477], [-2.442369008284298, 51.90189682972139], [-2.4422019336825302, 51.90402789449765], [-2.4425360828860665, 51.90499656030505], [-2.4428702320896036, 51.906158959273924], [-2.4428702320896036, 51.90674015875836], [-2.4425360828860665, 51.908871223534625], [-2.4432043812931408, 51.91197095411829], [-2.4445409781072884, 51.91381141915234], [-2.4477153955408886, 51.91565188418638], [-2.4660936017354187, 51.92795393994029], [-2.467931422354871, 51.93734999827201], [-2.4669289747442606, 51.93754373143349], [-2.4654253033283444, 51.93802806433719], [-2.463587482708892, 51.938609263821625], [-2.464422855717734, 51.93967479620976], [-2.4645899303195025, 51.941224661501586], [-2.4654253033283444, 51.942193327308985], [-2.4649240795230396, 51.94277452679342], [-2.4654253033283444, 51.946746056603736], [-2.4660936017354187, 51.950330120091095], [-2.4677643477531026, 51.951976851963664], [-2.4746144064256095, 51.9557546486125], [-2.4757839286379886, 51.956335848096934], [-2.479292495275126, 51.9557546486125], [-2.482466912708727, 51.955657782031764], [-2.4861425539476327, 51.95740138048507], [-2.490152344390075, 51.95497971596659], [-2.4931596872219073, 51.95730451390433], [-2.4966682538590446, 51.95962931184208], [-2.500845118903256, 51.96059797764947], [-2.500009745894414, 51.96253530926426], [-2.497336552266119, 51.96418204113683], [-2.4929926126201387, 51.96863790385084], [-2.495164582443129, 51.97115643495007], [-2.4963341046555083, 51.97754962927887], [-2.494830433239592, 51.98016502695883], [-2.4931596872219073, 51.9818117588314], [-2.491321866602455, 51.98190862541214], [-2.4903194189918434, 51.98355535728471], [-2.4886486729741595, 51.98743002051429], [-2.4826339873104946, 51.9882049531602], [-2.481631539699884, 51.98946421870981], [-2.4789583460715887, 51.99198274980904], [-2.4749485556291466, 51.99285454903569], [-2.4741131826203038, 51.99314514877791], [-2.4734448842132304, 51.99353261510087], [-2.4754497794344514, 51.99750414491118], [-2.4769534508503677, 51.99924774336449], [-2.487312076160012, 52.00341300633629], [-2.4921572396112968, 52.00825633537326], [-2.4903194189918434, 52.01067799989175], [-2.487646225363548, 52.01145293253766], [-2.4846388825317165, 52.0125184649258], [-2.4802949428857364, 52.01610252841315], [-2.4789583460715887, 52.02249572274195], [-2.468432646160177, 52.023754988291564], [-2.4662606763371864, 52.023754988291564], [-2.4629191843018177, 52.021236457192344], [-2.463587482708892, 52.01881479267386], [-2.463587482708892, 52.01813672660868], [-2.4629191843018177, 52.01707119422055], [-2.461916736691207, 52.01445579654058], [-2.4477153955408886, 52.015811928670935], [-2.4460446495232038, 52.0152307291865], [-2.4433714558949093, 52.01513386260576], [-2.4336811289923386, 52.012227865183576], [-2.4345165020011814, 52.00970933408435], [-2.4336811289923386, 52.007868869050306], [-2.433848203594107, 52.006803336662166], [-2.4348506512047177, 52.00564093769329], [-2.4353518750100234, 52.00292867343259], [-2.4353518750100234, 52.002347473948156], [-2.4365213972224025, 52.00128194156002], [-2.4356860242135605, 51.997988477814886], [-2.4371896956294767, 51.99750414491118], [-2.4228212798773896, 51.994307547746786], [-2.4131309529748197, 51.994113814585305], [-2.399430835629806, 51.99934460994523], [-2.3955881197891324, 52.005737804274034], [-2.394919821382058, 52.00670647008143], [-2.394084448373216, 52.01174353227988], [-2.392914926160837, 52.01300279782949], [-2.386900240497172, 52.012130998602835], [-2.3651805422672743, 52.017458660543504], [-2.3615049010283684, 52.01813672660868], [-2.351313350320493, 52.02133332377308], [-2.349308455099271, 52.01784612686646], [-2.3518145741257976, 52.015715062090194], [-2.349308455099271, 52.01145293253766], [-2.347637709081587, 52.011259199376184], [-2.3439620678426802, 52.00874066827696], [-2.340453501205543, 52.00670647008143], [-2.3294265774888254, 52.006803336662166], [-2.3260850854534567, 52.00564093769329], [-2.3257509362499196, 52.00070074207559], [-2.32357896642693, 51.99944147652597], [-2.323244817223393, 51.996244879361576], [-2.3220752950110137, 51.989754818452035], [-2.3229106680198557, 51.984427156511366], [-2.322409444214551, 51.982489824896575], [-2.3240801902322348, 51.97880889482848], [-2.325249712444614, 51.97667783005221], [-2.3265863092587615, 51.97580603082556], [-2.3125520427102115, 51.97648409689074], [-2.309210550674843, 51.97377183263003], [-2.307873953860695, 51.97280316682264], [-2.30954469987838, 51.97067210204637], [-2.305869058639474, 51.970865835207846], [-2.300355596781115, 51.96679743881679], [-2.2933384635068403, 51.96970343623897], [-2.2736236604981626, 51.96941283649676], [-2.270616317666331, 51.96892850359306], [-2.2635991843920555, 51.96737863830123], [-2.256582051117781, 51.96708803855901], [-2.2519039622682637, 51.96766923804345], [-2.246223425808137, 51.97154390127302], [-2.244051455985147, 51.97290003340338], [-2.2331916068701974, 51.98675195444911], [-2.2278452196136076, 51.98859241948316], [-2.2263415481976914, 51.99082035084017], [-2.224503727578238, 51.99275768245496], [-2.2169853704986577, 51.994113814585305], [-2.21564877368451, 51.995857413038614], [-2.211638983242067, 51.99663234568453], [-2.2029511039501077, 51.99634174594231], [-2.197270567489981, 51.99498561381196], [-2.194430299259917, 51.99314514877791], [-2.185074121560884, 51.990529751097945], [-2.1793935851007564, 51.99488874723122], [-2.181565554923746, 51.99915087678376], [-2.1717081534194076, 51.99479188065048], [-2.1702044820034914, 51.99469501406974], [-2.164691020145133, 51.996051146200095], [-2.1636885725345216, 51.9982790775571], [-2.165526393153975, 52.00476913846664], [-2.184071673950273, 52.013874597056144], [-2.1770545406759982, 52.023948721453046], [-2.178391137490146, 52.025595453325614], [-2.177555764481303, 52.02724218519818], [-2.179226510498988, 52.033538512946244], [-2.1805631073131355, 52.035475844561034], [-2.180730181914904, 52.041772172309095], [-2.1782240628883773, 52.043709503923886], [-2.174047197844166, 52.047099834249764], [-2.1705386312070285, 52.047099834249764], [-2.166361766162817, 52.049037165864554], [-2.155501917047868, 52.04932776560677], [-2.141467650499318, 52.045646835538676], [-2.126263861738389, 52.04322517102019], [-2.1172418332428924, 52.03925364120987], [-2.116239385632282, 52.03692884327212], [-2.1259297125348517, 52.03053564894333], [-2.139462755278097, 52.02792025126336], [-2.14230302350816, 52.01978345848125], [-2.145143291738224, 52.0147463962828], [-2.1476494107647506, 52.01290593124875], [-2.1508238281983516, 52.00660960350069], [-2.145477440941761, 52.00476913846664], [-2.13912860607456, 52.003994205820725], [-2.139462755278097, 52.00157254130224], [-2.1396298298798655, 52.00021640917189], [-2.1392956806763284, 51.99944147652597], [-2.1332809950126643, 52.00166940788298], [-2.132278547402053, 52.00273494027111], [-2.131443174393211, 52.005931537435515], [-2.1279346077560737, 52.00719080298513], [-2.1259297125348517, 52.00903126801918], [-2.123423593508325, 52.01087173305322], [-2.1204162506764934, 52.01174353227988], [-2.1200821014729563, 52.01319653099097], [-2.1190796538623458, 52.01358399731393], [-2.11857843005704, 52.013971463636885], [-2.117408907844661, 52.014165196798366], [-2.1139003412075237, 52.01464952970206], [-2.111728371384534, 52.01532759576724], [-2.1075515063403225, 52.01455266312132], [-2.1023721936855004, 52.013874597056144], [-2.098529477844826, 52.01290593124875], [-2.0983624032430575, 52.01329339757171], [-2.097694104835984, 52.01174353227988], [-2.095689209614762, 52.012034132022094], [-2.0930160159864677, 52.0115497991184], [-2.091345269968783, 52.01145293253766], [-2.0846622858980446, 52.01087173305322], [-2.08081957005737, 52.01077486647249], [-2.078146376429075, 52.0110654662147], [-2.076809779614927, 52.01164666569914], [-2.075640257402548, 52.0115497991184], [-2.071630466960105, 52.012227865183576], [-2.0694584971371155, 52.0125184649258], [-2.063945035278757, 52.014165196798366], [-2.0602693940398513, 52.014165196798366], [-2.05926694642924, 52.009515600922875], [-2.051581514747891, 52.00874066827696], [-2.048741246517828, 52.00709393640439], [-2.0448985306771537, 52.00360673949777], [-2.038382621208184, 52.00457540530516], [-2.036711875190499, 52.00699706982365], [-2.0382155466064154, 52.009515600922875], [-2.0280239958985398, 52.012324731764316], [-2.0216751610313386, 52.015618195509454], [-2.0076408944827886, 52.023851854872305], [-1.9951102993501548, 52.026564119133006], [-1.9939407771377757, 52.02782338468262], [-1.9840833756334373, 52.03586331088399], [-1.9566831409434116, 52.0371225764336], [-1.9540099473151162, 52.0371225764336], [-1.9510026044832838, 52.03673511011065], [-1.9508355298815152, 52.03596017746473], [-1.9458232918284617, 52.0316980479122], [-1.9399756807665662, 52.03227924739663], [-1.9317890252799117, 52.029954449458884], [-1.9205950269614256, 52.038188108821736], [-1.9197596539525836, 52.03896304146765], [-1.9167523111207512, 52.04206277205132], [-1.9134108190853825, 52.0444844365698], [-1.8793276003246184, 52.02695158545597], [-1.8736470638644915, 52.024336187776], [-1.8622859909442369, 52.017458660543504], [-1.8619518417406997, 52.01339026415245], [-1.8571066782894148, 52.01116233279544], [-1.8567725290858776, 52.01067799989175], [-1.8444090085550124, 52.008353201954], [-1.8412345911214114, 52.00690020324291], [-1.835721129263053, 52.011259199376184], [-1.835721129263053, 52.02249572274195], [-1.8261978769622509, 52.029179516812974], [-1.8250283547498718, 52.03092311526628], [-1.829372294395852, 52.031794914492934], [-1.8302076674046939, 52.03770377591804], [-1.8388955466966532, 52.043709503923886], [-1.8477505005903812, 52.04651863476533], [-1.8604481703247835, 52.05252436277117], [-1.8616176925371626, 52.05291182909413], [-1.863455513156616, 52.053396161997824], [-1.861450617935394, 52.05833635761554], [-1.8629542893513102, 52.063470286394725], [-1.8716421686432696, 52.06540761800951], [-1.8696372734220486, 52.071316479434614], [-1.8631213639530788, 52.0737381439531], [-1.8544334846611195, 52.07286634472645], [-1.8509249180239822, 52.07451307659902], [-1.8492541720062974, 52.07732220744046], [-1.8343845324489054, 52.073156944468664], [-1.822522235723345, 52.08110000408929], [-1.8178441468738287, 52.08478093415739], [-1.8126648342190066, 52.07877520615155], [-1.8093233421836379, 52.085846466545526], [-1.8098245659889427, 52.087590064998835], [-1.8023062089093624, 52.09698612333056], [-1.7956232248386241, 52.1007639199794], [-1.7882719423608124, 52.103669917401575], [-1.778414540856474, 52.10948191224594], [-1.7739035266087262, 52.11064431121481], [-1.7677217663432936, 52.1125816428296], [-1.7662180949273774, 52.10967564540742], [-1.7576972902371866, 52.10318558449788], [-1.7560265442195018, 52.10192631894827], [-1.7548570220071227, 52.099310921268305], [-1.7518496791752902, 52.09688925674982], [-1.7396532332461936, 52.091367861647676], [-1.7329702491754553, 52.09504879171577], [-1.73029705554716, 52.09795478913795], [-1.7287933841312437, 52.09960152101053], [-1.7296287571400866, 52.09524252487725], [-1.7301299809453914, 52.09524252487725], [-1.7301299809453914, 52.09156159480915], [-1.728626309529476, 52.09175532797063], [-1.7287933841312437, 52.08875246396771], [-1.7291275333347809, 52.08545900022257], [-1.7291275333347809, 52.08410286809222], [-1.7291275333347809, 52.081487470412256], [-1.7281250857241703, 52.081487470412256], [-1.7287933841312437, 52.071607079176836], [-1.7277909365206332, 52.071413346015355], [-1.7229457730693483, 52.069476014400564], [-1.7129212969632412, 52.06657001697838], [-1.712587147759704, 52.06831361543169], [-1.7122529985561679, 52.07063841336944], [-1.7017272986447551, 52.07276947814571], [-1.70339804466244, 52.06753868278578], [-1.705402939883661, 52.061532954779935], [-1.7030638954589028, 52.05746455838888], [-1.6995553288217655, 52.05465542754744], [-1.6900320765209633, 52.05320242883634], [-1.690533300326269, 52.051458830383034], [-1.6948772399722483, 52.04293457127797], [-1.6918698971404167, 52.03935050779061], [-1.68936377811389, 52.038284975402476], [-1.6875259574944366, 52.037510042756566], [-1.686189360680289, 52.037413176175825], [-1.683349092450226, 52.037316309595084], [-1.6830149432466888, 52.037510042756566], [-1.6791722274060144, 52.03702570985286], [-1.6783368543971715, 52.03692884327212], [-1.6778356305918667, 52.03702570985286], [-1.6759978099724133, 52.03692884327212], [-1.67532951156534, 52.03654137694917], [-1.673324616344118, 52.03634764378769], [-1.6706514227158236, 52.03673511011065], [-1.6688136020963702, 52.03654137694917], [-1.663300140238011, 52.03160118133146], [-1.6601257228044108, 52.03150431475072], [-1.6602927974061794, 52.0316980479122], [-1.6591232751938003, 52.03160118133146], [-1.656450081565505, 52.0321823808159], [-1.655614708556663, 52.03479777849586], [-1.6522732165212934, 52.035378977980294], [-1.6514378435124515, 52.0348946450766], [-1.6502683213000724, 52.034604045334376], [-1.6480963514770819, 52.03402284584995], [-1.6460914562558608, 52.03470091191512], [-1.6442536356364084, 52.034604045334376], [-1.6437524118311027, 52.03576644430325], [-1.6434182626275655, 52.03528211139955], [-1.6379048007692072, 52.03702570985286], [-1.6365682039550595, 52.037413176175825], [-1.6357328309462167, 52.037219443014344], [-1.6340620849285328, 52.036444510368426], [-1.6322242643090794, 52.03596017746473], [-1.6285486230701736, 52.03692884327212], [-1.6242046834241934, 52.03673511011065], [-1.6242046834241934, 52.03625077720695], [-1.6205290421852876, 52.0348946450766], [-1.6205290421852876, 52.0344103121729], [-1.61919244537114, 52.0348946450766], [-1.617521699353456, 52.0334416463655], [-1.6176887739552246, 52.031891781073675], [-1.6185241469640665, 52.03053564894333], [-1.6201948929817513, 52.02772651810188], [-1.628381548468405, 52.02724218519818], [-1.6385730991762806, 52.02046152454643], [-1.6419145912116493, 52.010290533568785], [-1.655280559353126, 52.00341300633629], [-1.6591232751938003, 51.99982894284893], [-1.6658062592645377, 51.99721354516897], [-1.6698160497069807, 51.99304828219717], [-1.6658062592645377, 51.98752688709503], [-1.6649708862556958, 51.98316789096175], [-1.665305035459233, 51.98055249328179], [-1.6661404084680749, 51.97115643495007], [-1.6643025878486224, 51.966409972493835], [-1.652440291123062, 51.96146977687612], [-1.6389072483798177, 51.9567233144199], [-1.6325584135126165, 51.955657782031764], [-1.6151826549286978, 51.93764059801423], [-1.62353638501712, 51.93570326639944], [-1.6455902324505551, 51.922335678257404], [-1.6419145912116493, 51.9201077469004], [-1.643251188025797, 51.918945347931526], [-1.6442536356364084, 51.91400515231381], [-1.6437524118311027, 51.91361768599086], [-1.6425828896187236, 51.9127458867642], [-1.6407450689992702, 51.91284275334494], [-1.6390743229815863, 51.912552153602725], [-1.6374035769639015, 51.91216468727976], [-1.6374035769639015, 51.91293961992568], [-1.6350645325391433, 51.90983988934202], [-1.6348974579373747, 51.90741822482354], [-1.6350645325391433, 51.90393102791692], [-1.63322671191969, 51.89957203178364], [-1.6342291595303005, 51.89850649939551], [-1.6445877848399446, 51.89492243590815], [-1.6487646498841562, 51.895406768811846], [-1.6602927974061794, 51.89482556932741], [-1.66129524501679, 51.893566303777796], [-1.6639684386450853, 51.88610757706086], [-1.671653870326434, 51.87516165343731], [-1.6788380782024772, 51.86983399149664], [-1.6808429734236991, 51.86915592543147], [-1.6868576590873632, 51.86547499536337], [-1.6871918082908994, 51.8628595976834], [-1.6811771226272354, 51.85966300051901], [-1.6786710036007086, 51.849492009541365], [-1.6860222860785203, 51.830796759458664], [-1.6831820178484573, 51.82033516873881], [-1.6781697797954038, 51.81704170499366], [-1.6803417496183934, 51.80716131375824], [-1.6868576590873632, 51.79824958833022], [-1.7077419843084192, 51.78827233051406], [-1.719437206432211, 51.78323526831561], [-1.7007248510341446, 51.770545746238746], [-1.6927052701492586, 51.74603850131168], [-1.6883613305032794, 51.741970104920625], [-1.6868576590873632, 51.728505650197846], [-1.6958796875828597, 51.723759187741614], [-1.6910345241315738, 51.71910959186612], [-1.6888625543085842, 51.716494194186154], [-1.687358882892668, 51.71455686257137], [-1.6646367370521586, 51.696830278296055], [-1.6634672148397796, 51.69653967855384], [-1.655280559353126, 51.69363368113166], [-1.6551134847513573, 51.692471282162785], [-1.6511036943089143, 51.688790352094685], [-1.6517719927159886, 51.68753108654507], [-1.6482634260788505, 51.68404388963845], [-1.6526073657248306, 51.68152535853923], [-1.6658062592645377, 51.68104102563554], [-1.6746612131582657, 51.68220342460441], [-1.6751624369635714, 51.682494024346624], [-1.6738258401494237, 51.68472195570363], [-1.6776685559900981, 51.688887218675426], [-1.6910345241315738, 51.6873373533836], [-1.696547985989933, 51.68210655802367], [-1.6990541050164598, 51.6730979660149], [-1.700223627228839, 51.670773168077154], [-1.6940418669634063, 51.66873896988163], [-1.6888625543085842, 51.655661981481806], [-1.6915357479368796, 51.65265911747888], [-1.6863564352820575, 51.65236851773667], [-1.6796734512113192, 51.644812924438995], [-1.663300140238011, 51.63996959540202], [-1.6638013640433167, 51.63037980390882], [-1.668479452892833, 51.62834560571329], [-1.6731575417423503, 51.62263047744967], [-1.668479452892833, 51.618658947639354], [-1.6671428560786854, 51.617884014993436], [-1.6718209449282027, 51.613525018860166], [-1.677334406786561, 51.61275008621425], [-1.690533300326269, 51.605485092658796], [-1.6875259574944366, 51.59957623123369], [-1.6878601066979737, 51.59938249807221], [-1.6878601066979737, 51.597348299876685], [-1.6868576590873632, 51.59424856929302], [-1.6863564352820575, 51.59415170271228], [-1.6850198384679098, 51.591826904774535], [-1.6848527638661412, 51.590955105547884], [-1.6851869130696784, 51.5880491081257], [-1.687358882892668, 51.58669297599535], [-1.6910345241315738, 51.58349637883095], [-1.683349092450226, 51.57284105494961], [-1.6826807940431516, 51.57274418836887], [-1.681678346432541, 51.57274418836887], [-1.6815112718307725, 51.572162988884436], [-1.6803417496183934, 51.57177552256148], [-1.676499033777719, 51.569450724623735], [-1.662464767229169, 51.57351912101479], [-1.6521061419195249, 51.57419718707997], [-1.6477622022735456, 51.571969255722955], [-1.6437524118311027, 51.564123062683066], [-1.6312218166984689, 51.55182100692916], [-1.6253742056365734, 51.5455246791811], [-1.62353638501712, 51.54358734756631], [-1.6136789835127816, 51.53651608717233], [-1.6028191343978317, 51.518305169993326], [-1.5981410455483154, 51.51869263631628], [-1.5879494948404398, 51.5248920974836], [-1.5861116742209873, 51.5030002502365], [-1.582268958380313, 51.500287985975795], [-1.5792616155484804, 51.49118252738629], [-1.5704066616547525, 51.48624233176858], [-1.5675663934246886, 51.47984913743978], [-1.5612175585574875, 51.47578074104872], [-1.5595468125398035, 51.46977501304288], [-1.5508589332478442, 51.46551288349035], [-1.5421710539558848, 51.45776355703119], [-1.5289721604161768, 51.45553562567419], [-1.5239599223631233, 51.44129623830549], [-1.5319795032480092, 51.42957538203603], [-1.5328148762568512, 51.425603852225706], [-1.5396649349293572, 51.42608818512941], [-1.558544364929193, 51.42163232241539], [-1.5712420346635945, 51.4164983936362], [-1.5635566029822465, 51.413204929891066], [-1.5625541553716351, 51.411267598276275], [-1.5536992014779072, 51.406714868981524], [-1.5555370220973606, 51.39557521219649], [-1.546514993601864, 51.39102248290174], [-1.5386624873187467, 51.387050953091425], [-1.535655144486915, 51.3840480890885], [-1.5134342224517106, 51.37203663307682], [-1.4993999559031606, 51.369033769073894], [-1.4992328813013929, 51.36331864081027], [-1.5005694781155405, 51.35624738041629], [-1.4868693607705268, 51.349466719764536], [-1.4865352115669905, 51.34530145679274], [-1.497562135283708, 51.333193134200314], [-1.497562135283708, 51.33115893600478], [-1.5167757144870802, 51.33900512904468], [-1.5274684890002606, 51.33842392956024], [-1.5311441302391664, 51.32922160439], [-1.5318124286462407, 51.32815607200186], [-1.5334831746639246, 51.316241482570916], [-1.525296519177271, 51.30703915740067], [-1.5279697128055663, 51.299774163845214], [-1.5227904001507442, 51.28708464176835], [-1.534485622274536, 51.28708464176835], [-1.542505203159421, 51.28127264692399], [-1.5368246666992942, 51.278269782921065], [-1.5374929651063676, 51.273813920207054], [-1.5371588159028304, 51.273717053626314], [-1.5405003079382, 51.26083379838797], [-1.5298075334250187, 51.260543198645756], [-1.531311204840935, 51.257637201223574], [-1.5359892936904513, 51.248628609214805], [-1.5483528142213174, 51.24756307682667], [-1.5775908695307956, 51.25560300302804], [-1.5789274663449433, 51.25531240328583], [-1.5819348091767758, 51.25473120380139], [-1.5927946582917247, 51.25298760534808], [-1.6006471645748421, 51.25075967399108], [-1.6064947756367376, 51.25192207295995], [-1.6150155803269293, 51.24146048224009], [-1.6310547420967003, 51.22383076454552], [-1.6328925627161537, 51.21937490183151], [-1.6374035769639015, 51.2176313033782], [-1.6534427387336725, 51.22044043421964], [-1.6601257228044108, 51.21889056892781], [-1.6668087068751491, 51.21695323731302], [-1.6843515400608364, 51.21491903911749], [-1.6908674495298062, 51.20949451059609], [-1.6928723447510272, 51.203004449686546], [-1.6770002575830247, 51.19341465819334], [-1.6688136020963702, 51.19079926051338], [-1.6723221687335075, 51.17849720475947], [-1.6668087068751491, 51.16997294565441], [-1.6539439625389782, 51.156217891189414], [-1.6629659910344747, 51.12967644806681], [-1.6629659910344747, 51.12715791696759], [-1.6405779943975016, 51.12541431851428], [-1.6262095786454154, 51.117374392312904], [-1.6308876674949317, 51.111174931145584], [-1.629216921477247, 51.10061647384499], [-1.637236502362133, 51.09218908132066], [-1.6290498468754793, 51.08114629111637], [-1.6280473992648679, 51.07233143226908], [-1.6340620849285328, 51.042012192497644], [-1.632391338910848, 51.0328098673274], [-1.619526594574677, 51.03310046706962], [-1.6146814311233921, 51.03000073648596], [-1.608332596256191, 51.02631980641786], [-1.6006471645748421, 51.022154543446064], [-1.6049911042208223, 51.016051948859484], [-1.597472747141242, 51.008012022658114], [-1.6006471645748421, 51.007140223431456], [-1.609167969265033, 51.009852487692164], [-1.6051581788225908, 51.002490627555964], [-1.6201948929817513, 51.00345929336336], [-1.6262095786454154, 51.00103762884488], [-1.6288827722737107, 50.999100297230086], [-1.628381548468405, 50.99861596432639], [-1.628381548468405, 50.997647298519], [-1.6253742056365734, 50.99406323503164], [-1.620361967583519, 50.98863870651023], [-1.6201948929817513, 50.98427971037696], [-1.6076642978491176, 50.97992071424368], [-1.6049911042208223, 50.97517425178745], [-1.6121753120968654, 50.971202721977136], [-1.6233693104153515, 50.9546385366707], [-1.6348974579373747, 50.95928813254619], [-1.646425605459398, 50.94950460789151], [-1.661629394220327, 50.945242478338976], [-1.68936377811389, 50.9546385366707], [-1.7095798049278725, 50.971202721977136], [-1.7196042810339796, 50.976820983660026], [-1.754355798201817, 50.97788651604816], [-1.7698937361662832, 50.98350477773104], [-1.7909451359891078, 50.990091705221325], [-1.807652596165953, 50.99202903683611], [-1.8155051024490705, 50.98592644224953], [-1.8215197881127345, 50.99299770264351], [-1.82736739917463, 50.997259832196036], [-1.8358882038648217, 51.0094650213692], [-1.8527627386434347, 51.00500915865519], [-1.8739812130680278, 50.984473443538434], [-1.8738141384662592, 51.006268424204805], [-1.8744824368733335, 51.006365290785546], [-1.8888508526254197, 50.999972096456744], [-1.8980399557226848, 50.99861596432639], [-1.9202608777578893, 50.99745356535752], [-1.9279463094392373, 50.99774416509973], [-1.9500001568726733, 50.98234237876217], [-1.9568502155451801, 50.9898011054791], [-1.9525062758992, 50.978564582113336], [-1.9508355298815152, 50.97817711579037], [-1.9391403077577243, 50.96965285668531], [-1.9299512046604592, 50.96781239165126], [-1.9209291761649627, 50.9615160639032], [-1.9105705508553186, 50.94921400814929], [-1.8990424033332953, 50.93836495110648], [-1.8925264938643265, 50.931584290454715], [-1.8788263765193127, 50.92431929689926], [-1.8749836606786383, 50.91976656760451], [-1.864625035368995, 50.918894768377854], [-1.8564383798823405, 50.92567542902962], [-1.8460797545726964, 50.93032502490511], [-1.835386980059516, 50.93003442516289], [-1.835386980059516, 50.92955009225919], [-1.8206844151038926, 50.926256628514054], [-1.8128319088207752, 50.92751589406366], [-1.8106599389977855, 50.927225294321445], [-1.8188465944844392, 50.91656997044011], [-1.816507550059681, 50.90397731494399], [-1.8255295785551775, 50.8961311219041], [-1.8417358149267171, 50.89700292113075], [-1.848585873599223, 50.88993166073677], [-1.847416351386844, 50.88344159982723], [-1.8479175751921497, 50.8823760674391], [-1.8484187989974554, 50.87375494175329], [-1.8535981116522766, 50.86648994819784], [-1.850590768820445, 50.86029048703051], [-1.8415687403249485, 50.858062555673506], [-1.8295393689976205, 50.855350291412805], [-1.8148368040419962, 50.85874062173868], [-1.8136672818296171, 50.863390217614175], [-1.811328237404859, 50.86455261658305], [-1.8056477009447311, 50.85922495464238], [-1.8048123279358892, 50.85680329012389], [-1.8041440295288158, 50.85554402457428], [-1.8028074327146681, 50.85070069553731], [-1.7981293438651509, 50.841982703270766], [-1.7986305676704566, 50.84082030430189], [-1.7914463597944135, 50.83694564107231], [-1.7971268962545404, 50.830068113839815], [-1.8031415819182044, 50.821931321057704], [-1.801637910502289, 50.822221920799926], [-1.8039769549270472, 50.81999398944292], [-1.8028074327146681, 50.81350392853338], [-1.8106599389977855, 50.80711073420458], [-1.8039769549270472, 50.79994260722986], [-1.8048123279358892, 50.79568047767733], [-1.7962915232456984, 50.786381285926346], [-1.7974610454580775, 50.78386275482712], [-1.7879377931572762, 50.77882569262867], [-1.7881048677590439, 50.774466696495395], [-1.78960853917496, 50.7703014335236], [-1.7882719423608124, 50.76691110319772], [-1.7849304503254437, 50.76497377158293], [-1.7834267789095275, 50.764683171840716], [-1.7688912885556727, 50.7698171006199], [-1.7565277680248066, 50.77843822630571], [-1.7456679189098576, 50.776210294948704], [-1.746336217316932, 50.77340116410726], [-1.7398203078479622, 50.762745840225925], [-1.7418252030691832, 50.758289977511915], [-1.743495949086868, 50.74995945156832], [-1.742326426874489, 50.749281385503146], [-1.7149261921844623, 50.751993649763854], [-1.6818454210343097, 50.75189678318311], [-1.6890296289103528, 50.741532059044], [-1.6920369717421853, 50.739400994267726], [-1.69253819554749, 50.7373667960722], [-1.69253819554749, 50.7373667960722], [-1.7221104000605063, 50.73455766523076], [-1.7358105174055192, 50.727002071933086], [-1.7618741552813972, 50.72312740870351], [-1.7593680362548705, 50.7177028801821], [-1.744665471299247, 50.71799347992432], [-1.7488423363434586, 50.712375218241434], [-1.7670534679362193, 50.71624988147101], [-1.8163404754579124, 50.720608877604285], [-1.8437407101479382, 50.71944647863541], [-1.8651262591742999, 50.71721854727841], [-1.8905215986431045, 50.712472084822174], [-1.9130766698818453, 50.704335292040064], [-1.933626845899365, 50.69145203680172], [-1.9339609951029022, 50.699104496680135], [-1.96654054244775, 50.71537808224436], [-1.9728893773149512, 50.710534753207384], [-1.9899309866953327, 50.71208461849922], [-1.9849187486422792, 50.720705744185025], [-1.992604180323628, 50.72390234134942], [-1.9924371057218595, 50.73349213284263], [-1.9971151945713768, 50.73542946445741], [-2.0104811627128525, 50.73194226755079], [-2.0056359992615675, 50.718962145731716], [-1.9952773739519234, 50.71731541385915], [-1.9932724787307023, 50.71227835166069], [-2.0124860579340735, 50.71034102004591], [-2.0368789497922677, 50.717121680697666], [-2.061605990853998, 50.71673421437471], [-2.0711292431548003, 50.70830682185038], [-2.072465839968948, 50.69958882958383], [-2.0771439288184643, 50.69513296686982], [-2.0702938701459583, 50.68680244092623], [-2.05926694642924, 50.6906771041558], [-2.0554242305885655, 50.699104496680135], [-2.0430607100577003, 50.70288229332897], [-2.039552143420563, 50.707241289462246], [-2.023512981650792, 50.704529025201545], [-2.0270215482879292, 50.68224971163148], [-2.0119848341287687, 50.682734044535174], [-1.9981176421819873, 50.6751784512375], [-1.9967810453678396, 50.66781659110131], [-1.9850858232440478, 50.66975392271609], [-1.9697149598813501, 50.66384506129099], [-1.9668746916512871, 50.67081945510423], [-1.9575185139522535, 50.67265992013827], [-1.9508355298815152, 50.67876251472486], [-1.9414793521824825, 50.673919185687886], [-1.9494989330673675, 50.661520263353246], [-1.9528404251027371, 50.651252405794864], [-1.9408110537754082, 50.64079081507501], [-1.9261084888197848, 50.63943468294466], [-1.9331256220940594, 50.63091042383959], [-1.9438183966072407, 50.62916682538628], [-1.9521721266956629, 50.62403289660709], [-1.957351439350485, 50.615702370663506], [-1.9500001568726733, 50.60475644703995], [-1.9535087235098105, 50.59419798973936], [-1.9610270805893908, 50.59100139257495], [-1.9842504502352059, 50.59051705967126], [-2.003464029438578, 50.59177632522087], [-2.026353249880855, 50.58896719437943], [-2.0397192180223316, 50.58015233553214], [-2.0577632750133237, 50.57724633810996], [-2.0619401400575352, 50.581411601081754], [-2.064112109880525, 50.59361679025492], [-2.072799989172485, 50.592260658124566], [-2.098529477844826, 50.59816951954967], [-2.1055466111191015, 50.5970071205808], [-2.127433383950768, 50.60446584729773], [-2.1344505172250434, 50.61260264007984], [-2.1444749933311504, 50.60950290949618], [-2.1580080360743947, 50.615508637502025], [-2.179226510498988, 50.614636838275366], [-2.19844008970236, 50.62296736421896], [-2.220493937135795, 50.620158233377516], [-2.228179368817144, 50.61608983698646], [-2.2604247669584554, 50.618220901762726], [-2.272955362091089, 50.62209556499231], [-2.291834792090924, 50.62287049763822], [-2.3036970888164836, 50.62519529557596], [-2.329927801294131, 50.62693889402927], [-2.3346058901436475, 50.63100729042033], [-2.366015915276116, 50.63129789016255], [-2.3790477342140557, 50.635463153134346], [-2.3959222689926687, 50.63662555210322], [-2.4084528641253025, 50.63294462203512], [-2.419479787842021, 50.63643181894174], [-2.4316762337711175, 50.63236342255068], [-2.4453763511161304, 50.62296736421896], [-2.4525605589921735, 50.61328070614502], [-2.448383693947963, 50.601075516971854], [-2.459243543062912, 50.597588320065235], [-2.47127291439024, 50.58431759850394], [-2.4903194189918434, 50.59187319180161], [-2.49934144748734, 50.59894445219558], [-2.5055232077527725, 50.60989037581914], [-2.5175525790801014, 50.61783343543977], [-2.5315868456286514, 50.617445969116815], [-2.54896260421257, 50.62490469583375], [-2.5579846327080666, 50.630813557258854], [-2.5604907517345934, 50.637981684233566], [-2.5701810786371633, 50.63759421791061], [-2.598416686336032, 50.6491213410186], [-2.597581313327189, 50.65348033715187], [-2.6114485052739704, 50.654061536636306], [-2.566672512000026, 50.6326540222929], [-2.49282553801837, 50.59235752470531], [-2.4605801398770595, 50.57104687694263], [-2.430673786160507, 50.56765654661675], [-2.417140743417262, 50.55225476027919], [-2.4181431910278732, 50.542858701947466], [-2.437022621027708, 50.530362913032086], [-2.442703157487835, 50.5205793883774], [-2.4565703494346165, 50.513120661660466], [-2.4600789160717538, 50.516607858567085], [-2.4554008272222374, 50.525713317156594], [-2.4537300812045526, 50.53888717213715], [-2.456403274832848, 50.54247123562451], [-2.4480495447444257, 50.5571949558969], [-2.449219066956805, 50.56010095331908], [-2.4689338699654817, 50.57443720726852], [-2.49282553801837, 50.58993586018682], [-2.54461866456659, 50.61928643415086], [-2.6005886561590215, 50.64747460914603], [-2.640519485981681, 50.66520119342134], [-2.6784454205831194, 50.68031238001669], [-2.739594724830373, 50.702494827006014], [-2.780193853060106, 50.7149906159214], [-2.793726895803351, 50.7181872130858], [-2.8124392512014174, 50.71799347992432], [-2.8364979938560744, 50.72390234134942], [-2.8468566191657185, 50.72380547476868], [-2.862728706333721, 50.72768013799826], [-2.894472880669727, 50.73281406677745], [-2.911681564651877, 50.73378273258484], [-2.9282219502269538, 50.728648803805655], [-2.9399171723507456, 50.71954334521615], [-2.9531160658904527, 50.7145062830177], [-2.9668161832354656, 50.71276268456439], [-2.9820199719963947, 50.70511022468598], [-2.9977249845626295, 50.70462589178228], [-3.006747013058126, 50.70036376222975], [-3.0226191002261285, 50.69842643061496], [-3.060879184031104, 50.70297915990971], [-3.0790903156238647, 50.70239796042527], [-3.0919550599600356, 50.69522983345056], [-3.0959648504024786, 50.6852525756344], [-3.1265395025261054, 50.68689930750697], [-3.1512665435878358, 50.685446308795875], [-3.193202268631717, 50.68438077640774], [-3.230292830224313, 50.679440580790036], [-3.2642089743833083, 50.671206921427185], [-3.2672163172151407, 50.666654192132434], [-3.2852603742061337, 50.652317938182996], [-3.2894372392503444, 50.64098454823649], [-3.3006312375688314, 50.631491623324024], [-3.3350486055331316, 50.62519529557596], [-3.3591073481877887, 50.615508637502025], [-3.3579378259754096, 50.60863111026953], [-3.3691318242938957, 50.60950290949618], [-3.385505135267204, 50.60679064523548], [-3.3880112542937306, 50.60901857659248], [-3.4073919080988713, 50.61163397427245], [-3.4157456381872935, 50.61579923724424], [-3.415578563585525, 50.62916682538628], [-3.42476766668279, 50.64059708191353], [-3.4329543221694445, 50.646021610434936], [-3.435961665001276, 50.65609573483184], [-3.4498288569480575, 50.672853653299754], [-3.468875361549661, 50.681281045824086], [-3.4682070631425876, 50.663941927871726], [-3.457681363231175, 50.65706440063923], [-3.4513325283639738, 50.64708714282307], [-3.452502050576353, 50.6422438137861], [-3.4461532157091517, 50.62480782925301], [-3.444816618895004, 50.605531379685864], [-3.439136082434877, 50.59962251826076], [-3.443981245886162, 50.59274499102826], [-3.4570130648241006, 50.585770597215024], [-3.4675387647355134, 50.5773432046907], [-3.4702119583638087, 50.562619484418306], [-3.477396166239852, 50.56048841964204], [-3.4964426708414553, 50.54247123562451], [-3.5011207596909726, 50.54595843253113], [-3.5179952944695856, 50.54557096620817], [-3.5291892927880717, 50.54731456466148], [-3.5420540371242426, 50.54537723304669], [-3.5592627211063927, 50.545474099627434], [-3.5766384796903123, 50.538402839233456], [-3.548737021194981, 50.540049571106024], [-3.5179952944695856, 50.54063077059046], [-3.507469594558173, 50.54218063588229], [-3.496108521637918, 50.5375310400068], [-3.5007866104874354, 50.532881444131306], [-3.513317205620069, 50.50614626784723], [-3.5148208770359854, 50.4817358895009], [-3.505464699336952, 50.478926758659455], [-3.5011207596909726, 50.47185549826548], [-3.4904279851777913, 50.469143234004775], [-3.4867523439388854, 50.463040639418196], [-3.4912633581866332, 50.45810044380048], [-3.504128102522804, 50.45955344251158], [-3.5159903992483645, 50.45374144766721], [-3.533533232434052, 50.463040639418196], [-3.5402162165047892, 50.46052210831897], [-3.5448943053543065, 50.45257904869834], [-3.5520785132303496, 50.451126049987245], [-3.559095646504625, 50.4355305304882], [-3.5592627211063927, 50.42070994363507], [-3.5552529306639507, 50.40676115600859], [-3.519498965885502, 50.40317709252124], [-3.5123147580094587, 50.39775256399983], [-3.498614640664445, 50.40143349406793], [-3.488590164558338, 50.40036796167979], [-3.4927670296025495, 50.39155310283251], [-3.5034598041157308, 50.38855023882959], [-3.502123207301583, 50.38409437611557], [-3.516157473850133, 50.371307987457975], [-3.515823324646596, 50.36462419338695], [-3.521002637301418, 50.35803726589667], [-3.514987951637754, 50.35174093814861], [-3.520668488097881, 50.34496027749685], [-3.5325307848234413, 50.34215114665541], [-3.5343686054428938, 50.33701721787622], [-3.544226006947232, 50.33537048600365], [-3.572461614646101, 50.34709134227312], [-3.5706237940266474, 50.35706860008928], [-3.576304330486775, 50.36336492783734], [-3.5798128971239125, 50.377507448625295], [-3.5915081192477043, 50.38225391108153], [-3.582820239955745, 50.3861285743111], [-3.5806482701327544, 50.39242490205916], [-3.58766540340703, 50.39484656657765], [-3.6070460572121696, 50.39232803547842], [-3.614898563495287, 50.39649329845022], [-3.6324413966809743, 50.400077361937576], [-3.630102352256216, 50.403467692263455], [-3.642131723583545, 50.40918282052708], [-3.649483006061357, 50.40753608865451], [-3.6262596364155417, 50.392037435736206], [-3.610053400044002, 50.38864710541033], [-3.5983581779202103, 50.391649969413244], [-3.594849611283073, 50.38089777895117], [-3.5804811955309868, 50.372179786684626], [-3.588834925619409, 50.360458930415156], [-3.5766384796903123, 50.35706860008928], [-3.576304330486775, 50.34554147698129], [-3.5657786305753625, 50.340698147944316], [-3.572461614646101, 50.326071294252664], [-3.588500776415872, 50.32587756109119], [-3.5963532826989892, 50.319871833085344], [-3.6127265936722974, 50.31725643540538], [-3.6334438442915857, 50.30088598326042], [-3.6463085886277558, 50.28306253240437], [-3.6563330647338628, 50.25380882502107], [-3.659507482167464, 50.238213305522024], [-3.657335512344474, 50.230948311966564], [-3.649483006061357, 50.224748850799244], [-3.660175780574537, 50.22058358782745], [-3.6808930311938255, 50.2224240528615], [-3.6905833580963954, 50.215837125371216], [-3.716814070574042, 50.205278668070626], [-3.7330203069455825, 50.20992826394611], [-3.7366959481844884, 50.21438412666013], [-3.750061916325964, 50.21913058911636], [-3.765766928892199, 50.22048672124671], [-3.7727840621664734, 50.22600811634886], [-3.7639291082727455, 50.23491984177688], [-3.7524009607507223, 50.23976317081385], [-3.754405855971944, 50.25235582630997], [-3.7475557972994373, 50.25652108928177], [-3.7619242130515245, 50.26146128489948], [-3.759251019423229, 50.26804821238976], [-3.772616987564705, 50.275216339364476], [-3.7694425701311047, 50.260589485672824], [-3.759251019423229, 50.24770623043448], [-3.766101078095735, 50.23627597390723], [-3.783810985883191, 50.224845717379985], [-3.7808036430513594, 50.21564339220974], [-3.784646358892034, 50.21080006317277], [-3.799348923847657, 50.21467472640234], [-3.8113782951749853, 50.21428726007939], [-3.8234076665023142, 50.21719325750157], [-3.826749158537683, 50.222908385765194], [-3.852812796413562, 50.23433864229244], [-3.859997004289605, 50.23424177571171], [-3.871191002608091, 50.24189423559012], [-3.859161631280762, 50.24247543507455], [-3.86049822809491, 50.254390024505504], [-3.8581591836701516, 50.260589485672824], [-3.8790435088912085, 50.27201974220008], [-3.881716702519504, 50.27657247149483], [-3.9099523102183715, 50.29429905577014], [-3.9224829053510053, 50.29701132003085], [-3.933342754465955, 50.29536458815827], [-3.9445367527844413, 50.29778625267676], [-3.9485465432268843, 50.30979770868844], [-3.9640844811913496, 50.30505124623222], [-3.9757797033151414, 50.30737604416996], [-3.9918188650849125, 50.3074729107507], [-4.003848236412241, 50.30166091590633], [-4.01153366809359, 50.30311391461743], [-4.03525826154471, 50.29284605705905], [-4.046285185261428, 50.294008456027925], [-4.052634020128629, 50.29797998583824], [-4.074687867562065, 50.30398571384408], [-4.071680524730232, 50.309216509204006], [-4.057312108978145, 50.31154130714175], [-4.085213567473477, 50.31783763488982], [-4.105930818092765, 50.31531910379059], [-4.120633383048388, 50.321712298119394], [-4.119129711632472, 50.33217388883925], [-4.126815143313821, 50.336048552068824], [-4.128485889331506, 50.34292607930132], [-4.12146875605723, 50.34864120756495], [-4.124643173490831, 50.35542186821671], [-4.112446727561735, 50.359393398027024], [-4.126313919508516, 50.36472105996769], [-4.145861647915424, 50.364236727064], [-4.157556870039216, 50.36104012989959], [-4.172593584198377, 50.365592859194344], [-4.185458328534548, 50.36723959106692], [-4.183787582516863, 50.37624818307568], [-4.191807163401749, 50.390971903348074], [-4.205340206144993, 50.39949616245314], [-4.192308387207054, 50.42468147344539], [-4.173930181012524, 50.43533679732672], [-4.156721497030373, 50.45364458108647], [-4.169586241366544, 50.45190098263316], [-4.17660337464082, 50.44056759268665], [-4.1851241793310106, 50.43417439835785], [-4.198991371277792, 50.4456046548851], [-4.201163341100782, 50.45441951373238], [-4.213025637826342, 50.466430969744074], [-4.217703726675858, 50.46439677154854], [-4.211689041012194, 50.45616311218569], [-4.209851220392741, 50.445701521465836], [-4.199325520481329, 50.43572426364968], [-4.211354891808657, 50.42400340738021], [-4.211689041012194, 50.41392928298331], [-4.205841429950298, 50.408020421558206], [-4.211856115613963, 50.39930242929166], [-4.239924648711062, 50.39261863522064], [-4.248445453401254, 50.38506304192297], [-4.266489510392246, 50.38719410669923], [-4.270666375436457, 50.37963851340156], [-4.282695746763785, 50.38157584501635], [-4.281860373754943, 50.38603170773036], [-4.295560491099956, 50.387387839860715], [-4.275845688091279, 50.373923385137935], [-4.258135780303824, 50.37673251597938], [-4.251118647029549, 50.375763850171985], [-4.239757574109294, 50.380122846305255], [-4.230401396410261, 50.39048757044437], [-4.213025637826342, 50.39271550180138], [-4.2060085045520665, 50.38903457173328], [-4.202332863313161, 50.37905731391712], [-4.19481450623358, 50.37188918694241], [-4.235747783666851, 50.3637523941603], [-4.206342653755604, 50.36171819596477], [-4.196485252251265, 50.358618465381106], [-4.197320625260107, 50.353290803440444], [-4.174431404817829, 50.3605557969959], [-4.166578898534713, 50.351450338406394], [-4.167414271543555, 50.34563834356203], [-4.188131522162843, 50.3408918811058], [-4.20133041570255, 50.33285195490443], [-4.18946811897699, 50.323552763153444], [-4.188465671366379, 50.31774076830908], [-4.210519518799815, 50.318321967793516], [-4.2188732488882374, 50.31512537062911], [-4.22722697897666, 50.319096900439426], [-4.219541547295312, 50.324618295541576], [-4.229231874197882, 50.333530020969604], [-4.244769812162348, 50.34205428007467], [-4.282695746763785, 50.3568748669278], [-4.30809108623259, 50.361427596222555], [-4.332149828887247, 50.362299395449206], [-4.33833158915268, 50.359490264607764], [-4.355373198533062, 50.36181506254551], [-4.367068420656854, 50.36026519725368], [-4.387284447470837, 50.36433359364474], [-4.410173667913114, 50.364139860483256], [-4.436404380390761, 50.36104012989959], [-4.451274019948153, 50.350481672598995], [-4.452443542160532, 50.34486341091611], [-4.47316079277982, 50.33856708316805], [-4.472993718178052, 50.3330456880659], [-4.4980549084433195, 50.336726618134], [-4.501897624283994, 50.33062402354742], [-4.5160989654343116, 50.33023655722446], [-4.531971052602315, 50.32481202870306], [-4.551518781009223, 50.324327695799354], [-4.578417791893944, 50.332561355162206], [-4.587439820389441, 50.33207702225851], [-4.5971301472920105, 50.32471516212232], [-4.609493667822876, 50.32868669193263], [-4.619685218530751, 50.3239402294764], [-4.638564648530586, 50.326168160833404], [-4.629876769238627, 50.332464488581465], [-4.6292084708315535, 50.345832076723504], [-4.636559753309365, 50.356003067701145], [-4.633719485079301, 50.36733645764765], [-4.639567096141197, 50.37140485403871], [-4.637896350123513, 50.347672541757554], [-4.631213366052775, 50.34466967775463], [-4.634220708884607, 50.33488615309995], [-4.651763542070293, 50.32694309347932], [-4.653100138884442, 50.323649629734184], [-4.676657657733793, 50.31793450147055], [-4.684844313220447, 50.320162432827566], [-4.682004044990384, 50.33837335000657], [-4.6898565512735, 50.34641327620794], [-4.702554221007903, 50.34689760911164], [-4.7062298622468095, 50.34050441478284], [-4.739811857202268, 50.335273619422914], [-4.75250952693667, 50.33217388883925], [-4.766877942688756, 50.32219663102309], [-4.765040122069304, 50.312897439272106], [-4.754013198352586, 50.30592304545887], [-4.772725553750653, 50.29526772157754], [-4.784420775874445, 50.2846123976962], [-4.77840609021078, 50.27928473575553], [-4.783919552069139, 50.275119472783736], [-4.785590298086824, 50.262623683868355], [-4.7712218823347365, 50.25816782115434], [-4.768548688706441, 50.252743292632935], [-4.777570717201938, 50.25051536127593], [-4.7880964171133495, 50.24218483533234], [-4.7832512536620655, 50.23666344023019], [-4.794946475785856, 50.23259504383913], [-4.802464832865437, 50.2187431227934], [-4.8133246819803865, 50.22978591299769], [-4.829865067555463, 50.23056084564361], [-4.844901781714624, 50.234822975196145], [-4.861442167289701, 50.234822975196145], [-4.874139837024103, 50.23046397906287], [-4.888842401979726, 50.2182587898897], [-4.899869325696444, 50.21428726007939], [-4.910562100209624, 50.20537553465136], [-4.910896249413161, 50.20014473929143], [-4.92192317312988, 50.19549514341594], [-4.923593919147564, 50.20217893748696], [-4.933785469855439, 50.20711913310467], [-4.948655109412831, 50.20566613439358], [-4.957510063306559, 50.20217893748696], [-4.968704061625045, 50.19210481309006], [-4.97471874728871, 50.179802757336155], [-4.97254677746572, 50.16469157074081], [-4.9910920582620175, 50.150258450210636], [-5.009637339058316, 50.139312526587084], [-5.017489845341434, 50.149386650983985], [-5.0071312200317895, 50.15074278311433], [-5.000782385164588, 50.155489245570564], [-5.00596169781941, 50.16159184015715], [-5.023838680208634, 50.15471431292465], [-5.028182619854614, 50.15849210957349], [-5.019828889766192, 50.17650929359102], [-5.025676500828087, 50.18232128843538], [-5.031524111889983, 50.20033847245291], [-5.034865603925352, 50.203244469875095], [-5.024506978615708, 50.20992826394611], [-5.025509426226319, 50.21729012408231], [-5.009303189854779, 50.22707364873699], [-5.0163203231290545, 50.23433864229244], [-5.021833784987413, 50.232788777000614], [-5.02868384365992, 50.21448099324087], [-5.04054614038548, 50.20469746858619], [-5.055081630739335, 50.197916807934426], [-5.074796433748012, 50.20837839865428], [-5.073793986137401, 50.19985413954922], [-5.05658530215525, 50.19026434805601], [-5.0552487053411035, 50.17796229230211], [-5.045558378438534, 50.1757343609451], [-5.046393751447376, 50.16875996713186], [-5.053577959323419, 50.16236677280306], [-5.069115897287885, 50.161882439899365], [-5.064604883040136, 50.151905182083205], [-5.057587749765862, 50.147739919111416], [-5.076968403571001, 50.140087459233], [-5.072958613128559, 50.13437233096938], [-5.090668520916015, 50.12458880631469], [-5.091336819323089, 50.114417815337056], [-5.085489208261192, 50.10928388655787], [-5.091503893924857, 50.10298755880981], [-5.102196668438038, 50.099790961645404], [-5.111218696933534, 50.10405309119794], [-5.124083441269705, 50.09911289558023], [-5.139287230030634, 50.10046902771058], [-5.1631788980835225, 50.09669123106175], [-5.160505704455227, 50.09136356912108], [-5.139955528437708, 50.09659436448101], [-5.13210302215459, 50.09291343441291], [-5.118235830207809, 50.096206898158044], [-5.075130582951549, 50.082161243950836], [-5.079140373393992, 50.07683358201017], [-5.077469627376307, 50.0678249900014], [-5.0674451512702, 50.06705005735549], [-5.058256048172936, 50.05368246921345], [-5.0644378084383685, 50.05029213888756], [-5.070285419500264, 50.034599752807786], [-5.089331924101867, 50.03130628906264], [-5.097518579588521, 50.0248162281531], [-5.094678311358457, 50.0179387009206], [-5.101361295429196, 50.00428051303635], [-5.112388219145913, 50.00321498064822], [-5.121577322243178, 50.00893010891184], [-5.145468990296067, 50.00796144310444], [-5.163345972685291, 50.00573351174744], [-5.17203385197725, 49.99730611922311], [-5.170196031357797, 49.99178472412096], [-5.180053432862136, 49.98616646243808], [-5.188574237552327, 49.97415500642639], [-5.184397372508116, 49.96601821364428], [-5.190746207375317, 49.961659217511006], [-5.202608504100876, 49.959043819831045], [-5.215974472242353, 49.95952815273474], [-5.217143994454732, 49.96911794422794], [-5.235522200649262, 49.975995471460436], [-5.246883273569516, 49.977061003848576], [-5.247217422773053, 49.983066731854414], [-5.256406525870318, 49.99740298580385], [-5.266765151179962, 50.00050271638751], [-5.255905302065013, 50.02171649756944], [-5.264927330560509, 50.028981491124895], [-5.266431001976425, 50.03750575022997], [-5.279964044719669, 50.04186474636324], [-5.275787179675458, 50.04825794069204], [-5.2782932987019855, 50.054941734763055], [-5.290322670029314, 50.06608139154809], [-5.308032577816769, 50.07760851465608], [-5.322233918967088, 50.082839310016006], [-5.33493158870149, 50.09136356912108], [-5.348965855250039, 50.09213850176699], [-5.361830599586211, 50.08894190460259], [-5.366341613833959, 50.093688367058824], [-5.391569878700995, 50.103471891713504], [-5.398754086577038, 50.100856494033536], [-5.413122502329125, 50.10385935803646], [-5.423314053037, 50.09853169609579], [-5.427992141886517, 50.10424682435942], [-5.44068981162092, 50.111802417657096], [-5.447372795691658, 50.11112435159192], [-5.464247330470271, 50.123329540765084], [-5.4732693589657675, 50.12294207444212], [-5.483962133478949, 50.127591670317614], [-5.495991504806277, 50.12875406928649], [-5.52472833631045, 50.125944938445045], [-5.530408872770577, 50.12342640734582], [-5.530910096575884, 50.11567708088667], [-5.547784631354497, 50.107927754427514], [-5.549288302770412, 50.10318129197128], [-5.539597975867842, 50.0975630302884], [-5.533249141000642, 50.08855443827964], [-5.542605318699675, 50.070246654519885], [-5.554634690027003, 50.05978506380003], [-5.5636567185225, 50.0582351985082], [-5.57652146285867, 50.05203573734087], [-5.600914354716864, 50.05193887076014], [-5.607597338787603, 50.04825794069204], [-5.619125486309626, 50.05126080469496], [-5.628481664008659, 50.04409267772024], [-5.642683005158977, 50.04457701062394], [-5.654378227282768, 50.03789321655292], [-5.669749090645466, 50.03740888364923], [-5.679272342946268, 50.03498721913074], [-5.684618730202859, 50.03789321655292], [-5.693974907901891, 50.053295002890486], [-5.705670130025682, 50.054941734763055], [-5.715861680733559, 50.06520959232144], [-5.709512845866357, 50.071215320327276], [-5.708844547459283, 50.07770538123682], [-5.698820071353176, 50.078286580721254], [-5.692638311087744, 50.082839310016006], [-5.689296819052375, 50.09233223492847], [-5.697483474539029, 50.09940349532245], [-5.697316399937261, 50.1108337518497], [-5.705837204627452, 50.126041805025785], [-5.70483475701684, 50.13485666387307], [-5.693306609494817, 50.13805326103747], [-5.693640758698354, 50.1469649864655], [-5.680776014362184, 50.15587671189353], [-5.671586911264919, 50.16682263551708], [-5.660392912946433, 50.16401350467564], [-5.651203809849168, 50.168178767647426], [-5.640009811530682, 50.167306968420775], [-5.6261426195839, 50.169147433454825], [-5.621464530734384, 50.17679989333324], [-5.610270532415898, 50.181643222370205], [-5.603420473743391, 50.18871448276418], [-5.591725251619599, 50.189005082506405], [-5.578693432681661, 50.197916807934426], [-5.565327464540184, 50.199563539806995], [-5.555470063035846, 50.20828153207354], [-5.541769945690833, 50.213996660337166], [-5.530408872770577, 50.21341546085273], [-5.511195293567206, 50.21593399195196], [-5.498330549231035, 50.21990552176227], [-5.479785268434737, 50.213124861110515], [-5.469426643125093, 50.20634420045876], [-5.469092493921556, 50.19985413954922], [-5.453387481355322, 50.195301410254466], [-5.436847095780245, 50.193557811801156], [-5.437014170382014, 50.1762186938488], [-5.422478680028158, 50.188811349344924], [-5.433505603744877, 50.19113614728267], [-5.427825067284749, 50.19946667322626], [-5.418301814983947, 50.20401940252101], [-5.401928504010639, 50.215837125371216], [-5.390901580293921, 50.22988277957843], [-5.395913818346974, 50.23986003739459], [-5.382881999409035, 50.241022436363465], [-5.372356299497623, 50.23676030681093], [-5.357987883745537, 50.23986003739459], [-5.342784094984607, 50.23801957236054], [-5.324740037993615, 50.24421903352786], [-5.313880188878665, 50.250902827598885], [-5.311039920648602, 50.25661795586251], [-5.302352041356642, 50.26097695199579], [-5.285477506578029, 50.26485161522536], [-5.277959149498448, 50.27395707381486], [-5.263924882949898, 50.27482887304152], [-5.26158583852514, 50.27909100259405], [-5.247050348171285, 50.284224931373245], [-5.233851454631577, 50.304760646489996], [-5.234853902242188, 50.31793450147055], [-5.220819635693639, 50.32239036418457], [-5.200770683481424, 50.320065566246825], [-5.179886358260368, 50.336242285230306], [-5.154992242596869, 50.34883494072643], [-5.146471437906678, 50.37527951726829], [-5.156161764809248, 50.38719410669923], [-5.1471397363137505, 50.390100104121416], [-5.142628722066004, 50.395427766062085], [-5.148977556933204, 50.40056169484127], [-5.144132393481919, 50.405405023878245], [-5.133439618968739, 50.40840788788117], [-5.122579769853789, 50.40492069097455], [-5.102363743039806, 50.41315435033739], [-5.099523474809743, 50.42109740995803], [-5.087661178084183, 50.420613077054334], [-5.078806224190455, 50.41547914827514], [-5.059091421181778, 50.42410027396095], [-5.040713214987248, 50.44792945282285], [-5.038207095960721, 50.46032837515749], [-5.032025335695288, 50.467302768970725], [-5.039710767376637, 50.47418029620322], [-5.0331948579076675, 50.48822595041044], [-5.038541245164258, 50.49587841028885], [-5.039877841978406, 50.50372460332874], [-5.028516769058151, 50.50963346475385], [-5.029352142066993, 50.524744651349195], [-5.022836232598024, 50.53230024464687], [-5.0263447992351615, 50.54169630297859], [-5.036703424544806, 50.549058163114786], [-5.027848470651078, 50.55147982763327], [-5.015150800916675, 50.54411796749708], [-5.006128772421178, 50.546345898854085], [-4.998610415341599, 50.54034017084824], [-4.978394388527615, 50.54673336517704], [-4.972212628262183, 50.5576792888006], [-4.956674690297717, 50.56291008416052], [-4.9521636760499685, 50.56920641190859], [-4.944812393572157, 50.56852834584341], [-4.949657557023443, 50.55651688983173], [-4.938797707908493, 50.55332029266732], [-4.933952544457208, 50.54702396491926], [-4.934453768262513, 50.53268771096983], [-4.919584128705122, 50.53142844542022], [-4.897530281271686, 50.52551958399511], [-4.885333835342589, 50.530169179870605], [-4.854759183218961, 50.52881304774025], [-4.8651178085286055, 50.53394697651944], [-4.886336282953199, 50.534528176003874], [-4.898699803484065, 50.53075037935504], [-4.914237741448531, 50.5370467071031], [-4.914906039855604, 50.54334303485116], [-4.924596366758175, 50.544408567239294], [-4.931112276227144, 50.55060802840662], [-4.925932963572322, 50.56106961912648], [-4.929608604811229, 50.56542861525975], [-4.920586576315731, 50.57995860237066], [-4.935456215873124, 50.586739263022416], [-4.918915830298047, 50.59177632522087], [-4.908223055784866, 50.58451133166541], [-4.896527833661075, 50.585867463795765], [-4.881324044900145, 50.583155199535064], [-4.870965419590502, 50.59148572547865], [-4.846739602334076, 50.59778205322671], [-4.82485282950241, 50.59477918922379], [-4.798287967821226, 50.597491453484494], [-4.784754925077981, 50.60688751181622], [-4.770386509325894, 50.62238616473452], [-4.773059702954189, 50.62839189274037], [-4.767880390299368, 50.641565747720925], [-4.760194958618019, 50.646893409661594], [-4.7660425696799145, 50.65464273612074], [-4.762701077644545, 50.66355446154877], [-4.7643718236622306, 50.66985078929683], [-4.732126425520919, 50.672950519880494], [-4.7279495604767074, 50.68147477898556], [-4.703556668618514, 50.68757737357215], [-4.698544430565461, 50.6943580342239], [-4.686347984636363, 50.695811032935], [-4.681168671981542, 50.704335292040064], [-4.6681368530436025, 50.70666008997781], [-4.667468554636528, 50.710922219530346], [-4.654603810300358, 50.71624988147101], [-4.649925721450841, 50.726905205352345], [-4.6522647658756, 50.73572006419963], [-4.64140491676065, 50.73814172871812], [-4.631046291451006, 50.750250051310545], [-4.617847397911299, 50.752962315571246], [-4.615007129681235, 50.759258643319306], [-4.60364605676098, 50.764392572098494], [-4.590280088619504, 50.766233037132544], [-4.561877406318867, 50.78134422372789], [-4.5570322428675825, 50.79858647509951], [-4.557533466672887, 50.829293181193904], [-4.553857825433981, 50.832102312035346], [-4.558870063487035, 50.875982873110296], [-4.56588719676131, 50.90494598075138], [-4.5622115555224045, 50.91695743676307], [-4.546005319150865, 50.92838769329032], [-4.549179736584465, 50.938752417429434], [-4.542663827115495, 50.94437067911232], [-4.5429979763190325, 50.95454167008996], [-4.532973500212925, 50.96568132687499], [-4.532806425611157, 50.97730531656372], [-4.52929785897402, 50.986313908572484], [-4.533140574814694, 50.99377263528942], [-4.526958814549261, 51.01188668588769], [-4.527460038354566, 51.01847361337797], [-4.513425771806016, 51.022348276607545], [-4.501062251275151, 51.018667346539445], [-4.494212192602645, 51.020701544734976], [-4.469485151540914, 51.02157334396163], [-4.451608169151689, 51.01508328305209], [-4.425377456674043, 51.013630284341], [-4.40415898224945, 51.004524825751496], [-4.39547110295749, 50.99658176613086], [-4.374586777736434, 50.990091705221325], [-4.343343827205733, 50.98892930625245], [-4.318449711542234, 50.992707102901285], [-4.303078848179537, 50.99774416509973], [-4.278853030923112, 51.0163425486017], [-4.263148018356877, 51.03377853313479], [-4.252789393047233, 51.03959052797916], [-4.236416082073925, 51.04298085830504], [-4.226391605967818, 51.06051370941887], [-4.217369577472321, 51.06496957213289], [-4.213693936233415, 51.05673591277004], [-4.206175579153835, 51.05334558244416], [-4.197654774463644, 51.05789831173891], [-4.19063764118937, 51.05479858115525], [-4.188298596764611, 51.03813752926807], [-4.179443642870883, 51.050052118699014], [-4.1819497618974095, 51.05605784670486], [-4.180613165083262, 51.066519437424716], [-4.153045855791468, 51.08017762530898], [-4.129655411543885, 51.07756222762901], [-4.118127264021862, 51.081533757439324], [-4.113115025968808, 51.089670550221435], [-4.102756400659164, 51.08327735589263], [-4.096240491190194, 51.08744261886443], [-4.107267414906913, 51.09364208003175], [-4.128652963933274, 51.093448346870275], [-4.133163978181022, 51.08579588699186], [-4.146529946322499, 51.08376168879633], [-4.159561765260437, 51.08502095434594], [-4.166578898534713, 51.08046822505119], [-4.185458328534548, 51.076206095498655], [-4.191807163401749, 51.070103500912076], [-4.205841429950298, 51.07155649962316], [-4.217369577472321, 51.07678729498309], [-4.223217188534218, 51.08744261886443], [-4.222381815525375, 51.117664992055126], [-4.2389222011004515, 51.12008665657361], [-4.243099066144663, 51.12279892083431], [-4.23908927570222, 51.13335737813491], [-4.259305302516203, 51.141009838013325], [-4.25746748189675, 51.14662809969621], [-4.222381815525375, 51.144593901500684], [-4.214529309242258, 51.15418369299388], [-4.209684145790972, 51.17074787830032], [-4.215865906056406, 51.183243667215706], [-4.21436223464049, 51.18992746128672], [-4.198323072870718, 51.199323519618446], [-4.182952209508021, 51.19961411936067], [-4.17760582225143, 51.19728932142292], [-4.165576450924101, 51.20252011678285], [-4.1430213796853606, 51.20620104685094], [-4.121969979862536, 51.21210990827605], [-4.112613802163502, 51.209107044273125], [-4.09022580552653, 51.21404723989084], [-4.087886761101772, 51.217340703635976], [-4.065164615261263, 51.21511277227897], [-4.0507961995091755, 51.207460312400556], [-4.038766828181847, 51.206685379754646], [-4.032083844111109, 51.214531572794534], [-4.003179938005167, 51.21927803525077], [-3.9938237603061344, 51.21753443679746], [-3.972772360483309, 51.220052967896684], [-3.959573466943602, 51.21927803525077], [-3.947544095616273, 51.22169969976925], [-3.938689141722545, 51.22877096016323], [-3.919308487917405, 51.23032082545506], [-3.904104699156476, 51.22964275938988], [-3.892075327829147, 51.22373389796478], [-3.8615006757055212, 51.230805158358756], [-3.8538152440241724, 51.234582955007596], [-3.8392797536703167, 51.23497042133055], [-3.8312601727854316, 51.23158009100467], [-3.806700206325469, 51.232355023650584], [-3.79584035721052, 51.24184794856305], [-3.785481731900876, 51.2464006778578], [-3.769776719334641, 51.23768268559125], [-3.727673919688992, 51.23545475423425], [-3.7149762499545895, 51.231676957585414], [-3.6984358643795128, 51.23109575810098], [-3.691084581901701, 51.22857722700175], [-3.6412963505747022, 51.222862098738126], [-3.6319401728756695, 51.22363703138404], [-3.622082771371331, 51.2166626375708], [-3.5906727462388615, 51.22324956506108], [-3.5786433749115334, 51.23216129048911], [-3.555587079867487, 51.23332368945798], [-3.5337003070358204, 51.230611425197274], [-3.502958580310425, 51.22295896531887], [-3.496943894646761, 51.22392763112626], [-3.4790669122575366, 51.21695323731302], [-3.467705839337282, 51.20765404556204], [-3.447656887125068, 51.20891331111165], [-3.44197635066494, 51.206491646593165], [-3.432453098364139, 51.19554572296961], [-3.411568773143083, 51.18392173328088], [-3.384669762258362, 51.182953067473484], [-3.3724733163292653, 51.184890399088275], [-3.352591438718819, 51.181500068762396], [-3.3363852023472793, 51.183340533796446], [-3.307982520046643, 51.179659603728346], [-3.2966214471263884, 51.18217813482757], [-3.2759041965071, 51.17975647030909], [-3.2568576919054966, 51.187699529929716], [-3.216258563675763, 51.19428645742], [-3.195708387658244, 51.20242325020211], [-3.1806716734990834, 51.19971098594141], [-3.1646325117293115, 51.20252011678285], [-3.156445856242658, 51.20813837846573], [-3.1317188151809274, 51.210850642726435], [-3.1131735343846287, 51.20697597949686], [-3.1033161328802903, 51.208428978207955], [-3.080593987039781, 51.20193891729841], [-3.059375512615188, 51.2038762489132], [-3.029636233500404, 51.21850310260485], [-3.0246239954473504, 51.212884840921966], [-3.028466711288024, 51.19971098594141], [-3.0354838445622994, 51.19360839135482], [-3.0451741714648692, 51.19457705716221], [-3.048014439694933, 51.1878932630912], [-3.0351496953587622, 51.18876506231785], [-3.0211154288102122, 51.19787052090736], [-3.018275160580149, 51.2070728460776], [-3.003572595624525, 51.224024497707], [-3.0005652527926934, 51.24165421540157], [-3.0192776081907597, 51.260446332065015], [-3.0206142050049074, 51.27303898756114], [-3.013931220934169, 51.29773996564969], [-3.0117592511111795, 51.319922412639016], [-3.0037396702262935, 51.32495947483746], [-2.9925456719078074, 51.32069734528493], [-2.9860297624388377, 51.33454926633066], [-2.9828553450052375, 51.34966045292601], [-2.994216417925492, 51.35702231306221], [-2.966983257837234, 51.36399670687545], [-2.962138094385949, 51.375233230241214], [-2.9624722435894864, 51.38240135721593], [-2.9719954958902877, 51.389666350771385], [-2.95779415473997, 51.39199114870913], [-2.9372439787224502, 51.39809374329572], [-2.929391472439333, 51.39450967980836], [-2.9130181614660247, 51.39596267851945], [-2.8958094774838745, 51.40661800240078], [-2.887956971200757, 51.41446419544068], [-2.879102017307029, 51.43190017997377], [-2.866738496776164, 51.43664664243], [-2.849028588988708, 51.45543875909345], [-2.8236332495199035, 51.46715961536292], [-2.8152795194314812, 51.47519954156429], [-2.7999086560687836, 51.48517679938045], [-2.784203643502549, 51.4870172644145], [-2.773677943591137, 51.49466972429291], [-2.758808304033744, 51.49515405719661], [-2.754464364387765, 51.492344926355166], [-2.736754456600309, 51.494088524808475], [-2.7182091758040112, 51.50135351836393], [-2.7101895949191253, 51.5125900417297], [-2.7028383124413136, 51.5153023059904], [-2.6792807935919614, 51.538065952464166], [-2.6680867952734753, 51.554048938286165], [-2.66658312385756, 51.56877265855856], [-2.6435268288135134, 51.58601490993017], [-2.6278218162472786, 51.60567882582027], [-2.613620475096961, 51.61032842169576], [-2.5913995530617564, 51.62292107719189], [-2.5800384801415017, 51.634060733976916], [-2.5736896452743006, 51.64859072108783], [-2.5584858565133715, 51.666317305363144], [-2.52740998058444, 51.680750425893315], [-2.5107025204075946, 51.685206288607326], [-2.4975036268678874, 51.69314934822796], [-2.4861425539476327, 51.70516080423965], [-2.4817986143016526, 51.725599652775664], [-2.474447331823841, 51.72540591961418], [-2.451558111381563, 51.73935470724066], [-2.4325116067799595, 51.736545576399216], [-2.383057524656498, 51.75853429022706], [-2.3792148088158234, 51.767833481978045], [-2.385396569081257, 51.77635774108311], [-2.417809041824336, 51.78633499889927], [-2.4313420845675804, 51.78652873206075], [-2.445543425717899, 51.79050026187107], [-2.447047097133815, 51.79534359090804], [-2.4381921432400873, 51.80687071401603], [-2.4281676671339802, 51.8144263073137], [-2.421484683063242, 51.813457641506304], [-2.4153029227978093, 51.80677384743529], [-2.4012686562492593, 51.8043521829168], [-2.4144675497889674, 51.81704170499366], [-2.4239908020897687, 51.81936650293141], [-2.4333469797888023, 51.81665423867071], [-2.4440397543019827, 51.80938924511525], [-2.453061782797479, 51.796602856457646], [-2.4502215145674153, 51.78681933180297], [-2.441199486071919, 51.78178226960452], [-2.412629729169514, 51.78003867115121], [-2.4056125958952395, 51.77703580714829], [-2.40661504350585, 51.770545746238746], [-2.4259956973109897, 51.764152551909945], [-2.4597447668682175, 51.74778209976499], [-2.473611958814999, 51.74293877072802], [-2.4789583460715887, 51.73499571110739], [-2.490152344390075, 51.73121791445855], [-2.498171925274961, 51.723952920903095], [-2.505356133151004, 51.710391599599575], [-2.5202257727083968, 51.70719500243517], [-2.5270758313809027, 51.70254540655968], [-2.5451198883718957, 51.698670743330105], [-2.5524711708497074, 51.69295561506648], [-2.560991975539898, 51.69440861377757], [-2.5768640627079016, 51.68462508912289], [-2.597581313327189, 51.67832876137483], [-2.6254827718225204, 51.66137710974543], [-2.6238120258048356, 51.654693315674415], [-2.6492073652736403, 51.629604871262906], [-2.6490402906718717, 51.61110335434168], [-2.6575610953620634, 51.61052215485724], [-2.6552220509373052, 51.62079001241562], [-2.6675855714681704, 51.63570746584949], [-2.6652465270434123, 51.64026019514424], [-2.6687550936805495, 51.64636278973082], [-2.6784454205831194, 51.649171920572265], [-2.667418496866402, 51.658374245742515], [-2.6667501984593276, 51.66573610587871], [-2.680617390406109, 51.66040844393804], [-2.6856296284591625, 51.662636375295044], [-2.6839588824414786, 51.6676734374935], [-2.6807844650078776, 51.669126436204586], [-2.6672514222646333, 51.668932703043104], [-2.6592318413797473, 51.670966901238636], [-2.656892796954989, 51.67561649711413], [-2.672263660317687, 51.68191282486219], [-2.668588019078781, 51.68830601919099], [-2.6684209444770124, 51.69343994797018], [-2.6732661079282973, 51.70002687546046], [-2.668588019078781, 51.702351673398205], [-2.6684209444770124, 51.706904402692956], [-2.678946644388425, 51.714072529667675], [-2.680116166600804, 51.724630986968265], [-2.685796703060931, 51.731799113942984], [-2.670927063503539, 51.73702990930291], [-2.6695904666893915, 51.742745037566536]]], [[[-6.303964278958506, 49.90295806958292], [-6.310981412232781, 49.91196666159169], [-6.307974069400949, 49.91797238959753], [-6.313821680462844, 49.927659047671476], [-6.309143591613328, 49.93356790909658], [-6.291767833029409, 49.935505240711365], [-6.28191043152507, 49.93085564483587], [-6.276062820463174, 49.92242825231155], [-6.287925117188735, 49.9100293299769], [-6.301792309135516, 49.91206352817243], [-6.303964278958506, 49.90295806958292]]], [[[-6.341388989754639, 49.882519221046905], [-6.345900004002387, 49.889977947763846], [-6.344229257984702, 49.89491814338155], [-6.328190096214931, 49.89501500996229], [-6.329192543825542, 49.88910614853719], [-6.341388989754639, 49.882519221046905]]]]}}, {"type": "Feature", "properties": {"id": "TLL", "name": "Wales"}, "geometry": {"type": "MultiPolygon", "coordinates": [[[[-4.5830958807434605, 53.240011776055596], [-4.597631371097316, 53.24030237579782], [-4.613670532867087, 53.248148568837706], [-4.608658294814034, 53.255122962650944], [-4.619685218530751, 53.26732815182411], [-4.6220242629555095, 53.27556181118696], [-4.635557305698755, 53.281083206289104], [-4.660284346760485, 53.285732802164596], [-4.666967330831223, 53.281470672612066], [-4.687183357645205, 53.28834819984456], [-4.677493030742635, 53.2953225936578], [-4.6810015973797725, 53.30074712217921], [-4.6910260734858795, 53.300940855340684], [-4.695704162335397, 53.3085933152191], [-4.682839417999226, 53.31392097715977], [-4.680834522778005, 53.32225150310336], [-4.661788018176401, 53.318861172777474], [-4.6541025864950525, 53.322735836007055], [-4.645414707203093, 53.31760190722787], [-4.633719485079301, 53.31750504064713], [-4.617012024902456, 53.31043378025315], [-4.612835159858245, 53.30365311960139], [-4.5961276996814, 53.305590451216176], [-4.58860934260182, 53.299294123468115], [-4.58860934260182, 53.291157330686005], [-4.598466744106158, 53.286604601391254], [-4.582594656938156, 53.27478687854104], [-4.575243374460343, 53.26568141995154], [-4.558702988885267, 53.25415429684355], [-4.560373734902951, 53.24679243670735], [-4.5830958807434605, 53.240011776055596]]], [[[-3.0856062250928344, 53.25667282794278], [-3.0690658395177577, 53.25299189787468], [-3.035985068367604, 53.251829498905806], [-3.025960592261497, 53.24843916857993], [-2.9917102988989654, 53.23255304933866], [-2.9487721262444735, 53.21056433551082], [-2.935406158102997, 53.19632494814212], [-2.9252146073951213, 53.19109415278219], [-2.920536518545605, 53.18363542606526], [-2.9203694439438364, 53.18295736000008], [-2.934904934297692, 53.182376160515645], [-3.0433363508454168, 53.22141339255363], [-3.0595425872169564, 53.2235444573299], [-3.0655572728806204, 53.229453318755], [-3.094628253588331, 53.24485510509257], [-3.1031490582785217, 53.25415429684355], [-3.0856062250928344, 53.25667282794278]]], [[[-4.328808336851878, 53.12638727684827], [-4.3600512873825785, 53.13200553853115], [-4.379766090391255, 53.141207863701396], [-4.393800356939805, 53.14459819402728], [-4.4061638774706715, 53.14372639480062], [-4.41602127897501, 53.15612531713527], [-4.418360323399768, 53.162809111206286], [-4.389790566497363, 53.17327070192614], [-4.381269761807172, 53.18179496103121], [-4.385446626851383, 53.19119101936293], [-4.396807699771638, 53.187897555617795], [-4.402655310833533, 53.18111689496604], [-4.410674891718419, 53.17859836386681], [-4.414517607559094, 53.17065530424618], [-4.423372561452822, 53.16716810733956], [-4.428217724904107, 53.16058117984928], [-4.448433751718089, 53.16154984565667], [-4.4579570040188905, 53.17917956335125], [-4.466811957912618, 53.184216625549695], [-4.486526760921296, 53.17724223173646], [-4.49153899897435, 53.18760695587557], [-4.5040695941069835, 53.18702575639114], [-4.50657571313351, 53.193322084139204], [-4.499725654461003, 53.204074274601275], [-4.505239116319363, 53.20736773834641], [-4.503902519505215, 53.21521393138631], [-4.523951471717429, 53.22664418791356], [-4.525956366938651, 53.235459046760845], [-4.535813768442989, 53.23700891205267], [-4.552855377823371, 53.24872976832214], [-4.552521228619834, 53.255219829231685], [-4.5662213459648475, 53.27207461428034], [-4.577415344283334, 53.274108812475866], [-4.587773969592977, 53.281083206289104], [-4.5730714046373535, 53.290285531459354], [-4.556363944460508, 53.29813172449924], [-4.564049376141857, 53.30336251985917], [-4.561209107911794, 53.31372724399829], [-4.570398211009058, 53.31847370645452], [-4.57240310623028, 53.324382567879624], [-4.582928806141692, 53.32564183342924], [-4.584432477557608, 53.33126009511212], [-4.57457507605327, 53.33319742672691], [-4.5670567189736895, 53.34404648376972], [-4.565720122159542, 53.35547674029697], [-4.559872511097646, 53.36148246830282], [-4.555194422248129, 53.374753189864116], [-4.567557942778995, 53.38511791400323], [-4.565218898354236, 53.39034870936316], [-4.573405553840891, 53.40410376382816], [-4.5630469285312465, 53.40730036099256], [-4.548845587380928, 53.406137962023685], [-4.527794187558103, 53.4073972275733], [-4.517101413044923, 53.414274754805795], [-4.511420876584795, 53.41020635841474], [-4.493878043399108, 53.41165935712583], [-4.483686492691232, 53.41979614990794], [-4.4579570040188905, 53.41572775351689], [-4.436070231187224, 53.42802980927079], [-4.419863994815684, 53.426092477656006], [-4.405328504461829, 53.42744860978635], [-4.402655310833533, 53.42095854887681], [-4.391962536320353, 53.42493007868713], [-4.379431941187719, 53.426092477656006], [-4.355373198533062, 53.41466222112875], [-4.325299770214741, 53.41834315119685], [-4.297231237117641, 53.414177888225055], [-4.274007867471826, 53.402360165374844], [-4.270165151631152, 53.38666777929507], [-4.291550700657513, 53.3671007299857], [-4.276346911896585, 53.371072259796016], [-4.265487062781635, 53.36729446314718], [-4.264818764374562, 53.36080440223764], [-4.250784497826012, 53.36109500197986], [-4.237752678888072, 53.35712347216954], [-4.233742888445629, 53.34114048634754], [-4.2248879345519015, 53.33716895653723], [-4.219040323490006, 53.319054905938955], [-4.204337758534383, 53.31382411057903], [-4.214529309242258, 53.29880979056442], [-4.20133041570255, 53.29541946023854], [-4.174097255614293, 53.301231455082906], [-4.1719252857913025, 53.303071920116956], [-4.147699468534878, 53.30433118566656], [-4.1350017988004755, 53.31479277638642], [-4.1189626370307035, 53.31924863910044], [-4.098412461013185, 53.31789250697008], [-4.091896551544215, 53.31479277638642], [-4.071179300924927, 53.31217737870646], [-4.05681088517284, 53.31488964296716], [-4.045449812252586, 53.31140244606054], [-4.0459510360578905, 53.30500925173174], [-4.057813332783451, 53.30132832166365], [-4.058815780394061, 53.29541946023854], [-4.071847599332001, 53.289510598813436], [-4.075857389774444, 53.281083206289104], [-4.086216015084087, 53.274883745121784], [-4.087385537296466, 53.263162888852314], [-4.09774416260611, 53.261322423818264], [-4.110107683136976, 53.25212009864802], [-4.124141949685526, 53.24747050277253], [-4.1430213796853606, 53.23778384469859], [-4.158058093844521, 53.23255304933866], [-4.161733735083427, 53.22218832519955], [-4.178274120658504, 53.223738190491375], [-4.186126626941621, 53.21734499616257], [-4.200495042693708, 53.215601397709264], [-4.214696383844026, 53.20475234066645], [-4.216032980658174, 53.189544287490364], [-4.230568471012029, 53.181601227869734], [-4.2449368867641155, 53.17927642993199], [-4.265654137383404, 53.16707124075882], [-4.271835897648836, 53.166102574951424], [-4.282528672162018, 53.15593158397379], [-4.298901983135326, 53.148569723837596], [-4.318115562338697, 53.14421072770432], [-4.33615961932969, 53.1480853909339], [-4.342341379595123, 53.134136603307425], [-4.328808336851878, 53.12638727684827]]], [[[-4.801629459856595, 52.745120415057954], [-4.801796534458363, 52.75093240990232], [-4.795113550387625, 52.75645380500446], [-4.796283072600004, 52.76633419623988], [-4.779909761626696, 52.76604359649767], [-4.780243910830233, 52.75897233610369], [-4.785924447290361, 52.753160341259324], [-4.795447699591161, 52.75422587364746], [-4.801629459856595, 52.745120415057954]]], [[[-5.333427917285574, 51.8537541390939], [-5.349132929851809, 51.859469267357525], [-5.345624363214672, 51.86644366117076], [-5.348297556842966, 51.8761303192447], [-5.336769409320944, 51.87777705111728], [-5.333093768082037, 51.87428985421066], [-5.333427917285574, 51.8537541390939]]], [[[-5.292995863657609, 51.728311917036365], [-5.310872846046833, 51.73267091316964], [-5.3132118904715915, 51.73974217356361], [-5.300681295338958, 51.74516670208502], [-5.281467716135586, 51.74119517227471], [-5.292995863657609, 51.728311917036365]]], [[[-5.277625000294911, 51.693343081389436], [-5.281634790737354, 51.70080180810637], [-5.273949359056005, 51.70351407236708], [-5.270106643215331, 51.695958479069404], [-5.277625000294911, 51.693343081389436]]], [[[-4.684008940211605, 51.62989547100513], [-4.701217624193756, 51.63657926507614], [-4.680500373574468, 51.641131994370895], [-4.677827179946172, 51.6374510643028], [-4.684008940211605, 51.62989547100513]]], [[[-2.920202369342068, 53.1805356954816], [-2.9210377423509106, 53.17704849857498], [-2.922875562970363, 53.175304900121674], [-2.9339024866870806, 53.16939603869657], [-2.940251321554282, 53.1667806410166], [-2.945430634209104, 53.166102574951424], [-2.950944096067463, 53.16590884178995], [-2.9628063927930235, 53.162034178560376], [-2.98151874819109, 53.156319050296744], [-2.9836907180140795, 53.15757831584636], [-2.9900395528812806, 53.15757831584636], [-2.9922115227042703, 53.15670651661971], [-2.9873663592529853, 53.151088254936816], [-2.9845260910229214, 53.14779479119168], [-2.9803492259787108, 53.14934465648351], [-2.963808840403634, 53.13278047117707], [-2.9581283039435062, 53.130455673239325], [-2.9479367532356306, 53.12784027555936], [-2.94693430562502, 53.12725907607492], [-2.9424232913772723, 53.12135021464982], [-2.9355732327047654, 53.121447081230556], [-2.9318975914658596, 53.12009094910021], [-2.928556099430491, 53.11980034935799], [-2.924045085182742, 53.118541083808374], [-2.921371891554447, 53.11728181825877], [-2.919701145536763, 53.116022552709154], [-2.917362101112005, 53.11476328715954], [-2.9138535344748666, 53.11369775477141], [-2.909676669430656, 53.112632222383276], [-2.90600102819175, 53.11224475606031], [-2.8994851187227804, 53.11408522109436], [-2.8951411790768002, 53.11650688561285], [-2.8921338362449687, 53.11795988432394], [-2.891632612439663, 53.118734816969855], [-2.886453299784841, 53.12135021464982], [-2.8841142553600827, 53.120672148584646], [-2.8814410617317874, 53.12183454755352], [-2.883947180758314, 53.11379462135215], [-2.889961866421978, 53.108951292315176], [-2.891632612439663, 53.10943562521887], [-2.893136283855579, 53.10575469515077], [-2.892802134652042, 53.1041079632782], [-2.8909643140325896, 53.10497976250486], [-2.887288672793683, 53.10536722882782], [-2.8934704330591163, 53.096261770238314], [-2.8978143727050956, 53.09645550339979], [-2.8943058060679583, 53.09742416920719], [-2.893971656864421, 53.098102235272364], [-2.897146074298022, 53.098974034499015], [-2.9021583123510757, 53.092774573331695], [-2.893637507660884, 53.09151530778208], [-2.8919667616432, 53.089965442490254], [-2.8911313886343573, 53.08754377797177], [-2.8757605252716605, 53.08153804996592], [-2.8792690919087978, 53.07785711989783], [-2.880772763324714, 53.07398245666825], [-2.8754263760681233, 53.07330439060307], [-2.8694116904044593, 53.06972032711572], [-2.8677409443867745, 53.06691119627427], [-2.8702470634133013, 53.064780131498004], [-2.87041413801507, 53.06419893201357], [-2.8638982285461, 53.063230266206176], [-2.861559184121342, 53.06080860168769], [-2.8617262587231105, 53.060324268783994], [-2.864733601554942, 53.06080860168769], [-2.8725861078380595, 53.05867753691142], [-2.8702470634133013, 53.056837071877375], [-2.8657360491655535, 53.05877440349216], [-2.8608908857142676, 53.05732140478107], [-2.865568974563785, 53.05722453820033], [-2.8670726459797002, 53.056740205296634], [-2.8602225873071943, 53.054802873681844], [-2.8592201396965837, 53.05412480761667], [-2.8660701983690897, 53.05276867548632], [-2.8657360491655535, 53.05189687625966], [-2.8660701983690897, 53.051509409936706], [-2.868409242793848, 53.05005641122561], [-2.8649006761567106, 53.05180000967892], [-2.863062855537258, 53.048603412514524], [-2.8700799888115327, 53.04540681535012], [-2.8692446158026907, 53.04453501612347], [-2.865067750758479, 53.045019349027164], [-2.866404347572627, 53.04443814954273], [-2.8625616317319524, 53.04424441638125], [-2.866738496776164, 53.040563486313154], [-2.862394557130184, 53.0392073541828], [-2.858217692085973, 53.03852928811762], [-2.8562127968647513, 53.03300789301548], [-2.858217692085973, 53.03087682823921], [-2.8592201396965837, 53.03058622849699], [-2.8597213635018885, 53.02564603287928], [-2.861057960316036, 53.02283690203784], [-2.8517017826170035, 53.01702490719347], [-2.8411760827055907, 53.01431264293277], [-2.8408419335020536, 53.0104379797032], [-2.840674858900285, 53.007241382538794], [-2.839839485891443, 53.00695078279658], [-2.8385028890772954, 53.00520718434327], [-2.836999217661379, 53.001913720598125], [-2.8359967700507687, 52.99774845762633], [-2.8339918748295476, 52.9966829252382], [-2.8321540542100943, 52.99600485917303], [-2.82831133836942, 52.99542365968858], [-2.823800324121672, 52.99329259491232], [-2.8236332495199035, 52.99358319465454], [-2.819456384475692, 52.99426126071971], [-2.8171173400509337, 52.99358319465454], [-2.8131075496084907, 52.99232392910493], [-2.8127734004049545, 52.99280826200862], [-2.8070928639448267, 52.99183959620123], [-2.8039184465112266, 52.99154899645901], [-2.803417222705921, 52.98961166484422], [-2.801746476688236, 52.99038659749014], [-2.8010781782811627, 52.99096779697457], [-2.800576954475857, 52.99067719723236], [-2.7972354624404883, 52.99058033065162], [-2.7972354624404883, 52.991258396716795], [-2.792056149785666, 52.992130195943446], [-2.794228119608656, 52.99290512858936], [-2.78403656890078, 52.99464872704267], [-2.7843707181043174, 52.99503619336563], [-2.783702419697244, 52.99542365968858], [-2.7806950768654115, 52.995714259430805], [-2.781697524476022, 52.99532679310785], [-2.7815304498742535, 52.99464872704267], [-2.7815304498742535, 52.99426126071971], [-2.7803609276618744, 52.99406752755824], [-2.780528002263643, 52.993776927816015], [-2.7781889578388848, 52.99368006123528], [-2.7758499134141266, 52.99474559362341], [-2.7746803912017475, 52.99445499388119], [-2.7715059737681464, 52.99406752755824], [-2.77117182456461, 52.99338946149306], [-2.7686657055380834, 52.993970660977496], [-2.766493735715093, 52.99416439413898], [-2.7651571389009453, 52.993873794396755], [-2.764488840493872, 52.99358319465454], [-2.76248394527265, 52.99145212987827], [-2.761147348458503, 52.98970853142496], [-2.761648572263808, 52.989417931682745], [-2.7537960659806906, 52.9861244679376], [-2.7481155295205637, 52.9866088008413], [-2.7457764850958055, 52.987093133745], [-2.7417666946533625, 52.98641506767982], [-2.7402630232374463, 52.985640135033904], [-2.739594724830373, 52.985833868195385], [-2.737255680405614, 52.98476833580725], [-2.736754456600309, 52.98457460264577], [-2.7362532327950033, 52.98457460264577], [-2.734749561379087, 52.98505893554947], [-2.731575143945487, 52.98457460264577], [-2.7289019503171916, 52.9843808694843], [-2.7268970550959706, 52.98331533709616], [-2.7268970550959706, 52.98234667128877], [-2.7265629058924334, 52.98176547180433], [-2.7265629058924334, 52.981378005481375], [-2.727064129697739, 52.98079680599694], [-2.729570248724266, 52.979731273608806], [-2.730405621733108, 52.977890808574756], [-2.7320763677507927, 52.97692214276736], [-2.7317422185472555, 52.97556601063701], [-2.73124099474195, 52.97391927876444], [-2.7329117407596346, 52.96752608443564], [-2.7273982789012754, 52.96636368546677], [-2.726729980494202, 52.96481382017493], [-2.7280665773083497, 52.96190782275275], [-2.727064129697739, 52.94573110376927], [-2.725560458281823, 52.94050030840934], [-2.7265629058924334, 52.937981777310114], [-2.7285678011136545, 52.92519538865251], [-2.7446069628834264, 52.9244204560066], [-2.755299737396607, 52.924614189168075], [-2.778523107042422, 52.90998733547643], [-2.778857256245958, 52.910277935218645], [-2.781697524476022, 52.908728069926816], [-2.7932256719980453, 52.90126934320988], [-2.7940610450068872, 52.89807274604548], [-2.8004098798740884, 52.89555421494626], [-2.8014123274847, 52.89671661391513], [-2.804252595714763, 52.90330354140541], [-2.8102672813784277, 52.907662537538684], [-2.8179527130597757, 52.91763979535484], [-2.8212942050951453, 52.91909279406593], [-2.822296652705756, 52.920352059615546], [-2.8348272478383896, 52.929844984528], [-2.8385028890772954, 52.93216978246575], [-2.839839485891443, 52.933719647757584], [-2.84017363509498, 52.941953307120436], [-2.84234560491797, 52.94205017370117], [-2.8468566191657185, 52.94379377215448], [-2.849028588988708, 52.94495617112335], [-2.860389661908963, 52.944374971638915], [-2.8637311539443315, 52.94466557138114], [-2.8677409443867745, 52.94495617112335], [-2.8697458396079956, 52.94476243796188], [-2.883613031554777, 52.94669976957666], [-2.8874557473954514, 52.952511764421025], [-2.901322939342233, 52.94660290299593], [-2.9049985805811387, 52.94398750531596], [-2.9090083710235817, 52.941953307120436], [-2.9247133835898165, 52.94234077344339], [-2.927386577218112, 52.941856440539695], [-2.928890248634027, 52.93865984337529], [-2.9303939200499434, 52.93924104285973], [-2.9323988152711653, 52.94059717499008], [-2.9344037104923864, 52.94108150789378], [-2.9362415311118397, 52.941953307120436], [-2.9367427549171445, 52.94214704028191], [-2.9432586643861143, 52.94485930454262], [-2.946600156421483, 52.94592483693075], [-2.949440424651547, 52.94660290299593], [-2.951445319872769, 52.94757156880332], [-2.9599661245629596, 52.951543098613634], [-2.961469795978876, 52.953383563647684], [-2.9624722435894864, 52.954449096035816], [-2.962305168987718, 52.95493342893951], [-2.962639318191255, 52.95570836158543], [-2.9648112880142445, 52.955998961327644], [-2.966147884828392, 52.957355093458], [-2.968988153058456, 52.95909869191131], [-2.9708259736779086, 52.95919555849205], [-2.9716613466867514, 52.96113289010684], [-2.9711601228814457, 52.96200468933349], [-2.9684869292531504, 52.964135754109755], [-2.9753369879256573, 52.96888221656599], [-2.979513852969868, 52.965201286497894], [-2.979848002173405, 52.96190782275275], [-2.985862687837069, 52.95871122558835], [-3.003572595624525, 52.957936292942435], [-3.009921430491726, 52.955998961327644], [-3.0171056383677692, 52.94873396777219], [-3.0169385637660016, 52.94708723589962], [-3.0252922938544238, 52.9376911775679], [-3.023955697040276, 52.936431912018286], [-3.0338130985446146, 52.93042618401244], [-3.04083023181889, 52.92790765291322], [-3.0466778428807855, 52.92800451949396], [-3.0521913047391447, 52.92936065162431], [-3.0563681697833553, 52.92800451949396], [-3.0598767364204935, 52.92926378504357], [-3.0615474824381774, 52.92907005188209], [-3.066058496685926, 52.92626092104065], [-3.0844367028804553, 52.926551520782866], [-3.0882794187211298, 52.92936065162431], [-3.0959648504024786, 52.930329317431706], [-3.101812461464374, 52.92616405445991], [-3.105822251906817, 52.92151445858442], [-3.1133406089863973, 52.90921240283051], [-3.114677205800545, 52.90456280695502], [-3.1141759819952393, 52.89400434965442], [-3.1153455042076192, 52.89458554913886], [-3.1233650850925043, 52.89536048178478], [-3.126706577127874, 52.894391815977386], [-3.1332224865968428, 52.895166748623296], [-3.144750634118866, 52.89303568384703], [-3.1414091420834973, 52.88809548822932], [-3.1382347246498963, 52.887029955841186], [-3.1400725452693496, 52.8855769571301], [-3.144249410313561, 52.885189490807136], [-3.1497628721719195, 52.87695583144429], [-3.1449177087206346, 52.87492163324876], [-3.1417432912870344, 52.87346863453767], [-3.139070097658739, 52.87337176795693], [-3.134392008809222, 52.86978770446957], [-3.1297139199597055, 52.86920650498514], [-3.1277090247384844, 52.86707544020887], [-3.1389030230569706, 52.86136031194524], [-3.1462543055347822, 52.85709818239271], [-3.14759090234893, 52.85574205026236], [-3.152436065800215, 52.85506398419718], [-3.153939737216131, 52.85428905155127], [-3.1557775578355836, 52.8531266525824], [-3.1582836768621103, 52.85157678729056], [-3.1601214974815637, 52.84973632225651], [-3.1614580942957113, 52.8479927238032], [-3.1629617657116276, 52.847508390899506], [-3.1546080356232045, 52.84411806057363], [-3.1517677673931415, 52.84189012921662], [-3.1552763340302787, 52.83879039863296], [-3.156445856242658, 52.83704680017965], [-3.1541068118178996, 52.833172136950076], [-3.1649666609328486, 52.8229042793917], [-3.1678069291629125, 52.8192233493236], [-3.1666374069505334, 52.8165110850629], [-3.167305705357607, 52.81031162389557], [-3.1681410783664496, 52.80730875989265], [-3.163128840313396, 52.80411216272825], [-3.1614580942957113, 52.803627829824556], [-3.1546080356232045, 52.803530963243816], [-3.1562787816408893, 52.800915565563855], [-3.1617922434992485, 52.79946256685276], [-3.158450751463879, 52.793456838846915], [-3.143581111906487, 52.78987277535956], [-3.141576216685266, 52.78987277535956], [-3.1312175913756217, 52.787547977421816], [-3.1272078009331787, 52.787354244260335], [-3.1225297120836624, 52.787547977421816], [-3.118352847039451, 52.783576447611495], [-3.115846728012924, 52.785416912645545], [-3.11300645978286, 52.78657931161442], [-3.1093308185439543, 52.787354244260335], [-3.107492997924502, 52.79074457458621], [-3.106156401110354, 52.79297250594322], [-3.1044856550926694, 52.792681906201004], [-3.097802671021931, 52.79132577407065], [-3.093458731375952, 52.793650572008396], [-3.090952612349425, 52.79607223652688], [-3.0891147917299717, 52.7958785033654], [-3.085773299694603, 52.79026024168252], [-3.0916209107564985, 52.7867730447759], [-3.087778194915824, 52.77979865096266], [-3.0852720758892973, 52.777280119863434], [-3.080593987039781, 52.777473853024915], [-3.0790903156238647, 52.7735023232146], [-3.0727414807566635, 52.76962765998502], [-3.064888974473547, 52.77166185818055], [-3.062884079252325, 52.771177525276855], [-3.064053601464704, 52.76962765998502], [-3.0612133332346403, 52.769337060242805], [-3.0582059904028087, 52.772921123730164], [-3.0578718411992716, 52.773696056376075], [-3.050019334916154, 52.77224305766499], [-3.053193752349755, 52.769337060242805], [-3.046510768279017, 52.76701226230506], [-3.0451741714648692, 52.76894959391985], [-3.0435034254471853, 52.769530793404286], [-3.039660709606511, 52.770208859469456], [-3.035316769960531, 52.767690328370236], [-3.033144800137541, 52.76652792940136], [-3.034815546155225, 52.76623732965914], [-3.036820441376447, 52.76459059778657], [-3.035650919164068, 52.76410626488288], [-3.0329777255357726, 52.765849863336186], [-3.028800860491561, 52.765849863336186], [-3.0262947414650343, 52.76701226230506], [-3.0221178764208227, 52.76449373120583], [-3.018776384385454, 52.767496595208755], [-3.016437339960696, 52.76623732965914], [-3.0105897288988004, 52.76158773378365], [-3.0112580273058738, 52.76003786849182], [-3.0132629225270957, 52.75558200577781], [-3.017272712969538, 52.7533540744208], [-3.021950801819055, 52.75238540861341], [-3.0211154288102122, 52.751513609386755], [-3.0166044145624644, 52.74851074538383], [-3.0145995193412425, 52.74851074538383], [-3.005577490845747, 52.747735812737915], [-3.002403073412146, 52.74628281402683], [-2.9948847163325656, 52.74444234899278], [-2.9905407766865864, 52.74221441763577], [-2.993046895713113, 52.73998648627877], [-2.993548119518418, 52.73833975440619], [-2.9960542385449447, 52.73911468705211], [-2.9973908353590923, 52.73833975440619], [-2.9965554623502504, 52.736111823049185], [-2.991042000491891, 52.7336901585307], [-2.987032210049448, 52.733399558788484], [-2.9716613466867514, 52.73504629066105], [-2.971828421288519, 52.73553062356475], [-2.9711601228814457, 52.735143157241794], [-2.969489376863761, 52.733399558788484], [-2.968988153058456, 52.73194656007739], [-2.966649108633697, 52.72913742923595], [-2.9656466610230865, 52.72894369607447], [-2.961803945182412, 52.72555336574859], [-2.9616368705806435, 52.72487529968342], [-2.9619710197841806, 52.72380976729528], [-2.961469795978876, 52.71877270509683], [-2.962973467394791, 52.715479241351694], [-2.96748448164254, 52.71431684238282], [-2.9771748085451097, 52.71702910664352], [-2.9773418831468783, 52.71964450432348], [-2.9771748085451097, 52.7204194369694], [-2.976172360934499, 52.7245846999412], [-2.977508957748647, 52.72661889813672], [-2.9821870465981632, 52.72574709891007], [-2.9848602402264586, 52.72284110148789], [-2.9856956132353005, 52.72255050174567], [-2.9892041798724387, 52.722647368326406], [-2.997557909960861, 52.7209037698731], [-3.00307137181922, 52.7209037698731], [-3.00841775907581, 52.72216303542271], [-3.018442235181917, 52.72129123619606], [-3.0202800558013703, 52.721678702519014], [-3.023621547836739, 52.719741370904224], [-3.0252922938544238, 52.71470430870578], [-3.0217837272172865, 52.71063591231472], [-3.022786174827897, 52.708214247796235], [-3.02245202562436, 52.70666438250441], [-3.025960592261497, 52.70346778534], [-3.0293020842968668, 52.70269285269409], [-3.0301374573057087, 52.702014786628915], [-3.0321423525269307, 52.69988372185265], [-3.0321423525269307, 52.696590258107506], [-3.0341472477481517, 52.69339366094311], [-3.0369875159782156, 52.69252186171645], [-3.041331455624195, 52.69271559487793], [-3.0435034254471853, 52.6879691324217], [-3.0433363508454168, 52.683900736030644], [-3.0426680524383425, 52.68089787202772], [-3.045675395270175, 52.67547334350632], [-3.0418326794295005, 52.67576394324853], [-3.0430022016418796, 52.67208301318043], [-3.042835127040111, 52.668595816273815], [-3.0433363508454168, 52.667917750208645], [-3.0446729476595644, 52.6655929522709], [-3.0486827381020065, 52.66307442117167], [-3.048849812703775, 52.6619120222028], [-3.0486827381020065, 52.66016842374949], [-3.0486827381020065, 52.65755302606952], [-3.0455083206684064, 52.65677809342361], [-3.0450070968631007, 52.65590629419695], [-3.0470119920843226, 52.65493762838956], [-3.05052055872146, 52.6528065636133], [-3.0515230063320704, 52.648060101157064], [-3.0582059904028087, 52.64747890167263], [-3.060545034827567, 52.64583216980006], [-3.0618816316417146, 52.64573530321932], [-3.0675621681018415, 52.6454447034771], [-3.073409779163738, 52.64418543792749], [-3.0772524950044122, 52.64321677212009], [-3.0836013298716134, 52.6412794405053], [-3.079424464827402, 52.63972957521347], [-3.0742451521725798, 52.63876090940608], [-3.0724073315531273, 52.63740477727573], [-3.068063391907147, 52.63604864514538], [-3.06455482527001, 52.62994605055879], [-3.0699012125266005, 52.629171117912875], [-3.0722402569513587, 52.62868678500918], [-3.073409779163738, 52.62781498578253], [-3.07207318234959, 52.62607138732922], [-3.0795915394291704, 52.62335912306851], [-3.082598882261003, 52.61967819300042], [-3.082598882261003, 52.61958132641968], [-3.082598882261003, 52.61822519428932], [-3.0824318076592343, 52.616869062158976], [-3.082598882261003, 52.61560979660936], [-3.0927904329688776, 52.60989466834574], [-3.09262335836711, 52.6083448030539], [-3.0912867615529622, 52.6056325387932], [-3.0892818663317403, 52.603307740855456], [-3.0941270297830252, 52.59798007891479], [-3.0947953281900995, 52.598561278399224], [-3.0968002234113206, 52.598851878141446], [-3.0991392678360787, 52.59798007891479], [-3.1004758646502264, 52.59759261259183], [-3.100977088455532, 52.59643021362296], [-3.1016453868626055, 52.59536468123483], [-3.10548810270328, 52.594880348331124], [-3.111502788366945, 52.59119941826303], [-3.113507683588166, 52.58984328613268], [-3.1153455042076192, 52.58829342084085], [-3.1156796534111555, 52.58742162161419], [-3.116682101021766, 52.586840422129754], [-3.1171833248270717, 52.586840422129754], [-3.1168491756235346, 52.58616235606458], [-3.1203577422606728, 52.58674355554901], [-3.121861413676588, 52.58761535477567], [-3.12386630889781, 52.58761535477567], [-3.125871204119031, 52.58674355554901], [-3.1272078009331787, 52.5859686229031], [-3.1277090247384844, 52.5864529558068], [-3.129045621552632, 52.58654982238754], [-3.133055411995074, 52.58577488974162], [-3.1337237104021485, 52.58558115658014], [-3.1373993516410543, 52.58393442470757], [-3.135060307216296, 52.58364382496536], [-3.1362298294286752, 52.5827720257387], [-3.1382347246498963, 52.57831616302469], [-3.1380676500481286, 52.57628196482916], [-3.126205353322568, 52.56388304249452], [-3.111502788366945, 52.541409995762976], [-3.1131735343846287, 52.5407319296978], [-3.117016250225303, 52.53840713176005], [-3.1188540708447565, 52.538503998340786], [-3.125871204119031, 52.53695413304896], [-3.135561531021601, 52.534919934853434], [-3.1372322770392858, 52.5333700695616], [-3.1348932326145276, 52.52842987394389], [-3.129546845357937, 52.5274612081365], [-3.117016250225303, 52.52842987394389], [-3.1156796534111555, 52.528623607105374], [-3.1140089073934716, 52.52910794000907], [-3.112171086774018, 52.52881734026685], [-3.1084954455351124, 52.52978600607425], [-3.1076600725262704, 52.529495406332025], [-3.1039844312873646, 52.53036720555868], [-3.1031490582785217, 52.53036720555868], [-3.096131925004247, 52.53211080401199], [-3.0952965519954043, 52.53269200349643], [-3.0932916567741833, 52.53298260323864], [-3.0911196869511937, 52.533176336400125], [-3.0887806425264355, 52.53366066930382], [-3.0867757473052135, 52.534338735369], [-3.085439150491066, 52.53521053459565], [-3.084603777482224, 52.535016801434175], [-3.082598882261003, 52.53724473279118], [-3.082097658455697, 52.53792279885636], [-3.081262285446855, 52.53801966543709], [-3.0807610616415495, 52.53918206440596], [-3.0862745234999087, 52.54189432866667], [-3.090618463145888, 52.54276612789332], [-3.092957507570646, 52.54722199060734], [-3.0922892091635727, 52.54780319009177], [-3.090618463145888, 52.54857812273769], [-3.0872769711105192, 52.55129038699839], [-3.074579301376117, 52.553712051516875], [-3.071237809340748, 52.5540026512591], [-3.070903660137211, 52.55526191680871], [-3.0535279015532923, 52.5589428468768], [-3.052024230137376, 52.55962091294198], [-3.048849812703775, 52.56301124326786], [-3.046510768279017, 52.564657975140435], [-3.044840022261332, 52.5667890399167], [-3.0438375746507216, 52.568145172047046], [-3.03648629217291, 52.571826102115146], [-3.0282996366862562, 52.57289163450328], [-3.0209483542084437, 52.57415090005289], [-3.016771489164233, 52.575119565860284], [-3.014432444739475, 52.575507032183246], [-3.0080836098722736, 52.57434463321437], [-3.006412863854589, 52.57386030031068], [-3.002403073412146, 52.56882323811222], [-3.001567700403304, 52.568920104692964], [-3.0008994019962296, 52.567467105981876], [-3.0002311035891562, 52.565626640947826], [-2.9985603575714714, 52.56252691036416], [-2.9988945067750086, 52.56204257746047], [-2.9993957305803143, 52.5589428468768], [-2.9985603575714714, 52.55816791423089], [-2.9993957305803143, 52.555552516550925], [-2.9977249845626295, 52.553905784678356], [-2.99438349252726, 52.553033985451705], [-2.9957200893414075, 52.55070918751396], [-2.9977249845626295, 52.54809378983399], [-2.998393282969703, 52.54635019138068], [-2.9988945067750086, 52.54334732737776], [-2.9997298797838505, 52.542088061828146], [-3.0017347750050725, 52.538503998340786], [-3.002737222615683, 52.53530740117639], [-3.003906744828062, 52.53356380272308], [-3.0037396702262935, 52.53240140375421], [-3.0034055210227564, 52.53094840504312], [-3.005076267040441, 52.529495406332025], [-3.0022359988103773, 52.525039543618014], [-3.0008994019962296, 52.524070877810615], [-3.0014006258015353, 52.52252101251879], [-3.006412863854589, 52.519711881677345], [-3.0062457892528203, 52.52038994774252], [-3.007582386066968, 52.52029308116178], [-3.00841775907581, 52.52029308116178], [-3.0112580273058738, 52.521358613549914], [-3.011926325712948, 52.521261746969174], [-3.013095847925327, 52.52213354619583], [-3.0166044145624644, 52.522327279357306], [-3.0197788319960646, 52.523102212003224], [-3.0221178764208227, 52.52271474568027], [-3.02245202562436, 52.52271474568027], [-3.023120324031434, 52.52300534542248], [-3.024456920845582, 52.52358654490692], [-3.0277984128809505, 52.52368341148766], [-3.030805755712783, 52.52387714464914], [-3.031641128721625, 52.519421281935124], [-3.031975277925162, 52.51913068219291], [-3.0334789493410774, 52.51729021715886], [-3.0366533667746785, 52.513318687348544], [-3.0363192175711413, 52.511381355733754], [-3.0321423525269307, 52.50925029095749], [-3.0343143223499203, 52.50634429353531], [-3.0334789493410774, 52.50382576243608], [-3.0298033081021716, 52.50227589714425], [-3.0443387984560273, 52.50014483236799], [-3.0558669459780505, 52.499951099206505], [-3.0632182284558622, 52.499854232625765], [-3.0936258059777204, 52.49907929997985], [-3.111502788366945, 52.49888556681837], [-3.113507683588166, 52.498207500753196], [-3.1171833248270717, 52.49588270281545], [-3.117851623234146, 52.49472030384658], [-3.1248687565084206, 52.49287983881253], [-3.1282102485437893, 52.49210490616661], [-3.1425786642958764, 52.490845640617], [-3.1574483038532684, 52.48513051235337], [-3.1786667782778615, 52.4743783218913], [-3.1806716734990834, 52.473797122406864], [-3.1943717908440963, 52.476412520086825], [-3.202057222525445, 52.47282845659947], [-3.204062117746666, 52.47137545788838], [-3.2082389827908777, 52.46992245917729], [-3.2119146240297836, 52.46817886072398], [-3.2159244144722265, 52.46556346304401], [-3.222941547746501, 52.45713607051969], [-3.225781815976565, 52.456070538131556], [-3.2256147413747964, 52.455876804970075], [-3.2267842635871755, 52.4551987389049], [-3.2279537857995546, 52.45490813916268], [-3.230292830224313, 52.45374574019381], [-3.2319635762419976, 52.45306767412863], [-3.233467247657914, 52.45113034251384], [-3.2351379936755986, 52.44493088134652], [-3.2348038444720615, 52.44318728289321], [-3.235472142879135, 52.442509216828036], [-3.2336343222596824, 52.440668751793986], [-3.2324648000473033, 52.43999068572881], [-3.2307940540296185, 52.43999068572881], [-3.2282879350030917, 52.43950635282511], [-3.2296245318172394, 52.43766588779106], [-3.2301257556225442, 52.435244223272576], [-3.229457457215471, 52.43398495772297], [-3.2304599048260814, 52.43350062481927], [-3.2307940540296185, 52.4318538929467], [-3.22093665252528, 52.4249763657142], [-3.2207695779235115, 52.42371710016459], [-3.2192659065075953, 52.42207036829202], [-3.213752444649236, 52.41974557035427], [-3.2115804748262464, 52.41926123745058], [-3.21007680341033, 52.41916437086984], [-3.2075706843838034, 52.41868003796614], [-3.1958754622600125, 52.4149022413173], [-3.1915315226140324, 52.414514774994345], [-3.1883571051804322, 52.4121899770566], [-3.187354657569821, 52.41160877757216], [-3.1771631068619453, 52.408412180407765], [-3.172819167215966, 52.40569991614706], [-3.171649645003587, 52.404634383758925], [-3.171649645003587, 52.40395631769375], [-3.1669715561540706, 52.40250331898266], [-3.164465437127544, 52.40066285394861], [-3.1592861244727217, 52.39804745626864], [-3.161959318101017, 52.39378532671611], [-3.1582836768621103, 52.39155739535911], [-3.154440961021437, 52.38768273212953], [-3.1500970213754567, 52.38807019845249], [-3.1477579769506985, 52.38739213238731], [-3.134726158012759, 52.38516420103031], [-3.129546845357937, 52.38448613496513], [-3.1280431739420207, 52.383420602577], [-3.126205353322568, 52.380514605154815], [-3.120190667658904, 52.37751174115189], [-3.106156401110354, 52.37450887714897], [-3.103817356685596, 52.37363707792231], [-3.102981983676753, 52.372280945791964], [-3.102146610667911, 52.370537347338654], [-3.0991392678360787, 52.36850314914312], [-3.0976355964201634, 52.36792194965869], [-3.0976355964201634, 52.366856417270554], [-3.0941270297830252, 52.36462848591355], [-3.0879452695175926, 52.36123815558767], [-3.084102553676918, 52.35997889003806], [-3.0787561664203285, 52.35852589132697], [-3.0770854204026437, 52.35813842500401], [-3.07207318234959, 52.35668542629292], [-3.070569510933674, 52.35600736022774], [-3.069399988721295, 52.35494182783961], [-3.069399988721295, 52.354457494935914], [-3.0652231236770833, 52.353391962547775], [-3.0607121094293355, 52.34825803376859], [-3.052024230137376, 52.34777370086489], [-3.0409973064206586, 52.34428650395827], [-3.031975277925162, 52.34564263608863], [-3.0217837272172865, 52.34651443531528], [-3.0132629225270957, 52.34825803376859], [-3.0102555796952633, 52.3495172993182], [-3.004240894031599, 52.349226699575986], [-3.0034055210227564, 52.350970298029296], [-2.9982262083679343, 52.35193896383669], [-2.992378597306039, 52.35155149751373], [-2.9893712544742064, 52.350679698287074], [-2.985862687837069, 52.350873431448555], [-2.9716613466867514, 52.35232643015964], [-2.9688210784566875, 52.35193896383669], [-2.9633076165983283, 52.35145463093299], [-2.9611356467753387, 52.34961416589894], [-2.956123408722285, 52.3458363692501], [-2.960634422970033, 52.339152575179085], [-2.9668161832354656, 52.33237191452733], [-2.9673174070407713, 52.33062831607402], [-2.968988153058456, 52.32898158420144], [-2.974334540315046, 52.32820665155553], [-2.9791797037663317, 52.327334852328875], [-2.98151874819109, 52.32675365284444], [-2.9860297624388377, 52.3234601890993], [-2.989538329075975, 52.323944522002996], [-2.9972237607573238, 52.32452572148743], [-3.001567700403304, 52.32036045851564], [-3.0020689242086087, 52.31997299219268], [-3.0022359988103773, 52.315807729220886], [-3.002403073412146, 52.31522652973645], [-3.0034055210227564, 52.3092208017306], [-3.0005652527926934, 52.30457120585511], [-3.004742117836904, 52.29197855035899], [-3.010756803500569, 52.286166555514626], [-3.009921430491726, 52.285197889707234], [-3.0094202066864213, 52.283260558092444], [-3.0097543558899575, 52.28209815912357], [-3.010422654297032, 52.281516959639134], [-3.0112580273058738, 52.279967094347306], [-3.011592176509411, 52.27744856324808], [-3.0080836098722736, 52.27657676402143], [-3.0065799384563574, 52.276189297698465], [-3.005577490845747, 52.276189297698465], [-2.9960542385449447, 52.27580183137551], [-2.99555301473964, 52.2745425658259], [-2.994717641730797, 52.274445699245156], [-2.993548119518418, 52.27318643369555], [-2.9922115227042703, 52.273573900018505], [-2.990373702084818, 52.273670766599245], [-2.986698060845912, 52.273573900018505], [-2.983857792615848, 52.27289583395333], [-2.979012629164563, 52.27260523421111], [-2.977508957748647, 52.27299270053407], [-2.975504062527425, 52.27318643369555], [-2.974167465713278, 52.27308956711481], [-2.9728308688991305, 52.27328330027628], [-2.970157675270835, 52.27415509950294], [-2.964978362616013, 52.27434883266442], [-2.963474691200097, 52.27260523421111], [-2.9613027213771073, 52.27260523421111], [-2.959799049961191, 52.27231463446889], [-2.956958781731127, 52.271927168145936], [-2.9544526627046004, 52.271636568403714], [-2.950944096067463, 52.269989836531145], [-2.9531160658904527, 52.26960237020819], [-2.9556221849169795, 52.27028043627337], [-2.9559563341205166, 52.27095850233854], [-2.960634422970033, 52.26882743756227], [-2.964978362616013, 52.268149371497096], [-2.964644213412476, 52.2639841085253], [-2.964978362616013, 52.26243424323347], [-2.96748448164254, 52.261853043749035], [-2.9699906006690666, 52.261756177168294], [-2.971828421288519, 52.2612718442646], [-2.977508957748647, 52.25981884555351], [-2.9785114053592574, 52.26233737665273], [-2.98469316562469, 52.26233737665273], [-2.989872478279512, 52.26049691161868], [-2.9928798211113445, 52.261659310587554], [-2.9945505671290285, 52.26156244400682], [-2.99555301473964, 52.26146557742608], [-3.001567700403304, 52.2639841085253], [-3.0092531320846527, 52.263499775621604], [-3.0114251019076423, 52.26243424323347], [-3.0249581446508866, 52.258268980261676], [-3.031975277925162, 52.257494047615765], [-3.037154590579984, 52.25604104890467], [-3.045675395270175, 52.25303818490175], [-3.0483485888984703, 52.250229054060306], [-3.0451741714648692, 52.24732305663812], [-3.049685185712618, 52.244804525538896], [-3.043670500048953, 52.245579458184814], [-3.043169276243648, 52.244804525538896], [-3.0430022016418796, 52.24277032734337], [-3.0438375746507216, 52.24151106179376], [-3.0441717238542587, 52.23928313043675], [-3.046009544473712, 52.23812073146788], [-3.05369497615506, 52.237733265144925], [-3.054530349163903, 52.2379269983064], [-3.0610462586328726, 52.23628026643383], [-3.0642206760664727, 52.23657086617605], [-3.067228018898305, 52.23647399959531], [-3.070903660137211, 52.235989666691616], [-3.074078077570811, 52.234246068238306], [-3.072574406154895, 52.232405603204256], [-3.072574406154895, 52.232115003462035], [-3.070569510933674, 52.229499605782074], [-3.0704024363319053, 52.22920900603985], [-3.07207318234959, 52.228724673136156], [-3.0719061077478216, 52.22843407339394], [-3.071739033146053, 52.22669047494063], [-3.0722402569513587, 52.2251406096488], [-3.0730756299602007, 52.22359074435697], [-3.0722402569513587, 52.22330014461475], [-3.074078077570811, 52.22107221325774], [-3.0772524950044122, 52.21913488164296], [-3.0722402569513587, 52.214291552605985], [-3.07207318234959, 52.21332288679859], [-3.072574406154895, 52.21303228705637], [-3.075414674384959, 52.21332288679859], [-3.085439150491066, 52.208963890665316], [-3.0882794187211298, 52.20663909272757], [-3.1016453868626055, 52.20237696317504], [-3.101478312260838, 52.20218323001356], [-3.100642939251995, 52.20140829736764], [-3.097802671021931, 52.19743676755733], [-3.097468521818395, 52.19666183491141], [-3.096967298013089, 52.19569316910402], [-3.09579777580071, 52.1894937079367], [-3.0971343726148577, 52.18590964444934], [-3.0973014472166263, 52.184456645738244], [-3.0971343726148577, 52.18416604599603], [-3.094628253588331, 52.183778579673074], [-3.096633148809552, 52.18048511592793], [-3.100642939251995, 52.178354051151665], [-3.1028149090749846, 52.17709478560205], [-3.1125052359775554, 52.17360758869543], [-3.1125052359775554, 52.17322012237248], [-3.112338161375787, 52.17273578946878], [-3.1216943390748195, 52.16702066120515], [-3.122362637481894, 52.1634365977178], [-3.11300645978286, 52.15936820132674], [-3.1096649677474915, 52.15917446816526], [-3.1073259233227333, 52.158593268680825], [-3.099807566243153, 52.15626847074308], [-3.098972193234311, 52.15471860545125], [-3.096633148809552, 52.155106071774206], [-3.0944611789865624, 52.15520293835495], [-3.0931245821724147, 52.156946536808256], [-3.090117239340583, 52.15733400313121], [-3.0904513885441194, 52.158399535519344], [-3.089783090137046, 52.158593268680825], [-3.0856062250928344, 52.1619835990067], [-3.084937926685761, 52.16275853165262], [-3.084102553676918, 52.162952264814095], [-3.076918345800875, 52.16062746687635], [-3.0735768537655064, 52.15917446816526], [-3.072574406154895, 52.15578413783938], [-3.0832671806680763, 52.14832541112245], [-3.0936258059777204, 52.14435388131213], [-3.106657624915659, 52.14183535021291], [-3.1153455042076192, 52.13921995253294], [-3.1288785469508635, 52.13786382040259], [-3.1357286056233695, 52.13331109110784], [-3.1412420674817287, 52.12992076078196], [-3.1397383960658125, 52.12672416361756], [-3.1308834421720846, 52.12430249909907], [-3.123532159694273, 52.12188083458059], [-3.115011355004082, 52.12159023483837], [-3.1113357137651763, 52.12004036954654], [-3.1093308185439543, 52.1194591700621], [-3.1073259233227333, 52.11510017392883], [-3.107492997924502, 52.11219417650665], [-3.1048198042962065, 52.107544580631156], [-3.1091637439421858, 52.104638583208974], [-3.1171833248270717, 52.10405738372454], [-3.118686996242988, 52.10415425030528], [-3.1213601898712833, 52.1039605171438], [-3.122696786685431, 52.102798118174924], [-3.121026040667746, 52.09417699248912], [-3.120691891464209, 52.093111460100985], [-3.11952236925183, 52.0906897955825], [-3.1191882200482928, 52.09001172951732], [-3.1188540708447565, 52.08884933054845], [-3.1253699803137263, 52.07984073853969], [-3.1221955628801252, 52.0764504082138], [-3.1216943390748195, 52.07480367634123], [-3.120691891464209, 52.07451307659902], [-3.11952236925183, 52.07276947814571], [-3.118352847039451, 52.07015408046574], [-3.118686996242988, 52.06860421517391], [-3.1171833248270717, 52.06666688355912], [-3.1165150264199983, 52.06637628381691], [-3.1116698629687125, 52.06405148587916], [-3.1099991169510286, 52.063373419813985], [-3.1068246995174276, 52.059886222907366], [-3.100977088455532, 52.05736769180814], [-3.096131925004247, 52.05378362832078], [-3.0907855377476565, 52.050780764317864], [-3.092957507570646, 52.04874656612233], [-3.0862745234999087, 52.04031917359801], [-3.09145383615473, 52.0344103121729], [-3.0927904329688776, 52.031794914492934], [-3.0927904329688776, 52.03092311526628], [-3.0991392678360787, 52.02268945590343], [-3.086942821906982, 52.013874597056144], [-3.084102553676918, 52.004091072401465], [-3.078923241022096, 51.99760101149192], [-3.072574406154895, 51.99217648297052], [-3.06772924270361, 51.98336162412323], [-3.0673950935000738, 51.98316789096175], [-3.0595425872169564, 51.978615161667], [-3.0570364681904296, 51.97522483134112], [-3.051355931730302, 51.97212510075746], [-3.0383241127923633, 51.96515070694422], [-3.035650919164068, 51.960016778165034], [-3.0282996366862562, 51.958273179711725], [-3.0222849510225913, 51.9525580514481], [-3.0221178764208227, 51.95139565247923], [-3.0222849510225913, 51.951105052737006], [-3.0214495780137494, 51.9498457871874], [-3.018776384385454, 51.94810218873408], [-3.0117592511111795, 51.94277452679342], [-3.0112580273058738, 51.94190272756676], [-3.009921430491726, 51.93986852937124], [-3.0094202066864213, 51.9392873298868], [-3.00841775907581, 51.93773746459497], [-3.0102555796952633, 51.93279726897726], [-3.003906744828062, 51.925047942518106], [-3.0008994019962296, 51.92369181038776], [-2.9988945067750086, 51.92349807722628], [-2.9888700306689016, 51.92543540884107], [-2.987032210049448, 51.92572600858328], [-2.9860297624388377, 51.92562914200254], [-2.983523643412311, 51.92582287516402], [-2.9831894942087738, 51.926016608325504], [-2.9808504497840156, 51.92727587387511], [-2.980182151376942, 51.92756647361733], [-2.979848002173405, 51.92727587387511], [-2.9793467783680994, 51.926985274132896], [-2.9785114053592574, 51.92708214071364], [-2.9745016149168144, 51.925144809098846], [-2.97500283872212, 51.924273009872195], [-2.976172360934499, 51.92117327928853], [-2.9733320927044353, 51.917879815543394], [-2.973833316509741, 51.91662054999378], [-2.9728308688991305, 51.91468321837899], [-2.973833316509741, 51.91148662121459], [-2.972329645093825, 51.91129288805311], [-2.972329645093825, 51.910808555149416], [-2.9745016149168144, 51.90983988934202], [-2.9728308688991305, 51.908968090115366], [-2.9728308688991305, 51.90741822482354], [-2.9724967196955934, 51.9068370253391], [-2.971828421288519, 51.90499656030505], [-2.9681527800496132, 51.904512227401355], [-2.9611356467753387, 51.90664329217762], [-2.9579612293417377, 51.9068370253391], [-2.957460005536433, 51.90674015875836], [-2.9559563341205166, 51.90654642559688], [-2.952113618279842, 51.9063526924354], [-2.950275797660389, 51.90838689063093], [-2.948605051642705, 51.90945242301906], [-2.944929410403799, 51.90945242301906], [-2.9435928135896514, 51.90925868985758], [-2.9422562167755038, 51.90945242301906], [-2.9415879183684295, 51.90983988934202], [-2.9372439787224502, 51.9122615538605], [-2.934570785094155, 51.91410201889455], [-2.934069561288849, 51.91497381812121], [-2.9322317406693967, 51.91478008495973], [-2.930226845448175, 51.91478008495973], [-2.9283890248287223, 51.91390828573307], [-2.920202369342068, 51.91739548263969], [-2.9183645487226153, 51.91749234922043], [-2.9155242804925514, 51.91817041528561], [-2.912851086864256, 51.9201077469004], [-2.9098437440324245, 51.920398346642614], [-2.9091754456253502, 51.920785812965576], [-2.9081729980147397, 51.92165761219223], [-2.905332729784676, 51.92369181038776], [-2.9034949091652233, 51.925047942518106], [-2.902826610758149, 51.925144809098846], [-2.9018241631475385, 51.92562914200254], [-2.9011558647404643, 51.92582287516402], [-2.9001534171298538, 51.9255322754218], [-2.8986497457139375, 51.92543540884107], [-2.8978143727050956, 51.92543540884107], [-2.8966448504927165, 51.92543540884107], [-2.895642402882106, 51.92524167567959], [-2.895308253678569, 51.92524167567959], [-2.8943058060679583, 51.925144809098846], [-2.889961866421978, 51.926985274132896], [-2.887121598191915, 51.92805080652103], [-2.888792344209599, 51.93124740368543], [-2.889126493413136, 51.932409802654306], [-2.888458195006063, 51.93357220162318], [-2.8866203743866095, 51.93376593478465], [-2.8851167029706932, 51.93415340110761], [-2.8829447331477036, 51.93425026768835], [-2.8817752109353245, 51.93415340110761], [-2.879102017307029, 51.933959667946134], [-2.8754263760681233, 51.933087868719475], [-2.8745910030592814, 51.932216069492824], [-2.8717507348292175, 51.929503805232116], [-2.871583660227449, 51.928728872586206], [-2.8700799888115327, 51.926791540971415], [-2.8669055713779326, 51.926888407552156], [-2.866738496776164, 51.926888407552156], [-2.861893333324879, 51.92708214071364], [-2.859053065094815, 51.92766334019807], [-2.8580506174842046, 51.92717900729438], [-2.8570481698735932, 51.92543540884107], [-2.854709125448835, 51.92436987645293], [-2.847859066776329, 51.92359494380702], [-2.8465224699621814, 51.923304344064796], [-2.8453529477498023, 51.92136701245001], [-2.846355395360413, 51.920592079804095], [-2.8481932159798653, 51.91972028057744], [-2.851033484209929, 51.918848481350786], [-2.8560457222629827, 51.91826728186635], [-2.8625616317319524, 51.91739548263969], [-2.8638982285461, 51.91662054999378], [-2.862728706333721, 51.91468321837899], [-2.8613921095195733, 51.91381141915234], [-2.8605567365107314, 51.91381141915234], [-2.8597213635018885, 51.91400515231381], [-2.855544498457678, 51.91448948521751], [-2.8553774238559093, 51.91390828573307], [-2.8552103492541407, 51.913327086248636], [-2.8540408270417617, 51.913327086248636], [-2.8540408270417617, 51.9137145525716], [-2.8540408270417617, 51.91400515231381], [-2.8537066778382245, 51.91458635179825], [-2.8537066778382245, 51.915070684701945], [-2.853205454032919, 51.91584561734786], [-2.8476919921745605, 51.917008016316736], [-2.846355395360413, 51.91632995025156], [-2.8453529477498023, 51.915264417863426], [-2.8448517239444966, 51.91536128444417], [-2.8443505001391918, 51.91662054999378], [-2.8436822017321175, 51.91749234922043], [-2.842679754121507, 51.917879815543394], [-2.841510231909128, 51.91749234922043], [-2.839505336687906, 51.91458635179825], [-2.8371662922631478, 51.91390828573307], [-2.8373333668649163, 51.91313335308716], [-2.8359967700507687, 51.90964615618054], [-2.832989427218937, 51.905190293466525], [-2.817785638458008, 51.90383416133618], [-2.815780743236786, 51.899087698879946], [-2.801746476688236, 51.89230703822819], [-2.8010781782811627, 51.89017597345192], [-2.7992403576617093, 51.89046657319414], [-2.7984049846528674, 51.8898853737097], [-2.7972354624404883, 51.88852924157935], [-2.7964000894316463, 51.88833550841787], [-2.792557373590972, 51.8876574423527], [-2.7915549259803605, 51.886495043383825], [-2.7870439117326127, 51.88484831151125], [-2.784203643502549, 51.88436397860755], [-2.7835353450954754, 51.88426711202681], [-2.7821987482813277, 51.88407337886534], [-2.781697524476022, 51.88436397860755], [-2.776016988015895, 51.88184544750833], [-2.775348689608821, 51.88184544750833], [-2.7746803912017475, 51.88184544750833], [-2.7703364515557674, 51.88058618195872], [-2.768498630936315, 51.88058618195872], [-2.7681644817327777, 51.8802955822165], [-2.7695010785469254, 51.87971438273206], [-2.770169376953999, 51.87961751615132], [-2.7703364515557674, 51.879230049828365], [-2.770503526157536, 51.879036316666884], [-2.7706706007593045, 51.87884258350541], [-2.7706706007593045, 51.87855198376319], [-2.770837675361073, 51.878358250601714], [-2.7721742721752207, 51.87719585163284], [-2.7731767197858312, 51.87622718582544], [-2.7741791673964418, 51.87448358737213], [-2.777353584830043, 51.87215878943439], [-2.7766852864229685, 51.870996390465514], [-2.7786901816441905, 51.8679935264626], [-2.7790243308477267, 51.866734260912985], [-2.776016988015895, 51.86373139691006], [-2.7695010785469254, 51.86237526477971], [-2.767997407131009, 51.86024420000344], [-2.7663266611133244, 51.85879120129235], [-2.7649900642991767, 51.85801626864644], [-2.7646559150956405, 51.857435069162], [-2.7641546912903348, 51.85656326993534], [-2.762818094476187, 51.85481967148203], [-2.7623168706708823, 51.85365727251316], [-2.7603119754496603, 51.85181680747911], [-2.757638781821365, 51.84910454321841], [-2.757638781821365, 51.84842647715323], [-2.757638781821365, 51.84765154450732], [-2.7574717072195964, 51.847070345022885], [-2.7569704834142916, 51.846004812634746], [-2.7432703660692788, 51.84193641624369], [-2.7426020676622045, 51.84174268308222], [-2.7410983962462883, 51.842420749147394], [-2.7402630232374463, 51.841548949920735], [-2.7402630232374463, 51.84125835017852], [-2.736420307396772, 51.838933552240775], [-2.7350837105826242, 51.83922415198299], [-2.7334129645649403, 51.83999908462891], [-2.7325775915560975, 51.840677150694084], [-2.731575143945487, 51.841355216759254], [-2.730405621733108, 51.84087088385556], [-2.727565353503044, 51.84009595120965], [-2.719545772618159, 51.84891081005693], [-2.7185433250075475, 51.846876611861404], [-2.7182091758040112, 51.84552047973105], [-2.7160372059810207, 51.84077401727482], [-2.7128627885474206, 51.839805351467426], [-2.7101895949191253, 51.83903041882151], [-2.706681028281988, 51.84009595120965], [-2.7068481028837565, 51.84038655095186], [-2.7068481028837565, 51.841452083339995], [-2.7070151774855242, 51.841548949920735], [-2.7070151774855242, 51.84232388256665], [-2.707182252087293, 51.84261448230887], [-2.7056785806713775, 51.845036146827354], [-2.705511506069609, 51.845133013408095], [-2.6996638950077125, 51.843486281535526], [-2.6953199553617333, 51.84174268308222], [-2.694985806158196, 51.840677150694084], [-2.694150433149354, 51.83912728540225], [-2.69348213474228, 51.83767428669116], [-2.6933150601405114, 51.83738368694894], [-2.6933150601405114, 51.836996220625984], [-2.688636971290995, 51.833218423977144], [-2.68696622527331, 51.83302469081567], [-2.6867991506715416, 51.833605890300106], [-2.682622285627331, 51.8377711532719], [-2.678278345981351, 51.836996220625984], [-2.658229393769137, 51.83273409107345], [-2.6578952445655997, 51.8281813617787], [-2.6503768874860194, 51.82614716358317], [-2.6498756636807146, 51.825178497775774], [-2.6498756636807146, 51.82508163119503], [-2.6538854541231576, 51.823628632483945], [-2.6610696619992007, 51.818107237381795], [-2.6607355127956636, 51.817332304735885], [-2.658897692176211, 51.81287644202187], [-2.664578228636338, 51.81026104434191], [-2.672597809521224, 51.80890491221155], [-2.673433182530066, 51.807355046919724], [-2.6756051523530555, 51.80638638111233], [-2.676607599963667, 51.80512711556272], [-2.6764405253618984, 51.80512711556272], [-2.6771088237689717, 51.8043521829168], [-2.678612495184888, 51.80260858446349], [-2.6784454205831194, 51.80231798472128], [-2.677442972972509, 51.80076811942944], [-2.6776100475742775, 51.800283786525746], [-2.6776100475742775, 51.800186919945006], [-2.6771088237689717, 51.799218254137614], [-2.674602704742445, 51.79699032278061], [-2.6699246158929286, 51.79437492510064], [-2.6720965857159182, 51.79359999245473], [-2.672597809521224, 51.79263132664733], [-2.6730990333265288, 51.79146892767846], [-2.67293195872476, 51.78982219580589], [-2.675772226954824, 51.78807859735258], [-2.6751039285477507, 51.777810739794205], [-2.67627345076013, 51.77451727604907], [-2.6799490919990356, 51.771417545465404], [-2.670927063503539, 51.7586311568078], [-2.6627404080168855, 51.75388469435157], [-2.6650794524416437, 51.749041365314596], [-2.6695904666893915, 51.742745037566536], [-2.6724307349194554, 51.73664244297996], [-2.6867991506715416, 51.731992847104465], [-2.6807844650078776, 51.72443725380679], [-2.6796149427954985, 51.713975663086934], [-2.6687550936805495, 51.705838870304824], [-2.669423392087623, 51.702351673398205], [-2.6812856888131833, 51.698864476491586], [-2.673433182530066, 51.697024011457536], [-2.6699246158929286, 51.687918552868034], [-2.6739344063353716, 51.68297835725032], [-2.6612367366009693, 51.67125750098085], [-2.670592914300002, 51.66951390252754], [-2.677777122176046, 51.67028883517346], [-2.6851284046538577, 51.66835150355867], [-2.68696622527331, 51.6639925074254], [-2.6856296284591625, 51.660892776841735], [-2.6707599889017706, 51.657308713354375], [-2.6804503158043413, 51.649365653733746], [-2.6670843476628647, 51.64258499308199], [-2.6695904666893915, 51.63386700081544], [-2.6578952445655997, 51.62204927796523], [-2.668922168282318, 51.60906915614615], [-2.6939833585475856, 51.598995031749254], [-2.7128627885474206, 51.58223711328134], [-2.743604515272815, 51.58078411457024], [-2.756135110405449, 51.57874991637472], [-2.7907195529715185, 51.56683532694377], [-2.8052550433253742, 51.560442132614966], [-2.845018798546265, 51.54562154576184], [-2.869578765006227, 51.542521815178176], [-2.8906301648290524, 51.535934887687894], [-2.908005923412971, 51.5327382905235], [-2.9158584296960885, 51.53554742136494], [-2.9571258563328957, 51.535934887687894], [-2.9780101815539517, 51.542424948597436], [-2.980182151376942, 51.54814007686106], [-2.9885358814653644, 51.549496208991414], [-2.9953859401378713, 51.53651608717233], [-3.004407968633368, 51.53051035916649], [-3.032476501730467, 51.5189832360585], [-3.0446729476595644, 51.51559290573262], [-3.084269628278687, 51.49941618674914], [-3.1108344899598706, 51.49147312712851], [-3.1231980104907358, 51.48914832919076], [-3.126205353322568, 51.480527203504955], [-3.1357286056233695, 51.472487277303586], [-3.14107499287996, 51.46280061922964], [-3.1566129308444264, 51.45166096244461], [-3.1646325117293115, 51.45107976296018], [-3.164465437127544, 51.441102505144016], [-3.170814271994745, 51.42725058409828], [-3.170480122791208, 51.40584306975487], [-3.1883571051804322, 51.40032167465272], [-3.196877909870623, 51.399546742006805], [-3.2222732493394277, 51.40361513839786], [-3.239816082525115, 51.396834477746104], [-3.2596979601355605, 51.394994012712054], [-3.2705578092505094, 51.389763217352126], [-3.2840908519937546, 51.39373474716244], [-3.2986263423476094, 51.390538149998044], [-3.3106557136749384, 51.39266921477431], [-3.3415645150021014, 51.38104522508558], [-3.357269527568336, 51.38395122250776], [-3.3916868955326365, 51.38317628986185], [-3.4052199382758817, 51.38143269140854], [-3.410399250930703, 51.3867603533492], [-3.423598144470411, 51.38831021864104], [-3.447991036328605, 51.38801961889882], [-3.4718827043814935, 51.39363788058171], [-3.4770620170363156, 51.39257234819357], [-3.5200001896908075, 51.40003107491051], [-3.5397149926994844, 51.39760941039202], [-3.5589285719028565, 51.401290340460115], [-3.5674493765930473, 51.41262373040663], [-3.576304330486775, 51.417660792605076], [-3.583655612964587, 51.429284782293806], [-3.598859401725516, 51.44216803753215], [-3.614898563495287, 51.45049856347574], [-3.6304365014597533, 51.45553562567419], [-3.6416304997782394, 51.4631880855526], [-3.641797574380008, 51.47084054543102], [-3.6588391837603895, 51.48004287060126], [-3.673541748716014, 51.479558537697564], [-3.678721061370836, 51.47529640814503], [-3.69877001358305, 51.47800867240573], [-3.7012761326095767, 51.47394027601467], [-3.720823861016485, 51.4796554042783], [-3.7241653530518546, 51.48876086286781], [-3.735192276768572, 51.49902872042618], [-3.743713081458763, 51.50067545229875], [-3.7579144226090815, 51.52527956380656], [-3.7627595860603664, 51.538065952464166], [-3.779801195440748, 51.55995779971127], [-3.78932444774155, 51.56974132436595], [-3.7965086556175933, 51.57313165469183], [-3.804194087298942, 51.583690111992425], [-3.8177271300421864, 51.59327990348563], [-3.8441249171216016, 51.60858482324245], [-3.851142050395877, 51.61846521447787], [-3.8670141375638796, 51.61943388028527], [-3.8793776580947448, 51.61672161602456], [-3.8935789992450633, 51.618852680800835], [-3.9027681023423284, 51.613234419117944], [-3.9184731149085623, 51.60945662246911], [-3.928664665616438, 51.613428152279425], [-3.9612442129612857, 51.611684553826116], [-3.9769492255275205, 51.60732555769284], [-3.991985939686681, 51.599091898329995], [-3.9995042967662613, 51.587371042060525], [-3.998000625350345, 51.575553319210314], [-3.9772833747310576, 51.56906325830077], [-3.9806248667664264, 51.56499486190972], [-3.9933225365008287, 51.563057530294934], [-4.006354355438768, 51.567610259589685], [-4.02339596481915, 51.563929329521585], [-4.0342558139341, 51.57012879068891], [-4.045282737650817, 51.56547919481342], [-4.058648705792293, 51.564026196102326], [-4.060653601013515, 51.55802046809648], [-4.074186643756759, 51.562185731068276], [-4.101921027650322, 51.56528546165194], [-4.105763743490996, 51.56916012488151], [-4.1169577418094825, 51.570225657269646], [-4.144357976499508, 51.567610259589685], [-4.152878781189699, 51.564026196102326], [-4.1610654366763535, 51.55521133725504], [-4.147365319331341, 51.548043210280326], [-4.152878781189699, 51.54097194988635], [-4.1619008096851955, 51.54455601337371], [-4.182450985702715, 51.54843067660328], [-4.20133041570255, 51.54746201079589], [-4.2153646822511, 51.54106881646709], [-4.236081932870388, 51.541843749113], [-4.271501748445299, 51.55540507041652], [-4.283196970569091, 51.56160453158384], [-4.3010739529583155, 51.5615076650031], [-4.305584967206063, 51.56460739558676], [-4.290548253046903, 51.56983819094669], [-4.2902141038433665, 51.583883845153906], [-4.296395864108799, 51.59637963406929], [-4.306253265613138, 51.60848795666171], [-4.302911773577768, 51.613428152279425], [-4.286204313400924, 51.61381561860238], [-4.278184732516038, 51.617109082347525], [-4.272337121454142, 51.62485840880667], [-4.255128437471991, 51.63086413681252], [-4.245438110569421, 51.647622055280436], [-4.2329075154367874, 51.641035127790154], [-4.242430767737589, 51.63202653578139], [-4.224553785348365, 51.628636205455514], [-4.20884877278213, 51.63096100339326], [-4.20567435534853, 51.62757067306738], [-4.169586241366544, 51.62427720932224], [-4.158392243048058, 51.63435133371914], [-4.1430213796853606, 51.63415760055766], [-4.133999351189864, 51.64161632727459], [-4.12046630844662, 51.64161632727459], [-4.113449175172345, 51.6497531200567], [-4.090559954730067, 51.65624318096624], [-4.075857389774444, 51.657308713354375], [-4.079365956411581, 51.663023841618006], [-4.068339032694864, 51.668932703043104], [-4.077026911986823, 51.68152535853923], [-4.081872075438108, 51.66379877426392], [-4.13015663534919, 51.65798677941955], [-4.135837171809317, 51.66166770948765], [-4.145694573313656, 51.654790182255155], [-4.153380004995005, 51.65546824832033], [-4.172927733401914, 51.67009510201198], [-4.182283911100947, 51.680750425893315], [-4.196652326853034, 51.68375328989624], [-4.2185390996847, 51.685303155188066], [-4.226057456764281, 51.67978176008592], [-4.2529564676490015, 51.678813094278524], [-4.265487062781635, 51.67581023027561], [-4.269162704020541, 51.670966901238636], [-4.2830298959673225, 51.66757657091276], [-4.2978995355247145, 51.66854523672015], [-4.323963173400593, 51.67871622769779], [-4.356375646143673, 51.701383007590806], [-4.369073315878075, 51.7124257977951], [-4.379599015789488, 51.72734325122897], [-4.356208571541904, 51.728311917036365], [-4.323629024197056, 51.72095005690017], [-4.321624128975835, 51.734511378203685], [-4.36422815242679, 51.73722364246439], [-4.375589225347045, 51.74749150002277], [-4.3720806587099075, 51.768027215139526], [-4.362390331807337, 51.77984493798973], [-4.370576987293991, 51.79011279554811], [-4.376758747559424, 51.77567967501794], [-4.391294237913279, 51.76376508558699], [-4.407333399683051, 51.75698442493523], [-4.418861547205073, 51.76192462055294], [-4.436571454992529, 51.76541181745956], [-4.446428856496868, 51.76938334726987], [-4.438409275611982, 51.77926373850529], [-4.4462617818951, 51.78614126573779], [-4.451608169151689, 51.77538907527572], [-4.458959451629502, 51.770545746238746], [-4.455617959594132, 51.76269955319886], [-4.444925185080952, 51.75930922287298], [-4.422871337647516, 51.74565103498872], [-4.424207934461664, 51.74061397279027], [-4.446094707293331, 51.73334897923481], [-4.463136316673713, 51.73170224736224], [-4.5590371380888035, 51.741970104920625], [-4.578751941097481, 51.73431764504221], [-4.610663190035255, 51.738192308271785], [-4.6541025864950525, 51.73296151291186], [-4.676323508530256, 51.72714951806749], [-4.686347984636363, 51.722499922192], [-4.697876132158386, 51.71116653224549], [-4.685011387822216, 51.69624907881162], [-4.697541982954849, 51.685109422026585], [-4.701885922600829, 51.674550964725995], [-4.695704162335397, 51.670966901238636], [-4.708903055875105, 51.66389564084466], [-4.720932427202433, 51.65169045167149], [-4.743487498441174, 51.6539183830285], [-4.756853466582649, 51.65372464986702], [-4.760362033219787, 51.64626592315008], [-4.777069493396633, 51.64239125992051], [-4.780912209237307, 51.63638553191466], [-4.791772058352256, 51.63909779617537], [-4.80647462330788, 51.63909779617537], [-4.807142921714954, 51.64423172495456], [-4.827526023130705, 51.64723458895748], [-4.843565184900475, 51.644812924438995], [-4.860773868882626, 51.64713772237674], [-4.866120256139217, 51.63803226378724], [-4.8771471798559345, 51.63716046456058], [-4.901038847908823, 51.6241803427415], [-4.901038847908823, 51.61429995150608], [-4.92175609852811, 51.60567882582027], [-4.930276903218302, 51.59870443200703], [-4.944812393572157, 51.597057700134464], [-4.973716299678099, 51.609844088792066], [-4.989588386846101, 51.61284695279499], [-5.007632443837094, 51.60858482324245], [-5.019661815164423, 51.61391248518312], [-5.041047364190785, 51.619530746866005], [-5.059425570385315, 51.620596279254144], [-5.0620987640136095, 51.62931427152069], [-5.052575511712808, 51.633285801331006], [-5.050403541889818, 51.641131994370895], [-5.064939032243673, 51.66331444136022], [-5.10086007162389, 51.667285971170536], [-5.117734606402504, 51.67300109943416], [-5.123248068260862, 51.682494024346624], [-5.107710130296397, 51.685206288607326], [-5.109882100119387, 51.692277549001304], [-5.0801428210046025, 51.68985588448282], [-5.078472074986918, 51.67920056060149], [-5.065440256048978, 51.676778896083], [-5.045558378438534, 51.67658516292152], [-5.042216886403164, 51.68113789221627], [-5.049568168880976, 51.6868530204799], [-5.0512389148986605, 51.69382741429313], [-5.027514321447541, 51.69460234693905], [-5.020831337376802, 51.69169634951687], [-5.004458026403494, 51.68975901790208], [-4.98123465675768, 51.68917781841765], [-4.98440907419128, 51.683462690154016], [-4.973215075872794, 51.67396976524156], [-4.961854002952538, 51.67658516292152], [-4.937628185696114, 51.67745696214818], [-4.965195494987908, 51.68336582357328], [-4.969539434633887, 51.688596618933204], [-4.958846660120707, 51.69750834436123], [-4.943809945961546, 51.698864476491586], [-4.9312793508289126, 51.70457960475521], [-4.920586576315731, 51.700704941525636], [-4.9092255033954775, 51.70341720578634], [-4.904213265342424, 51.70787306850035], [-4.892183894015095, 51.70758246875813], [-4.885333835342589, 51.716494194186154], [-4.864115360917996, 51.71455686257137], [-4.855594556227804, 51.70574200372408], [-4.845737154723466, 51.70738873559665], [-4.861108018086163, 51.7197876579313], [-4.88416431313021, 51.7193033250276], [-4.883663089324904, 51.735576910591824], [-4.89702905746638, 51.74071083937101], [-4.892518043218631, 51.749816297960514], [-4.888174103572652, 51.76705854933213], [-4.901540071714129, 51.76541181745956], [-4.9072206081742555, 51.76105282132629], [-4.900871773307054, 51.754369027255265], [-4.90020347489998, 51.74661970079612], [-4.907721831979561, 51.74565103498872], [-4.900537624103517, 51.737320509045134], [-4.8871716559620415, 51.73141164762003], [-4.888007028970884, 51.72501845329123], [-4.89485708764339, 51.71106966566475], [-4.909058428793708, 51.71116653224549], [-4.920586576315731, 51.70516080423965], [-4.928606157200617, 51.70893860088848], [-4.939967230120872, 51.708357401404044], [-4.94665021419161, 51.70438587159373], [-4.9561734664924115, 51.70748560217739], [-4.968369912421508, 51.7055482705626], [-4.984910297996585, 51.69934880939528], [-5.0083007422441685, 51.70264227314042], [-5.034197305518278, 51.71116653224549], [-5.04154858799609, 51.707679335338874], [-5.064771957641905, 51.70787306850035], [-5.074629359146243, 51.70622633662778], [-5.104702787464564, 51.720465723996476], [-5.115562636579514, 51.71378192992545], [-5.124584665075011, 51.71746285999355], [-5.156495914012785, 51.71281326411806], [-5.170028956756029, 51.71891585870464], [-5.173370448791398, 51.71504119547507], [-5.168525285340113, 51.706807536112215], [-5.1591691076410795, 51.704095271851514], [-5.155493466402174, 51.694214880616094], [-5.157832510826932, 51.68772481970655], [-5.169527732950724, 51.688015419448774], [-5.176043642419693, 51.68104102563554], [-5.18824008834879, 51.68995275106356], [-5.1904120581717805, 51.69993000887972], [-5.188407162950559, 51.70932606721144], [-5.203610951711488, 51.71174773172993], [-5.2012719072867295, 51.71736599341281], [-5.215139099233511, 51.72366232116087], [-5.227836768967913, 51.72317798825718], [-5.2361904990563355, 51.725599652775664], [-5.251227213215496, 51.73489884452665], [-5.2462149751624425, 51.738095441691044], [-5.221822083304248, 51.7367393095607], [-5.210795159587531, 51.73393017871925], [-5.205281697729172, 51.738095441691044], [-5.201940205693804, 51.74962256479903], [-5.196593818437213, 51.75650009203154], [-5.185901043924032, 51.7549502267397], [-5.177714388437378, 51.76308701952181], [-5.1603386298534595, 51.77209561153058], [-5.119739501623725, 51.76831781488174], [-5.106373533482249, 51.776164007921636], [-5.103199116048648, 51.80493338240124], [-5.107543055694628, 51.81888217002771], [-5.116899233393662, 51.82740642913278], [-5.113557741358292, 51.8313779589431], [-5.116732158791893, 51.843680014697], [-5.133940842774043, 51.86266586452193], [-5.1551593171986365, 51.861406598972316], [-5.177046090030304, 51.86373139691006], [-5.181891253481589, 51.86809039304333], [-5.198264564454897, 51.86731546039742], [-5.21948303887949, 51.87264312233809], [-5.2293404403838295, 51.87322432182252], [-5.2502247656048855, 51.86896219226999], [-5.26693222578173, 51.87167445653069], [-5.296504430294746, 51.861309732391575], [-5.301850817551337, 51.86373139691006], [-5.315383860294581, 51.859469267357525], [-5.318725352329951, 51.86605619484781], [-5.310371622241528, 51.86964025833517], [-5.304524011179632, 51.88601071048012], [-5.296003206489441, 51.89317883745484], [-5.303521563569021, 51.903543561593956], [-5.311374069852139, 51.90499656030505], [-5.287816551002787, 51.914392618636775], [-5.270607867020637, 51.91352081941012], [-5.2530650338349485, 51.91720174947822], [-5.230008738790903, 51.93095680394321], [-5.209625637375152, 51.93270040239652], [-5.207119518348625, 51.93986852937124], [-5.198431639056666, 51.94180586098602], [-5.197763340649592, 51.94800532215335], [-5.190746207375317, 51.95062071983331], [-5.1752082694108505, 51.95139565247923], [-5.165685017110049, 51.94800532215335], [-5.1431299458713085, 51.95604524835472], [-5.137282334809413, 51.963600841652394], [-5.122078546048483, 51.96059797764947], [-5.108879652508776, 51.96137291029539], [-5.103199116048648, 51.96795983778566], [-5.086324581270035, 51.96795983778566], [-5.082314790827592, 51.97406243237225], [-5.087661178084183, 51.98016502695883], [-5.090334371712478, 51.99498561381196], [-5.072624463925022, 52.003994205820725], [-5.087327028880646, 52.01339026415245], [-5.081980641624055, 52.02317378880713], [-5.063435360827757, 52.031988647654416], [-5.053912108526955, 52.02540172016413], [-5.0392095435713316, 52.02782338468262], [-5.021833784987413, 52.0206552577079], [-5.002620205784041, 52.02452992093748], [-4.98658104401427, 52.021236457192344], [-4.982738328173595, 52.015715062090194], [-4.993264028085008, 52.00447853872442], [-4.987082267819575, 51.99905401020302], [-4.957677137908328, 52.00263807369038], [-4.9361245142801975, 52.00670647008143], [-4.909559652599014, 52.021236457192344], [-4.917746308085668, 52.025886053067836], [-4.911564547820236, 52.03411971243068], [-4.893520490829243, 52.03043878236259], [-4.894188789236317, 52.02317378880713], [-4.887505805165578, 52.02104272403086], [-4.864449510121532, 52.02075212428864], [-4.85927019746671, 52.02307692222639], [-4.841894438882791, 52.02084899086938], [-4.8342090072014425, 52.022108256418996], [-4.838887096050959, 52.0344103121729], [-4.84523593091816, 52.04245023837427], [-4.826690650121862, 52.05417109464374], [-4.811319786759165, 52.05668962574296], [-4.798455042422994, 52.05659275916223], [-4.785423223485054, 52.061436088199194], [-4.770720658529431, 52.07354441079162], [-4.761698630033935, 52.07838773982859], [-4.7511729301225225, 52.0906897955825], [-4.741482603219952, 52.09863285520313], [-4.747497288883617, 52.10492918295119], [-4.736637439768668, 52.10841637985781], [-4.730121530299698, 52.11790930477027], [-4.721099501804201, 52.11248477624886], [-4.702387146406135, 52.10589784875859], [-4.694367565521249, 52.105510382435625], [-4.689522402069964, 52.099504654429786], [-4.675488135521414, 52.093111460100985], [-4.67481983711434, 52.10047332023718], [-4.682171119592152, 52.104735449789715], [-4.689188252866427, 52.12139650167689], [-4.687517506848742, 52.12866149523235], [-4.672313718087814, 52.128952094974565], [-4.658780675344569, 52.13418289033449], [-4.6480879008313885, 52.133504824269316], [-4.643409811981871, 52.13815442014481], [-4.619016920123678, 52.13796068698333], [-4.605650951982201, 52.14038235150181], [-4.585936148973524, 52.13776695382185], [-4.575744598265649, 52.14309461576252], [-4.562378630124173, 52.14435388131213], [-4.5481772889738545, 52.135151556141885], [-4.518605084460838, 52.13495782298041], [-4.492207297381423, 52.14745361189579], [-4.48819750693898, 52.15374993964385], [-4.459627750036575, 52.16731126094737], [-4.4462617818951, 52.16963605888512], [-4.441416618443815, 52.17418878817987], [-4.428886023311181, 52.178160317990184], [-4.4161883535767785, 52.189009375032995], [-4.407500474284818, 52.19162477271296], [-4.393132058532732, 52.203539362143914], [-4.384277104639004, 52.20731715879275], [-4.3789307173824135, 52.214485285767466], [-4.361053734993189, 52.21835994899704], [-4.355039049329525, 52.210707489118626], [-4.345014573223418, 52.21032002279567], [-4.336493768533227, 52.214291552605985], [-4.324965621011204, 52.21361348654081], [-4.292720222869893, 52.22804660707098], [-4.261143123135656, 52.24596692450777], [-4.233742888445629, 52.25158518619066], [-4.207512175967983, 52.263693508783085], [-4.199325520481329, 52.27328330027628], [-4.1891339697734535, 52.28025769408952], [-4.1841217317204, 52.29004121874421], [-4.170421614375387, 52.29527201410413], [-4.16256910809227, 52.30612107114695], [-4.156721497030373, 52.30825213592321], [-4.137507917827002, 52.32626931994074], [-4.134667649596938, 52.33430924614211], [-4.127483441720895, 52.33886197543686], [-4.119798010039546, 52.353585695709256], [-4.118127264021862, 52.36133502216841], [-4.1109430561458185, 52.374218277406754], [-4.089056283314151, 52.40075972052935], [-4.089557507119457, 52.41422417525213], [-4.086216015084087, 52.42400769990681], [-4.07953303101335, 52.43204762610818], [-4.082373299243413, 52.43863455359846], [-4.077361061190359, 52.45093660935236], [-4.0619901978276625, 52.476606253248306], [-4.052968169332166, 52.47970598383197], [-4.052634020128629, 52.49694823520358], [-4.058815780394061, 52.52881734026685], [-4.050963274110944, 52.52910794000907], [-4.037597305969468, 52.52252101251879], [-4.020388621987318, 52.5237802780684], [-3.995995730129124, 52.53530740117639], [-3.9844675826071008, 52.53627606698378], [-3.9654210780054973, 52.544897192669595], [-3.955897825704696, 52.55535878338945], [-3.9620795859701285, 52.56029897900716], [-3.995160357120282, 52.552937118870965], [-4.014373936323653, 52.547415723768815], [-4.036260709155321, 52.54538152557329], [-4.060653601013515, 52.541216262601495], [-4.070176853314316, 52.54325046079702], [-4.085213567473477, 52.564561108559694], [-4.106599116499838, 52.59100568510155], [-4.105596668889228, 52.599529944206616], [-4.090559954730067, 52.600595476594755], [-4.097577088004342, 52.60737613724651], [-4.1161223688006405, 52.60466387298581], [-4.128485889331506, 52.61347873183309], [-4.117124816411251, 52.63972957521347], [-4.0949038943760465, 52.66849894969308], [-4.0848794182699395, 52.67130808053452], [-4.0700097787125475, 52.68128533835068], [-4.057479183579914, 52.68719419977578], [-4.057479183579914, 52.70618004960071], [-4.05146449791625, 52.703758385082224], [-4.032250918712878, 52.70850484753846], [-4.027405755261593, 52.71421997580208], [-4.01470808552719, 52.72032257038866], [-3.9995042967662613, 52.723616034133805], [-3.9894798206601543, 52.735918089887704], [-3.9704333160585508, 52.739695886536545], [-3.9620795859701285, 52.74541101480017], [-3.9684284208373297, 52.74918881144901], [-3.9866395524300904, 52.739502153375064], [-4.021391069597929, 52.735240023822534], [-4.027906979066898, 52.73194656007739], [-4.036594858358858, 52.72100063645384], [-4.057479183579914, 52.7177071727087], [-4.081370851632802, 52.747735812737915], [-4.10108565464148, 52.76507493069027], [-4.1329969035792535, 52.790453974844], [-4.150038512959636, 52.80730875989265], [-4.152377557384394, 52.813314487898495], [-4.1470311701278035, 52.81902961616212], [-4.131493232163337, 52.821257547519124], [-4.119798010039546, 52.82551967707166], [-4.1269822179155895, 52.835012601984126], [-4.119463860836009, 52.84508672638102], [-4.121301681455463, 52.85390158522831], [-4.1279846655262, 52.86387884304447], [-4.14636287172073, 52.884317691580485], [-4.145193349508351, 52.89371374991221], [-4.139679887649992, 52.89661974733439], [-4.119630935437778, 52.89768527972252], [-4.109606459331671, 52.900494410563965], [-4.086550164287624, 52.90194740927505], [-4.073852494553222, 52.911634067349], [-4.071847599332001, 52.9170585958704], [-4.060486526411746, 52.918317861420014], [-4.06115482481882, 52.92306432387625], [-4.072850046942611, 52.923936123102905], [-4.085380642075245, 52.91957712696963], [-4.1029234752609325, 52.90901866966903], [-4.118127264021862, 52.92170819174589], [-4.130490784552727, 52.9234517901992], [-4.131660306765106, 52.91696172928967], [-4.152043408180857, 52.90640327198907], [-4.163237406499343, 52.90533773960094], [-4.177772896853199, 52.90775940411942], [-4.195148655437118, 52.91454006477118], [-4.20133041570255, 52.913958865286745], [-4.217703726675858, 52.91889906090445], [-4.229566023401419, 52.91889906090445], [-4.235413634463314, 52.91550873057857], [-4.254627213666686, 52.91357139896378], [-4.266823659595783, 52.910277935218645], [-4.300238579949474, 52.91066540154161], [-4.316444816321013, 52.908437470184595], [-4.324965621011204, 52.90465967353576], [-4.327304665435962, 52.89187328487816], [-4.347854841453482, 52.89448868255812], [-4.375422150745276, 52.89642601417291], [-4.3889551934885205, 52.89565108152699], [-4.416856651983852, 52.88732055558341], [-4.409839518709577, 52.88121796099682], [-4.441583693045582, 52.87589029905615], [-4.464974137293166, 52.86775350627404], [-4.478841329239947, 52.85332038574387], [-4.470320524549757, 52.84993005541799], [-4.494546341806181, 52.838499798890744], [-4.501897624283994, 52.83094420559307], [-4.497386610036245, 52.8256165436524], [-4.501396400478688, 52.81854528325842], [-4.497052460832708, 52.80992415757262], [-4.487529208531907, 52.809827290991876], [-4.483018194284159, 52.803627829824556], [-4.486860910124833, 52.794522371235054], [-4.5149294432219325, 52.79297250594322], [-4.527961262159872, 52.777667586186396], [-4.541995528708422, 52.78599811212998], [-4.5421626033101905, 52.793747438589136], [-4.536147917646526, 52.80023749949868], [-4.553857825433981, 52.8101178907341], [-4.5810909855222395, 52.82106381435765], [-4.593788655256642, 52.82396981177983], [-4.6111644138405605, 52.82445414468353], [-4.624530381982036, 52.809633557830395], [-4.642741513574798, 52.80023749949868], [-4.661286794371096, 52.806146360923776], [-4.6789967021585515, 52.800818698983115], [-4.692362670300028, 52.7995594334335], [-4.705227414636198, 52.8027560305979], [-4.720765352600664, 52.80285289717864], [-4.726111739857254, 52.79035710826326], [-4.739310633396963, 52.785513779226285], [-4.751507079326059, 52.78774171058329], [-4.766710868086989, 52.79394117175062], [-4.767546241095831, 52.798106434722406], [-4.7571876157861865, 52.8022716976942], [-4.751005855520754, 52.81021475731484], [-4.751674153927828, 52.81573615241698], [-4.737305738175741, 52.82464787784501], [-4.721934874813043, 52.838402932310004], [-4.726111739857254, 52.85351411890535], [-4.70506034003443, 52.85971358007267], [-4.69637246074247, 52.85932611374972], [-4.686849208441669, 52.87608403221763], [-4.674485687910803, 52.8755028327332], [-4.664795361008233, 52.88402709183826], [-4.666800256229455, 52.88935475377893], [-4.653768437291515, 52.898653945529915], [-4.648422050034926, 52.90611267224685], [-4.631547515256312, 52.90630640540833], [-4.61768032330953, 52.92228939123033], [-4.60682047419458, 52.92606718787917], [-4.59395572985841, 52.92693898710582], [-4.578250717292176, 52.938369243633076], [-4.555695646053435, 52.9372068446642], [-4.540491857292506, 52.93895044311751], [-4.5289637097704825, 52.93740057782568], [-4.5201087558767545, 52.940112842086386], [-4.491037775169044, 52.956192694489125], [-4.4820157466735475, 52.966073085724545], [-4.46781440552323, 52.9701414821156], [-4.458291153222428, 52.98370280341912], [-4.443588588266804, 52.990289730909396], [-4.436404380390761, 52.9989108565952], [-4.428551874107644, 53.000073255564075], [-4.414851756762631, 52.99726412472263], [-4.4069992504795135, 52.99968578924112], [-4.389790566497363, 53.013440843706114], [-4.373417255524055, 53.02196510281119], [-4.361722033400263, 53.03087682823921], [-4.353702452515377, 53.033298492757694], [-4.349358512869398, 53.04472874928495], [-4.3420072303915855, 53.04763474670713], [-4.338999887559754, 53.05412480761667], [-4.337997439949143, 53.08841557719842], [-4.346852393842871, 53.10585156173151], [-4.346351170037566, 53.115053886901755], [-4.3391669621615225, 53.12212514729573], [-4.328808336851878, 53.120478415423165], [-4.331815679683711, 53.11301968870623], [-4.324464397205898, 53.10914502547666], [-4.3211229051705295, 53.10178316534046], [-4.311599652869728, 53.10536722882782], [-4.311766727471496, 53.12735594265566], [-4.293722670480504, 53.13626766808369], [-4.278853030923112, 53.13946426524809], [-4.27033222623292, 53.146632392222806], [-4.257968705702055, 53.16106551275298], [-4.243600289949969, 53.1704615710847], [-4.221379367914764, 53.177823431220894], [-4.208180474375057, 53.18721948955262], [-4.209517071189205, 53.20165261008279], [-4.1939791332247385, 53.212986000029304], [-4.175600927030208, 53.218410528550706], [-4.16039713826928, 53.21976666068106], [-4.14636287172073, 53.22906585243204], [-4.122304129066073, 53.23710577863341], [-4.117458965614788, 53.23245618275792], [-4.105262519685691, 53.23255304933866], [-4.094068521367205, 53.23594337966454], [-4.083542821455792, 53.229259585593525], [-4.066668286677179, 53.23342484856532], [-4.0479559312791125, 53.233909181469016], [-4.031081396500499, 53.237396378375635], [-4.026737456854519, 53.24262717373556], [-4.010531220482979, 53.24427390560813], [-3.9998384459697984, 53.2491172346451], [-4.001676266589251, 53.2527981647132], [-3.9834651349964902, 53.25948195878422], [-3.949883140041032, 53.26713441866263], [-3.9316720084482704, 53.26916861685816], [-3.912959653050204, 53.27527121144474], [-3.8955838944662853, 53.28447353661499], [-3.880045956501819, 53.289413732232696], [-3.87236052482047, 53.28728266745643], [-3.8601640788913736, 53.28999493171713], [-3.8518103488029505, 53.295613193400015], [-3.841451723493307, 53.29541946023854], [-3.8349358140243375, 53.28708893429495], [-3.815889309422734, 53.275949277509916], [-3.8108770713696805, 53.26461588756341], [-3.82273936809524, 53.26025689143013], [-3.8280857553518306, 53.25260443155172], [-3.801019669865342, 53.26374408833675], [-3.8000172222547306, 53.27294641350699], [-3.8225722934934723, 53.28641086822977], [-3.82273936809524, 53.289413732232696], [-3.837943156856169, 53.29541946023854], [-3.843623693316297, 53.30994944734945], [-3.844459066325139, 53.319054905938955], [-3.86484216774089, 53.329032163755116], [-3.877205688271755, 53.33280996040395], [-3.8795447326965133, 53.33716895653723], [-3.868517808979796, 53.34269035163937], [-3.8543164678294772, 53.341527952670496], [-3.840783425086233, 53.336878356795005], [-3.8329309188031155, 53.33804075576388], [-3.8284199045553677, 53.325351233687016], [-3.818729577652798, 53.32283270258779], [-3.7879878509274025, 53.325254367106275], [-3.7782975240248327, 53.329032163755116], [-3.7642632574762827, 53.318667439616], [-3.7390349926092465, 53.31411471032125], [-3.7387008434057094, 53.305493584635435], [-3.7321849339367397, 53.30035965585625], [-3.714809175352821, 53.294838260754105], [-3.6965980437600594, 53.29328839546227], [-3.680725956592057, 53.29445079443114], [-3.6544952441144103, 53.2921259964934], [-3.6344462919021963, 53.29454766101188], [-3.621748622167794, 53.29047926462083], [-3.6010313715485056, 53.2916416635897], [-3.557591975088709, 53.30200638772882], [-3.5119806088059216, 53.31673010800121], [-3.502958580310425, 53.31789250697008], [-3.4884230899565702, 53.32602929975219], [-3.4723839281867983, 53.32990396298177], [-3.4469885887179936, 53.33319742672691], [-3.412738295355462, 53.34259348505863], [-3.3611122434090106, 53.3538300084244], [-3.3333778595154477, 53.35596107320067], [-3.3081495946484116, 53.354120608166625], [-3.309653266064327, 53.34404648376972], [-3.2982921931440723, 53.33203502775804], [-3.2732310028788048, 53.320701637811524], [-3.2640418997815406, 53.32370450181445], [-3.259865034737329, 53.31605204193603], [-3.2356392174809034, 53.3058810509584], [-3.2012218495166023, 53.29357899520449], [-3.1875217321715894, 53.28360173738833], [-3.16162516889748, 53.26839368421224], [-3.142745738897645, 53.25928822562274], [-3.132721262791538, 53.25831955981535], [-3.129880994561474, 53.253669963939856], [-3.069399988721295, 53.22974391849722], [-3.0590413634116507, 53.22141339255363], [-3.0378228889870575, 53.21831366196997], [-2.9339024866870806, 53.18131062812751], [-2.920202369342068, 53.1805356954816]]]]}}, {"type": "Feature", "properties": {"id": "TLM", "name": "Scotland"}, "geometry": {"type": "MultiPolygon", "coordinates": [[[[-0.9473854716601986, 60.673359448836436], [-0.9677685730759498, 60.67781531155045], [-0.9659307524564973, 60.68449910562147], [-0.9811345412174264, 60.688664368593265], [-0.9704417667042451, 60.69893222615164], [-0.9714442143148556, 60.70803768474114], [-0.9806333174121207, 60.7180149425573], [-0.9569087239610008, 60.72150213946392], [-0.9620880366158229, 60.735354060509664], [-0.9607514398016752, 60.74397518619547], [-0.9457147256425147, 60.74397518619547], [-0.9405354129876926, 60.74949658129761], [-0.9410366367929974, 60.76160490389004], [-0.9346878019257963, 60.77516622519356], [-0.93435365272226, 60.78339988455641], [-0.9549038287397789, 60.79134294417704], [-0.94838791927081, 60.79783300508658], [-0.9326829067045752, 60.80383873309242], [-0.9259999226338369, 60.8104256605827], [-0.9286731162621322, 60.81710945465372], [-0.9129681036958983, 60.816140788846326], [-0.9086241640499182, 60.825924313501005], [-0.8949240467049053, 60.83067077595724], [-0.8960935689172844, 60.84210103248449], [-0.8750421690944599, 60.845685095971845], [-0.8671896628113425, 60.834061106283116], [-0.8728701992714694, 60.81197552587453], [-0.8671896628113425, 60.80567919812647], [-0.8531553962627925, 60.82040291839886], [-0.8561627390946249, 60.82447131478992], [-0.8464724121920542, 60.83551410499421], [-0.8125562680330587, 60.83299557389498], [-0.8000256729004249, 60.83435170602534], [-0.7863255555554121, 60.82669924614692], [-0.7799767206882109, 60.81914365284925], [-0.804369612546405, 60.81003819425975], [-0.798354926882741, 60.80471053231908], [-0.7878292269713283, 60.80471053231908], [-0.7789742730776004, 60.79870480431323], [-0.7808120936970528, 60.780203287392006], [-0.8028659411304888, 60.786402748559325], [-0.8088806267941528, 60.7843685503638], [-0.8254210123692296, 60.78959934572373], [-0.8347771900682632, 60.785627815913415], [-0.8209099981214818, 60.78097822003792], [-0.8028659411304888, 60.758505173306375], [-0.8414601741390006, 60.76063623808265], [-0.847307785200897, 60.75375871085015], [-0.8356125630771052, 60.75133704633166], [-0.8157306854666597, 60.75259631188128], [-0.8138928648472064, 60.742522187484376], [-0.8204087743161761, 60.735257193928916], [-0.8381186821036319, 60.7285733998579], [-0.839288204316011, 60.723730070820935], [-0.8585017835193831, 60.718402408880266], [-0.8593371565282251, 60.71326848010108], [-0.8706982294484797, 60.70222568989678], [-0.8628457231653623, 60.696801161375376], [-0.847307785200897, 60.693895163953194], [-0.8339418170594204, 60.696607428213895], [-0.8344430408647261, 60.68304610691038], [-0.8429638455549169, 60.6833367066526], [-0.8538236946698667, 60.674134381482354], [-0.8825605261740401, 60.680624442391895], [-0.9044472990057066, 60.6833367066526], [-0.9133022528994346, 60.69011736730435], [-0.9234938036073101, 60.68624270407478], [-0.927169444846216, 60.68014010948819], [-0.9473854716601986, 60.673359448836436]]], [[[-0.8865703166164831, 60.65960439437144], [-0.9019411799791799, 60.6627041249551], [-0.9026094783862542, 60.66764432057281], [-0.9188157147577938, 60.67287511593274], [-0.912299805288824, 60.67936517684228], [-0.8932533006872205, 60.6754905136127], [-0.8859020182094088, 60.670744051156476], [-0.8865703166164831, 60.65960439437144]]], [[[-1.002520090243788, 60.596931716633044], [-1.0145494615711161, 60.60264684489667], [-0.9996798220137242, 60.611364837163215], [-0.997340777588966, 60.619307896783845], [-0.9691051698900974, 60.61291470245504], [-0.979296720597973, 60.60797450683734], [-0.980132093606815, 60.60293744463888], [-1.002520090243788, 60.605940308641806], [-1.002520090243788, 60.596931716633044]]], [[[-0.8874056896253251, 60.562059747566856], [-0.9001033593597274, 60.570002807187485], [-0.9086241640499182, 60.57164953906006], [-0.9141376259082774, 60.58385472823322], [-0.9458818002442833, 60.61398023484318], [-0.9470513224566623, 60.6206640289142], [-0.9268352956426797, 60.627444689565955], [-0.9148059243153508, 60.627444689565955], [-0.8991009117491169, 60.6206640289142], [-0.8859020182094088, 60.62260136052899], [-0.8691945580325635, 60.632869218087365], [-0.8569981121034669, 60.629478887761486], [-0.8321039964399679, 60.626572890339304], [-0.82324904254624, 60.621051495237154], [-0.8245856393603876, 60.60797450683734], [-0.8182368044931865, 60.60187191225075], [-0.8006939713074992, 60.599740847474486], [-0.7936768380332238, 60.607877640256596], [-0.7826499143165062, 60.61194603664765], [-0.7657753795378923, 60.60448730993072], [-0.7707876175909458, 60.59237898733829], [-0.7921731666173075, 60.58240172952213], [-0.789165823785476, 60.57775213364664], [-0.8028659411304888, 60.572811938028934], [-0.8163989838737331, 60.575330469128154], [-0.8295978774134412, 60.58317666216804], [-0.8456370391832122, 60.58385472823322], [-0.8596713057317622, 60.5936382528879], [-0.8710323786520169, 60.59024792256202], [-0.8909142562624623, 60.59296018682273], [-0.8972630911296635, 60.588794923850934], [-0.8899118086518518, 60.583467261910265], [-0.8757104675015333, 60.581336197134], [-0.8636810961742052, 60.56680621002309], [-0.8733714230767751, 60.567290542926784], [-0.8874056896253251, 60.562059747566856]]], [[[-1.2197170725427737, 60.510623593194225], [-1.2354220851090085, 60.5149825893275], [-1.226065907409975, 60.5186635193956], [-1.2197170725427737, 60.510623593194225]]], [[[-1.1116198051985862, 60.48282288452202], [-1.1216442813046932, 60.488247413043425], [-1.1518847842247828, 60.48795681330121], [-1.1527201572336248, 60.494543740791485], [-1.1657519761715642, 60.49735287163293], [-1.1724349602423025, 60.50752386261057], [-1.1732703332511445, 60.52031025126817], [-1.189476569622684, 60.54704542755225], [-1.1806216157289562, 60.55440728768844], [-1.1837960331625572, 60.5621566141476], [-1.195157106082812, 60.561866014405375], [-1.202341313958855, 60.56699994318457], [-1.197162001304033, 60.579108265776995], [-1.1893094950209155, 60.58104559739178], [-1.2008376425429388, 60.59547871792195], [-1.1888082712156107, 60.62202016104455], [-1.1876387490032316, 60.6339347504755], [-1.16625319997687, 60.650014602878244], [-1.1547250524548467, 60.645268140422004], [-1.1545579778530781, 60.62812275563113], [-1.1480420683841084, 60.62250449394825], [-1.132169981216106, 60.61988909626828], [-1.1239833257294514, 60.611171104001734], [-1.1166320432516397, 60.61281783587431], [-1.1296638621895791, 60.62376375949786], [-1.146204247764656, 60.627638422727436], [-1.1465383969681922, 60.64536500700275], [-1.1375163684726965, 60.65679526353], [-1.1376834430744642, 60.66774118715355], [-1.1284943399772, 60.67926831026154], [-1.1335065780302536, 60.688373768851044], [-1.1299980113931154, 60.695735628987244], [-1.135344398649706, 60.704744220996005], [-1.1231479527206094, 60.716368210684735], [-1.1279931161718943, 60.72682980140459], [-1.1091136861720594, 60.730898197795646], [-1.0827158990926442, 60.72576426901646], [-1.0681804087387894, 60.72867026643864], [-1.0519741723672489, 60.72702353456607], [-1.0419496962611419, 60.722664538432795], [-1.0327605931638777, 60.729929531988255], [-1.0140482377658104, 60.721017806560226], [-0.999345672810187, 60.71966167442987], [-1.009370148916294, 60.712881013778116], [-0.9990115236066499, 60.69806042692499], [-1.0018517918367138, 60.69331396446876], [-0.9936651363500602, 60.67733097864675], [-0.997340777588966, 60.668709852960944], [-0.98932119670408, 60.65321120004264], [-0.9995127474119556, 60.649045937070845], [-0.9963383299783555, 60.64168407693465], [-1.0167214313941058, 60.63858434635099], [-1.0327605931638777, 60.64294334248426], [-1.043453367677058, 60.65059580236267], [-1.0509717247566384, 60.644590074356834], [-1.038274055022236, 60.63015695382666], [-1.023070266261307, 60.62870395511557], [-1.0192275504206325, 60.61659563252314], [-1.0279154297125919, 60.60555284231885], [-1.0556498136061547, 60.607683907095115], [-1.0675121103317151, 60.60429357676924], [-1.0606620516592082, 60.597900382440436], [-1.0307556979426558, 60.597028583213785], [-1.0177238790047172, 60.58240172952213], [-1.003021314049093, 60.58104559739178], [-1.0095372235180626, 60.57213387196376], [-1.0040237616597034, 60.5685498084764], [-1.016220207588801, 60.5584756840795], [-1.0137140885622742, 60.54878902600556], [-1.0379399058186998, 60.547529760455944], [-1.0404460248452265, 60.54162089903084], [-1.0352667121904044, 60.52999690934211], [-1.024239788473686, 60.518760385976336], [-1.0356008613939407, 60.4994839364092], [-1.050303426349565, 60.49115341046561], [-1.0686816325440942, 60.48970041175451], [-1.0868927641368558, 60.498321537440326], [-1.116464968649871, 60.4930907420804], [-1.0975855386500362, 60.490184744658215], [-1.1116198051985862, 60.48282288452202]]], [[[-0.7975195538738982, 60.40949488290229], [-0.7948463602456028, 60.41433821193925], [-0.7692839461750305, 60.42489666923985], [-0.761097290688376, 60.418212875168834], [-0.7819816159094328, 60.418212875168834], [-0.7975195538738982, 60.40949488290229]]], [[[-1.0416155470576056, 60.350793734974204], [-1.04545826289828, 60.3618365251785], [-1.034264264579793, 60.36997331796061], [-1.0254093106860651, 60.36948898505691], [-1.0416155470576056, 60.350793734974204]]], [[[-1.4317347421869382, 60.34507860671058], [-1.4517836943991522, 60.3485658036172], [-1.4756753624520407, 60.37433231409388], [-1.4581325292663534, 60.37384798119018], [-1.4509483213903103, 60.38556883745965], [-1.4292286231604114, 60.391380832304016], [-1.4223785644879055, 60.38624690352483], [-1.4081772233375869, 60.38363150584486], [-1.3916368377625101, 60.37636651228941], [-1.382447734665245, 60.37617277912793], [-1.3787720934263392, 60.367842253184335], [-1.3809440632493288, 60.35834932827188], [-1.394477105992574, 60.35108433471642], [-1.4100150439570394, 60.34614413909871], [-1.4258871311250427, 60.34827520387498], [-1.4317347421869382, 60.34507860671058]]], [[[-1.0050262092703148, 60.32638335662787], [-1.0255763852878337, 60.334713882571464], [-1.0354337867921721, 60.33413268308702], [-1.0377728312169312, 60.34110707690026], [-1.0220678186506964, 60.345659806195016], [-1.0183921774117906, 60.35844619485262], [-1.0038566870579357, 60.36638925447325], [-0.9737832587396138, 60.371329450090954], [-0.9702746921024765, 60.37907877655011], [-0.9229925798020053, 60.375107246739795], [-0.9348548765275648, 60.367067320538425], [-0.9502257398902625, 60.350890601554944], [-0.9650953794476544, 60.34236634244987], [-0.9736161841378461, 60.34139767664248], [-0.9787954967926673, 60.33142041882632], [-1.0050262092703148, 60.32638335662787]]], [[[-1.392472210771352, 60.32134629442942], [-1.40132716466508, 60.32444602501308], [-1.3936417329837312, 60.340913343738784], [-1.3862904505059195, 60.342850675353574], [-1.3759318251962753, 60.337426146832165], [-1.3826148092670136, 60.32677082295083], [-1.392472210771352, 60.32134629442942]]], [[[-1.6912015987333424, 60.314953100100624], [-1.7189359826269053, 60.31989329571833], [-1.737481263423204, 60.33771674657438], [-1.7319678015648448, 60.345659806195016], [-1.7124200731579355, 60.34459427380688], [-1.70339804466244, 60.34139767664248], [-1.676164884574182, 60.34314127509579], [-1.6658062592645377, 60.33984781135065], [-1.6646367370521586, 60.333745216764065], [-1.6912015987333424, 60.314953100100624]]], [[[-1.4728350942219777, 60.31098157029031], [-1.4821912719210104, 60.3210556946872], [-1.4877047337793696, 60.3343264162485], [-1.477513183071494, 60.34110707690026], [-1.4584666784698905, 60.3316141519878], [-1.4466043817443301, 60.329192487469314], [-1.4507812467885417, 60.32279929314051], [-1.4728350942219777, 60.31098157029031]]], [[[-1.5879494948404398, 60.1907701435927], [-1.6053252534243585, 60.19958500243998], [-1.5871141218315978, 60.21004659315984], [-1.5679005426282258, 60.20336279908882], [-1.5632224537787094, 60.194547940241534], [-1.5852763012121445, 60.19512913972597], [-1.5879494948404398, 60.1907701435927]]], [[[-1.3605609618335786, 60.13904338947785], [-1.369248841125538, 60.142627452965215], [-1.3670768713025474, 60.14805198148662], [-1.350369411125703, 60.14727704884071], [-1.3605609618335786, 60.13904338947785]]], [[[-1.0140482377658104, 60.13139092959944], [-1.023070266261307, 60.1340063272794], [-1.0324264439603406, 60.1418525203193], [-1.0290849519249718, 60.15105484548954], [-1.0046920600667777, 60.149795579939926], [-1.0080335521021464, 60.134490660183104], [-1.0140482377658104, 60.13139092959944]]], [[[-2.0651145574911363, 60.10969281551381], [-2.0682889749247364, 60.11657034274631], [-2.0866671811192665, 60.11957320674923], [-2.0910111207652458, 60.12800059927356], [-2.1167406094375876, 60.1340063272794], [-2.112229595189839, 60.14592091671035], [-2.0734682875795585, 60.157641772979815], [-2.050411992535512, 60.14805198148662], [-2.0398862926241, 60.13952772238155], [-2.045566829084227, 60.135362459409755], [-2.053586409969113, 60.11395494506635], [-2.0651145574911363, 60.10969281551381]]], [[[-1.0728584975883058, 60.10271842170057], [-1.0813793022784965, 60.106593084930154], [-1.1109515067915128, 60.11395494506635], [-1.1226467289153037, 60.12151053836402], [-1.1264894447559781, 60.13797785708972], [-1.1174674162604816, 60.14030265502747], [-1.1127893274109653, 60.148923780713275], [-1.1224796543135351, 60.15919163827165], [-1.1383517414815385, 60.16345376782418], [-1.1470396207734979, 60.17352789222108], [-1.1299980113931154, 60.18408634952168], [-1.116130819446334, 60.17904928732323], [-1.089231808561614, 60.17866182100027], [-1.0850549435174024, 60.185539348232766], [-1.076367064225443, 60.18767041300904], [-1.0693499309511685, 60.17372162538256], [-1.073192646791843, 60.15899790511017], [-1.050303426349565, 60.16064463698274], [-1.0487997549336487, 60.15221724445841], [-1.0521412469690175, 60.14175565373856], [-1.0621657230751245, 60.138849656316374], [-1.0685145579423256, 60.129066131661695], [-1.0688487071458628, 60.11318001242043], [-1.0728584975883058, 60.10271842170057]]], [[[-1.3024190004181575, 60.09903749163247], [-1.3047580448429157, 60.10610875202645], [-1.2977409115686402, 60.10862728312568], [-1.3009153290022413, 60.124513402366944], [-1.2827041974094797, 60.125578934755076], [-1.2862127640466179, 60.10668995151089], [-1.3024190004181575, 60.09903749163247]]], [[[-1.3677451697096217, 60.04111127635031], [-1.3781037950192658, 60.047310737517634], [-1.3600597380282728, 60.05225093313534], [-1.3533767539575345, 60.06232505753224], [-1.3570523951964404, 60.06997751741065], [-1.3495340381168601, 60.075208312770584], [-1.3550474999752193, 60.0791798425809], [-1.3426839794443541, 60.08838216775114], [-1.3284826382940356, 60.091385031754065], [-1.3298192351081832, 60.10543068596128], [-1.3101044320995063, 60.107561750737545], [-1.316286192364939, 60.09603462762956], [-1.334330249355931, 60.08072970787273], [-1.3420156810372799, 60.05748172849527], [-1.3597255888247357, 60.04421100693397], [-1.3677451697096217, 60.04111127635031]]], [[[-1.3368363683824578, 60.040336343704396], [-1.3396766366125217, 60.04798880358281], [-1.3313229065240995, 60.053510198684954], [-1.3276472652851936, 60.075208312770584], [-1.33232535413471, 60.07753311070833], [-1.3075983130729796, 60.09622836079103], [-1.296237240152725, 60.0924505641422], [-1.3248069970551297, 60.05070106784351], [-1.3368363683824578, 60.040336343704396]]], [[[-1.1746069300652922, 59.989771988558424], [-1.181456988737799, 59.992387386238384], [-1.1849655553749363, 60.002364644054545], [-1.1719337364369968, 60.00333330986194], [-1.1589019174990582, 59.994518451014656], [-1.1746069300652922, 59.989771988558424]]], [[[-1.2770236609493528, 59.852318310489196], [-1.2755199895334366, 59.85541804107286], [-1.2935640465244296, 59.874985090382225], [-1.3097702828959692, 59.86200496856314], [-1.3166203415684752, 59.869463695280075], [-1.306261716258832, 59.88166888445324], [-1.31829108758616, 59.89174300885014], [-1.3189593859932343, 59.89755500369451], [-1.340344935019596, 59.89862053608264], [-1.34635962068326, 59.89426153994936], [-1.3754306013909705, 59.88874014484722], [-1.3842855552846984, 59.891839875430875], [-1.385288002895309, 59.901720266666295], [-1.3923051361695835, 59.91315052319355], [-1.368413468116695, 59.917025186423125], [-1.3707525125414532, 59.925258845785976], [-1.3618975586477262, 59.94511649483755], [-1.353543828559303, 59.943276029803506], [-1.3313229065240995, 59.94560082774125], [-1.338340039798374, 59.95393135368484], [-1.3301533843117204, 59.97223913744459], [-1.3468608444885648, 59.996940115533135], [-1.3361680699753844, 60.00565810779968], [-1.3207972066126867, 60.00837037206039], [-1.3212984304179924, 60.01912256252246], [-1.3060946416570633, 60.03946454447774], [-1.3029202242234623, 60.06058145907893], [-1.29456649413504, 60.06939631792622], [-1.2890530322766809, 60.084120038198606], [-1.2806993021882587, 60.093128630207374], [-1.270173602276846, 60.125578934755076], [-1.2710089752856888, 60.13555619257123], [-1.2970726131615669, 60.131584662760915], [-1.3030872988252309, 60.13855905657415], [-1.2905567036925971, 60.14727704884071], [-1.302251925816389, 60.148923780713275], [-1.2957360163474192, 60.169459495830026], [-1.2868810624536913, 60.18156781842245], [-1.3020848512146204, 60.18214901790689], [-1.3111068797101169, 60.16558483260045], [-1.325475295462203, 60.17536835725513], [-1.3156178939578647, 60.19057641043122], [-1.3024190004181575, 60.22709511136998], [-1.2918933005067448, 60.23455383808691], [-1.3049251194446843, 60.23561937047504], [-1.313445924134875, 60.2264170453048], [-1.3406790842231322, 60.204525198057695], [-1.3480303667009448, 60.216149187746424], [-1.3593914396211995, 60.216342920907906], [-1.3637353792671787, 60.22331731472114], [-1.3602268126300414, 60.22893557640403], [-1.3689146919220008, 60.23474757124839], [-1.3694159157273065, 60.245887228033425], [-1.3819465108599402, 60.24985875784374], [-1.3938088075854997, 60.24414362958011], [-1.406172328116365, 60.24259376428828], [-1.388462420328909, 60.235038170990606], [-1.376433049001581, 60.2364911697017], [-1.3737598553732857, 60.22137998310635], [-1.3607280364353462, 60.21372752322794], [-1.376098899798044, 60.209077927352446], [-1.3791062426298764, 60.20326593250808], [-1.3966490758155636, 60.20568759702657], [-1.4068406265234392, 60.19435420708005], [-1.4080101487358183, 60.177596288612136], [-1.4208748930719892, 60.16451930021232], [-1.4349091596205392, 60.169362629249285], [-1.4384177262576765, 60.179339887065446], [-1.4504470975850046, 60.171299960864076], [-1.4519507690009208, 60.152410977619894], [-1.4628106181158698, 60.14989244652067], [-1.470328975195451, 60.15909477169091], [-1.5105939542216476, 60.16471303337379], [-1.5102598050181104, 60.173915358544036], [-1.52212210174367, 60.18001795313062], [-1.5398320095311258, 60.18234275106837], [-1.5450113221859478, 60.18796101275125], [-1.5460137697965584, 60.198228870309634], [-1.5283038620091034, 60.20733432889914], [-1.5042451193544464, 60.20859359444875], [-1.505581716168594, 60.22845124350033], [-1.520451355725986, 60.22941990930772], [-1.5209525795312908, 60.21963638465304], [-1.5376600397081361, 60.21556798826199], [-1.5628883045751722, 60.203459665669556], [-1.5548687236902863, 60.217892786199734], [-1.5628883045751722, 60.22186431601005], [-1.575418899707806, 60.21915205174935], [-1.6024849851942955, 60.22089565020265], [-1.597472747141242, 60.21208079135537], [-1.612676535902171, 60.2099497265791], [-1.6392413975833549, 60.21353379006646], [-1.6490987990876933, 60.216924120392335], [-1.6551134847513573, 60.226901378208495], [-1.6841844654590679, 60.23629743654022], [-1.6978845828040807, 60.24724336016377], [-1.6868576590873632, 60.250439957328176], [-1.6992211796182284, 60.2561550855918], [-1.6841844654590679, 60.26971640689531], [-1.6851869130696784, 60.28104979684183], [-1.6987199558129227, 60.28366519452179], [-1.7027297462553657, 60.28918658962394], [-1.6866905844855946, 60.30100431247415], [-1.6638013640433167, 60.30439464280003], [-1.63322671191969, 60.30497584228446], [-1.60632770103497, 60.307784973125905], [-1.5973056725394734, 60.3045883759615], [-1.5949666281147152, 60.29635471659866], [-1.5861116742209873, 60.29635471659866], [-1.5737481536901212, 60.28773359091285], [-1.5506918586460756, 60.306041374672596], [-1.5369917413010628, 60.307881839706646], [-1.5314782794427035, 60.312047102678434], [-1.5107610288234152, 60.31902149649167], [-1.4965596876730975, 60.31718103145763], [-1.4893754797970535, 60.298001448471226], [-1.4813558989121685, 60.30313537725041], [-1.4499458737796997, 60.3082693060296], [-1.4593020514787325, 60.31369383455101], [-1.4551251864345218, 60.317568497780584], [-1.4230468628949788, 60.32512409107826], [-1.4123540883817975, 60.320183895460545], [-1.3877941219218357, 60.31369383455101], [-1.3897990171430568, 60.30526644202668], [-1.3791062426298764, 60.297710848729004], [-1.3802757648422554, 60.28734612458989], [-1.3695829903290742, 60.28569939271732], [-1.367243945904316, 60.29742024898679], [-1.3580548428070518, 60.300423112989705], [-1.3662414982937054, 60.30662257415703], [-1.3697500649308427, 60.32347735920569], [-1.3665756474972426, 60.327642622177486], [-1.3702512887361484, 60.33674808076699], [-1.3558828729840613, 60.34507860671058], [-1.3466937698867971, 60.33887914554325], [-1.3344973239576996, 60.33868541238178], [-1.3386741890019112, 60.34779087097128], [-1.3339961001523948, 60.35292479975047], [-1.3410132334266693, 60.35747752904522], [-1.3069300146659053, 60.35873679459483], [-1.287382286258997, 60.363289523889584], [-1.3019177766128518, 60.369779584799126], [-1.3328265779400157, 60.36755165344212], [-1.3508706349310078, 60.367842253184335], [-1.3497011127186287, 60.38188790739155], [-1.3570523951964404, 60.394868029210635], [-1.3674110205060845, 60.39079963281958], [-1.3826148092670136, 60.37714144493532], [-1.4098479693552708, 60.38653750326704], [-1.4098479693552708, 60.400292557732044], [-1.4156955804171671, 60.40445782070384], [-1.4125211629835661, 60.41753480910366], [-1.430231070771022, 60.4134664127126], [-1.4527861420097627, 60.41598494381182], [-1.4481080531602464, 60.4235405371095], [-1.4572971562575114, 60.42954626511534], [-1.4509483213903103, 60.43419586099083], [-1.4492775753726255, 60.444269985387734], [-1.4618081705052592, 60.4500819802321], [-1.4696606767883766, 60.460349837790474], [-1.462309394310565, 60.46529003340818], [-1.4430958151071929, 60.464902567085225], [-1.4447665611248777, 60.47003649586442], [-1.4646484387353231, 60.46722736502297], [-1.465483811744165, 60.475848490708785], [-1.4532873658150685, 60.48785994672047], [-1.4629776927176383, 60.489991011496734], [-1.4806876005050942, 60.47691402309691], [-1.4833607941333895, 60.464805700504485], [-1.4942206432483394, 60.45734697378755], [-1.511596401832258, 60.462093436243784], [-1.5049134177615198, 60.47507355806287], [-1.493552344841265, 60.47759208916209], [-1.4965596876730975, 60.48369468374867], [-1.5237928477613547, 60.478560754969486], [-1.5363234428939885, 60.48001375368057], [-1.5483528142213174, 60.48979727833526], [-1.5578760665221187, 60.48960354517378], [-1.5643919759910885, 60.48350095058719], [-1.585109226610376, 60.48175735213388], [-1.595133702716483, 60.476720289935436], [-1.630386443689627, 60.48146675239167], [-1.6302193690878584, 60.48882861252786], [-1.6166863263446132, 60.4985152706018], [-1.6128436105039388, 60.507136396287606], [-1.5767554965219537, 60.50393979912321], [-1.5764213473184165, 60.50878312816018], [-1.566229796610541, 60.51566065539268], [-1.5692371394423734, 60.526897178758446], [-1.5598809617433398, 60.5452049625182], [-1.5343185476727674, 60.555472820076574], [-1.5194489081153755, 60.547723493617426], [-1.5226233255489756, 60.53716503631683], [-1.5182793859029955, 60.53174050779542], [-1.4873705845758325, 60.52118205049482], [-1.4676557815671556, 60.51023612687127], [-1.4497787991779312, 60.504617865188386], [-1.427390802540959, 60.508008195514265], [-1.4290615485586429, 60.51323899087419], [-1.4451007103284148, 60.50936432764462], [-1.464314289531786, 60.51537005565046], [-1.4821912719210104, 60.530578108826546], [-1.4925498972306546, 60.53299977334503], [-1.4973950606819395, 60.54171776561158], [-1.493218195637728, 60.54627049490633], [-1.4740046164343568, 60.552179356331436], [-1.4725009450184405, 60.5607036154365], [-1.4593020514787325, 60.56419081234312], [-1.4501129483814683, 60.571940138802276], [-1.434240861213465, 60.57474926964372], [-1.4337396374081601, 60.581626796876215], [-1.4452677849301825, 60.58811685778576], [-1.4347420850187707, 60.603228044381105], [-1.4190370724525359, 60.611364837163215], [-1.4183687740454625, 60.61562696671575], [-1.390133166346594, 60.61262410271283], [-1.3757647505945076, 60.60671524128772], [-1.3497011127186287, 60.61000870503286], [-1.3500352619221658, 60.62047029575272], [-1.3388412636036797, 60.624926158466735], [-1.3141142225419484, 60.62444182556304], [-1.3007482544004727, 60.6206640289142], [-1.30860076068359, 60.60351864412333], [-1.3044238956393786, 60.59576931766417], [-1.3169544907720123, 60.585307726944315], [-1.3356668461700787, 60.58327352874879], [-1.3137800733384122, 60.57106833957562], [-1.3151166701525598, 60.54443002987228], [-1.321465505019761, 60.53668070341313], [-1.3522072317451554, 60.539489834254574], [-1.3597255888247357, 60.52699404533919], [-1.3408461588249008, 60.52990004276137], [-1.3418486064355113, 60.52350684843257], [-1.3241386986480554, 60.51052672661349], [-1.3351656223647739, 60.50684579654539], [-1.3373375921877635, 60.4889254791086], [-1.3530426047539983, 60.48175735213388], [-1.3339961001523948, 60.47797955548505], [-1.3354997715683101, 60.48495394929829], [-1.3224679526303715, 60.49744973821367], [-1.3111068797101169, 60.48485708271755], [-1.3167874161702438, 60.479335687615404], [-1.3278143398869622, 60.480304353422795], [-1.3249740716568983, 60.46964902954146], [-1.333160727143552, 60.46180283650156], [-1.3201289082056133, 60.45172871210467], [-1.334330249355931, 60.44804778203657], [-1.3547133507716822, 60.43845799054337], [-1.3635683046654101, 60.42925566537313], [-1.3595585142229671, 60.41162594767855], [-1.3735927807715171, 60.41172281425929], [-1.3837843314793927, 60.3974834268906], [-1.3545462761699136, 60.3997113582476], [-1.345524247674418, 60.407460684706756], [-1.3441876508602704, 60.4267371342739], [-1.3341631747541634, 60.435261393378966], [-1.319126460595002, 60.437101858413016], [-1.295401867143882, 60.44388251906477], [-1.2788614815688053, 60.437973657639674], [-1.2588125293565913, 60.445044918033645], [-1.2746846165245946, 60.456668907722374], [-1.288217659267839, 60.45705637404534], [-1.3009153290022413, 60.46248090256674], [-1.3007482544004727, 60.47168322773699], [-1.2883847338696075, 60.474589225159164], [-1.287382286258997, 60.48262915136054], [-1.2731809451086784, 60.48543828220198], [-1.269338229268004, 60.47681715651618], [-1.2466160834274946, 60.48505081587902], [-1.2431075167903574, 60.49221894285374], [-1.2270683550205854, 60.49444687421075], [-1.206351104401298, 60.483791550329414], [-1.201171791746476, 60.470327095606635], [-1.2081889250207505, 60.46800229766889], [-1.2060169551977609, 60.45783130669125], [-1.194321733073969, 60.4633527017934], [-1.1784496459059666, 60.46064043753269], [-1.178282571304198, 60.45308484423502], [-1.2020071647553179, 60.44456058512995], [-1.174272780861755, 60.446401050164], [-1.1650836777644908, 60.439814122673724], [-1.1769459744900503, 60.437198724993756], [-1.1669214983839433, 60.42218440497915], [-1.1891424204191479, 60.422862471044326], [-1.1953241806845805, 60.43148359673013], [-1.2299086232506493, 60.41443507851999], [-1.250458799268169, 60.40726695154528], [-1.2466160834274946, 60.404651553865314], [-1.2038449853747712, 60.41801914200735], [-1.19749615050757, 60.411141614774856], [-1.2213878185604585, 60.40436095412309], [-1.2168768043127107, 60.40087375721647], [-1.176611825286514, 60.41317581297038], [-1.1679239459945538, 60.40804188419119], [-1.1709312888263863, 60.40377975463866], [-1.1607397381185107, 60.38934663410849], [-1.1523860080300885, 60.39283383101511], [-1.1528872318353933, 60.402133022766094], [-1.1400224874992233, 60.40009882457056], [-1.1338407272337898, 60.40717008496454], [-1.1358456224550117, 60.412788346647424], [-1.1214772067029246, 60.4198596070414], [-1.1139588496233443, 60.41588807723109], [-1.0969172402429628, 60.41830974174957], [-1.0999245830747943, 60.42654340111242], [-1.0641706182963464, 60.44756344913287], [-1.0516400231637126, 60.44979138048988], [-1.0508046501548698, 60.437973657639674], [-1.055482739004387, 60.43187106305309], [-1.068347483340557, 60.42654340111242], [-1.0706865277653161, 60.42199067181767], [-1.085222018119171, 60.41530687774665], [-1.0979196878535733, 60.40581395283419], [-1.1216442813046932, 60.40155182328165], [-1.1411920097116024, 60.38343777268338], [-1.1229808781188408, 60.3773351780968], [-1.1079441639596803, 60.393899363403236], [-1.0909025545792979, 60.387699902235916], [-1.0758658404201373, 60.38837796830109], [-1.080376854667886, 60.37927250971159], [-1.074362169004222, 60.37055451744504], [-1.0787061086502012, 60.35786499536818], [-1.0969172402429628, 60.355540197430436], [-1.118135714667556, 60.345272339872054], [-1.1311675336054954, 60.35021253548977], [-1.153388455640699, 60.34972820258607], [-1.1659190507733328, 60.35311853291195], [-1.1751081538705979, 60.34672533858315], [-1.1739386316582188, 60.33171101856854], [-1.1659190507733328, 60.32803008850044], [-1.1584006936937525, 60.33713554708994], [-1.1236491765259151, 60.32357422578643], [-1.0989221354641838, 60.32134629442942], [-1.085222018119171, 60.325802157143436], [-1.0927403751987512, 60.310400370805866], [-1.0990892100659524, 60.30371657673485], [-1.116464968649871, 60.3028447775082], [-1.133339503428485, 60.29286751969204], [-1.1599043651096688, 60.28075919709961], [-1.1503811128088666, 60.27601273464338], [-1.096416016437657, 60.26351694572799], [-1.105270970331385, 60.258286150368065], [-1.1211430574993884, 60.26322634598578], [-1.144533501746971, 60.25450835371923], [-1.1565628730742992, 60.242206297965325], [-1.179452093516577, 60.2455966282912], [-1.172267885640534, 60.258189283787324], [-1.1878058236050002, 60.25906108301398], [-1.1936534346668957, 60.26729474237683], [-1.2033437615694655, 60.26322634598578], [-1.2056828059942237, 60.25373342107331], [-1.195491255286349, 60.25305535500814], [-1.1958254044898853, 60.243853029837894], [-1.2073535520119085, 60.23823476815501], [-1.2248963851975958, 60.23571623705578], [-1.2314122946665655, 60.22971050904994], [-1.212031640861425, 60.22816064375811], [-1.1959924790916538, 60.23445697150617], [-1.194321733073969, 60.222348648913744], [-1.203176686967697, 60.212468257678324], [-1.2147048344897202, 60.20549386386509], [-1.2060169551977609, 60.20326593250808], [-1.1973290759058015, 60.21043405948279], [-1.1737715570564502, 60.22399538078631], [-1.170262990419313, 60.2168272538116], [-1.1809557649324933, 60.21198392477463], [-1.187471674401463, 60.20413773173473], [-1.187137525197926, 60.19609780553336], [-1.2061840297995294, 60.18224588448763], [-1.196326628295191, 60.18137408526098], [-1.1786167205077351, 60.192513742046], [-1.1578994698884468, 60.198228870309634], [-1.1587348428972897, 60.189026545139384], [-1.149378665198256, 60.18863907881643], [-1.1548921270566153, 60.1797273533884], [-1.1538896794460047, 60.17343102564034], [-1.1645824539591851, 60.16965322899151], [-1.1545579778530781, 60.15986970433683], [-1.142194457322213, 60.15357337658877], [-1.1592360667025945, 60.14902064729401], [-1.1600714397114373, 60.14117445425412], [-1.1724349602423025, 60.14001205528525], [-1.1761106014812084, 60.129744197726865], [-1.1847984807731677, 60.12586953449729], [-1.2040120599765398, 60.13061599695352], [-1.2066852536048351, 60.1239322028825], [-1.1936534346668957, 60.11821707461888], [-1.201171791746476, 60.107271150995324], [-1.2197170725427737, 60.09710016001769], [-1.2068523282066037, 60.08983516646223], [-1.2113633424543515, 60.08179524026086], [-1.2090242980295933, 60.07298038141357], [-1.2130340884720363, 60.065424788115905], [-1.198331523516412, 60.05389766500791], [-1.203510836171234, 60.04760133725985], [-1.1851326299767049, 60.04072381002735], [-1.2340854882948609, 60.03084341879193], [-1.2233927137816796, 60.00759543941447], [-1.2158743567020993, 60.00575497438042], [-1.2096925964366667, 59.99645578262944], [-1.2018400901535493, 59.99384038494948], [-1.208355999622519, 59.9835725273911], [-1.2175451027197841, 59.98589732532884], [-1.2207195201533851, 59.99500278391835], [-1.242439218383283, 59.99219365307691], [-1.2576430071442122, 59.99277485256134], [-1.2708419006839202, 59.97931039783857], [-1.2611515737813495, 59.971076738475716], [-1.254468589710612, 59.95586868529963], [-1.2636576928078762, 59.952187755231535], [-1.2588125293565913, 59.94366349612646], [-1.259313753161897, 59.9346549041177], [-1.2688370054626983, 59.933395638568086], [-1.2678345578520878, 59.92661497791633], [-1.274517541922826, 59.91964058410309], [-1.2855444656395436, 59.9154753211313], [-1.2696723784715411, 59.905110596992174], [-1.2766895117458157, 59.89600513840267], [-1.2720114228962993, 59.885640414263555], [-1.2852103164360065, 59.883121883164335], [-1.2863798386483856, 59.8751788235437], [-1.2715101990909936, 59.870238627925985], [-1.2698394530733097, 59.8582271719143], [-1.2770236609493528, 59.852318310489196]]], [[[-1.6377377261674386, 59.51154167944796], [-1.655280559353126, 59.51686934138862], [-1.6477622022735456, 59.525393600493686], [-1.6459243816540923, 59.539729854443124], [-1.6382389499727434, 59.542635851865306], [-1.6385730991762806, 59.55028831174372], [-1.6081655216544224, 59.552225643358504], [-1.6048240296190537, 59.54757604748302], [-1.6130106851057073, 59.540504787089034], [-1.6160180279375398, 59.532658594049146], [-1.6110057898844863, 59.52597479997813], [-1.6285486230701736, 59.52355313545964], [-1.6273791008577945, 59.51512574293531], [-1.6377377261674386, 59.51154167944796]]], [[[-2.420315160850863, 59.347643424836875], [-2.43033963695697, 59.357426949491554], [-2.4437056050984456, 59.361882812205565], [-2.4410324114701503, 59.37079453763359], [-2.4310079353640432, 59.38019059596532], [-2.4345165020011814, 59.38474332526007], [-2.4069491927093862, 59.38474332526007], [-2.3820550770458873, 59.3926863848807], [-2.3803843310282033, 59.38484019184081], [-2.3975930150103535, 59.38270912706454], [-2.4096223863376816, 59.376219066155], [-2.4119614307624406, 59.367404207307715], [-2.407116267311155, 59.360236080332996], [-2.420315160850863, 59.347643424836875]]], [[[-2.9051656551829073, 59.32323304649054], [-2.9103449678377293, 59.32991684056156], [-2.908005923412971, 59.33621316830963], [-2.9111803408465713, 59.34958075645166], [-2.89731314889979, 59.36178594562483], [-2.8963107012891793, 59.37118200395655], [-2.8906301648290524, 59.38270912706454], [-2.8782666442981872, 59.38474332526007], [-2.8680750935903117, 59.37602533299352], [-2.871917809430986, 59.36691987440402], [-2.8802715395194083, 59.36595120859662], [-2.888792344209599, 59.353746019423454], [-2.877264196687576, 59.341250230508074], [-2.8765958982805024, 59.33437270327558], [-2.882777658545935, 59.326235910493466], [-2.8946399552714954, 59.330594906626736], [-2.9051656551829073, 59.32323304649054]]], [[[-2.8834459569530084, 59.2280131976237], [-2.8861191505813037, 59.2376029891169], [-2.8745910030592814, 59.25532957339222], [-2.8882911204042943, 59.257751237910696], [-2.903661983766991, 59.268503428372775], [-2.912015713855414, 59.27712455405858], [-2.9282219502269538, 59.28555194658291], [-2.947435529430326, 59.28623001264809], [-2.9571258563328957, 59.290007809296924], [-2.966983257837234, 59.287004945294], [-2.9504428722621574, 59.27199062527939], [-2.9639759150054026, 59.2715062923757], [-2.981852897394626, 59.26579116411207], [-3.002737222615683, 59.268794028114996], [-3.0085848336775785, 59.27431542321714], [-3.0249581446508866, 59.27780262012376], [-3.0189434589872226, 59.288554810585836], [-3.0232873986332027, 59.29417307226872], [-3.023120324031434, 59.30511899589227], [-3.033144800137541, 59.312383989447724], [-3.042500977836574, 59.312383989447724], [-3.0658914220841575, 59.3231361799098], [-3.069734137924832, 59.333210304306704], [-3.0533608269515238, 59.32749517604307], [-3.0333118747393097, 59.323329913071284], [-3.0206142050049074, 59.32991684056156], [-3.0080836098722736, 59.32701084313938], [-2.996388387748482, 59.332435371660786], [-2.9793467783680994, 59.335922568567405], [-2.982354121199932, 59.34551236006061], [-2.976673584739805, 59.35316481993902], [-2.9587966023505805, 59.35955801426782], [-2.9440940373949562, 59.350065089355354], [-2.9541185135010632, 59.347837157998356], [-2.9673174070407713, 59.33979723179698], [-2.9522806928816108, 59.33621316830963], [-2.955455110315211, 59.327785775785294], [-2.988368806863596, 59.3209082485528], [-2.9624722435894864, 59.31499938712769], [-2.9562904833240538, 59.30773439357223], [-2.9404183961560504, 59.31015605809072], [-2.939750097748977, 59.30327853085822], [-2.9238780105809736, 59.304344063246354], [-2.9126840122624875, 59.298241468659775], [-2.905666878988213, 59.301728665566394], [-2.8963107012891793, 59.296304137044984], [-2.897146074298022, 59.29039527561988], [-2.8826105839441665, 59.28584254632513], [-2.8842813299618513, 59.27363735715196], [-2.873922704652207, 59.26985956050313], [-2.8562127968647513, 59.268503428372775], [-2.8396724112896745, 59.24932384538637], [-2.8592201396965837, 59.25126117700116], [-2.877598345891113, 59.22975679607701], [-2.8834459569530084, 59.2280131976237]]], [[[-2.7297373233260336, 59.22840066394666], [-2.7421008438568997, 59.23150039453032], [-2.747948454918795, 59.23644059014803], [-2.740764247042752, 59.24796771325602], [-2.7177079519987055, 59.23363145930659], [-2.7297373233260336, 59.22840066394666]]], [[[-2.8211271304933767, 59.2024404203085], [-2.8299820843871046, 59.21309574418983], [-2.8152795194314812, 59.21367694367427], [-2.8211271304933767, 59.2024404203085]]], [[[-2.6899735681051427, 59.18432636971023], [-2.7011675664236288, 59.19536915991452], [-2.701835864830703, 59.20776808224917], [-2.6961553283705753, 59.221038803810465], [-2.664244079432801, 59.228110064204444], [-2.6590647667779788, 59.239055987827996], [-2.6411877843887552, 59.24554604873754], [-2.6289913384596577, 59.25397344126186], [-2.601925252973169, 59.259591702944746], [-2.593070299079441, 59.268794028114996], [-2.5977483879289576, 59.27586528850897], [-2.6146229227075715, 59.282839682322205], [-2.6142887735040343, 59.288361077424355], [-2.597915462530726, 59.29320440646133], [-2.579871405539733, 59.29320440646133], [-2.566672512000026, 59.298047735498294], [-2.5579846327080666, 59.30570019537671], [-2.5290807266021247, 59.29891953472495], [-2.538269829699389, 59.29301067329985], [-2.5528053200532446, 59.29058900878136], [-2.5573163343009924, 59.28342088180665], [-2.5748591674866796, 59.274993489282316], [-2.573856719876069, 59.260657235332886], [-2.5576504835045295, 59.26026976900992], [-2.5407759487259156, 59.26559743095059], [-2.5299160996109666, 59.266566096757984], [-2.4794595698768944, 59.28932974323175], [-2.4625850350982805, 59.28777987793992], [-2.446378798726741, 59.2933981396228], [-2.446712947930278, 59.30385973034266], [-2.425828622709222, 59.312577722609205], [-2.4179761164261047, 59.308315593056676], [-2.422654205275621, 59.30143806582417], [-2.4173078180190304, 59.29669160336795], [-2.4164724450101884, 59.28758614477844], [-2.4047772228863966, 59.27915875225411], [-2.4248261750986106, 59.27615588825119], [-2.43351405439057, 59.28342088180665], [-2.4480495447444257, 59.28313028206443], [-2.473611958814999, 59.27915875225411], [-2.4831352111158003, 59.27441228979788], [-2.4863096285494013, 59.26772849572686], [-2.510535445805826, 59.25290790887373], [-2.5290807266021247, 59.257266905007], [-2.5279112043897456, 59.248645779321194], [-2.5371003074870098, 59.235375057759896], [-2.5504662756284864, 59.23866852150503], [-2.5691786310265528, 59.23401892562954], [-2.5705152278407004, 59.22055447090677], [-2.580372629345039, 59.224622867297825], [-2.579871405539733, 59.2348907248562], [-2.560991975539898, 59.23837792176282], [-2.570348153238932, 59.24486798267236], [-2.5882251356281563, 59.24147765234648], [-2.599252059344874, 59.23285652666067], [-2.6126180274863495, 59.23799045543986], [-2.6309962336808796, 59.23750612253616], [-2.63851459076046, 59.23411579221028], [-2.642524381202903, 59.22171686987564], [-2.6572269461585263, 59.211255279155786], [-2.6680867952734753, 59.20844614831434], [-2.67293195872476, 59.20263415346997], [-2.6881357474856893, 59.20399028560033], [-2.6904747919104484, 59.19633782572191], [-2.6861308522644682, 59.18849163268202], [-2.6899735681051427, 59.18432636971023]]], [[[-5.839998109847517, 59.115938563708205], [-5.82028330683884, 59.13095288372281], [-5.815605217989324, 59.117875895322996], [-5.827467514714884, 59.119522627195565], [-5.839998109847517, 59.115938563708205]]], [[[-2.5850507181945552, 59.14674213638334], [-2.5945739704953574, 59.151972931743266], [-2.5832128975751028, 59.15662252761876], [-2.578367734123818, 59.150035600128476], [-2.5850507181945552, 59.14674213638334]]], [[[-3.119856518455367, 59.139283409666405], [-3.128711472349095, 59.142092540507846], [-3.125871204119031, 59.14848573483665], [-3.10983204234926, 59.14306120631524], [-3.119856518455367, 59.139283409666405]]], [[[-2.7882134339449918, 59.13802414411679], [-2.7895500307591394, 59.146354670060376], [-2.796567164033414, 59.15265099780844], [-2.7943951942104244, 59.159915991363896], [-2.810100206776659, 59.16727785150009], [-2.8136087734137964, 59.17192744737558], [-2.826640592351736, 59.17580211060516], [-2.8276430399623464, 59.18791043319759], [-2.799407432263478, 59.183454570483576], [-2.783702419697244, 59.187716700036106], [-2.7763511372194314, 59.19740335811005], [-2.778021883237116, 59.20815554857212], [-2.7910537021750557, 59.21387067683575], [-2.7830341212901697, 59.22791633104296], [-2.7883805085467603, 59.23779672227838], [-2.7683315563345463, 59.2449648492531], [-2.762818094476187, 59.23179099427254], [-2.7501204247417848, 59.23043486214219], [-2.733580039166708, 59.22316986858673], [-2.7337471137684766, 59.21803593980754], [-2.7442728136798893, 59.20902734779878], [-2.75930952783905, 59.1891696987472], [-2.7558009612019125, 59.157397460264676], [-2.739260575626836, 59.15148859883957], [-2.7417666946533625, 59.143933005541896], [-2.755968035803681, 59.145676603995206], [-2.7721742721752207, 59.14451420502633], [-2.7882134339449918, 59.13802414411679]]], [[[-3.019611757394296, 59.1264970210088], [-3.0401619334118157, 59.1264970210088], [-3.0595425872169564, 59.13424634746795], [-3.0767512711991065, 59.13792727753605], [-3.098303894827237, 59.1503261998707], [-3.1016453868626055, 59.157978659749105], [-3.11300645978286, 59.16049719084833], [-3.118352847039451, 59.17260551344076], [-3.1051539534997437, 59.17890184118882], [-3.103483207482059, 59.18568250184058], [-3.076082972792033, 59.19982502262853], [-3.0678963173053786, 59.195562893076], [-3.0486827381020065, 59.195659759656735], [-3.050019334916154, 59.18374517022579], [-3.03648629217291, 59.1786112414466], [-3.00841775907581, 59.17754570905847], [-2.991877373500733, 59.18016110673843], [-2.978344330757489, 59.186941767390195], [-2.9653125118195502, 59.18636056790575], [-2.965813735624855, 59.175317777701466], [-2.9788455545627945, 59.16320945510904], [-2.968319854651382, 59.14499853793003], [-2.9656466610230865, 59.13502128011387], [-2.9960542385449447, 59.12727195365471], [-3.019611757394296, 59.1264970210088]]], [[[-2.9203694439438364, 59.12494715571697], [-2.933735412085313, 59.13598994592126], [-2.941420843766662, 59.148292001675166], [-2.9407525453595875, 59.166115452531216], [-2.931730516864091, 59.169893249180056], [-2.908005923412971, 59.163693788012736], [-2.918030399519078, 59.138411610439746], [-2.9203694439438364, 59.12494715571697]]], [[[-2.966983257837234, 59.11080463492902], [-2.9805163005804785, 59.11380749893193], [-2.9861968370406062, 59.12087875932591], [-2.9711601228814457, 59.1255283552014], [-2.9547868119081375, 59.12610955468584], [-2.951445319872769, 59.118457094807425], [-2.966983257837234, 59.11080463492902]]], [[[-2.973833316509741, 59.07215486921399], [-2.977843106952184, 59.07903239644649], [-2.988368806863596, 59.080001062253885], [-2.993046895713113, 59.086394256582686], [-2.9833565688105423, 59.08949398716635], [-2.9596319753594225, 59.08745978897082], [-2.958629527748812, 59.08106659464202], [-2.946600156421483, 59.07845119696205], [-2.973833316509741, 59.07215486921399]]], [[[-2.602760625982011, 59.0711862034066], [-2.6086082370439074, 59.0770950648317], [-2.6005886561590215, 59.08775038871303], [-2.6069374910262226, 59.098115112852156], [-2.6321657558932587, 59.107704904345354], [-2.6495415144771775, 59.1046051737617], [-2.657728169963832, 59.10024617762842], [-2.6440280526188182, 59.08571619051751], [-2.65254885730901, 59.07544833295913], [-2.66975754129116, 59.07719193141244], [-2.6796149427954985, 59.074285933990254], [-2.69030771730868, 59.07961359593092], [-2.688636971290995, 59.08678172290564], [-2.679782017397267, 59.09549971517219], [-2.6712612127070763, 59.097727646529194], [-2.670091690494697, 59.108673570152746], [-2.6507110366895565, 59.11245136680159], [-2.629659636866732, 59.11012656886384], [-2.6206376083712355, 59.11806962848447], [-2.6229766527959937, 59.12504402229771], [-2.643693903415282, 59.1328902153376], [-2.6495415144771775, 59.14054267521601], [-2.664912377839875, 59.14974500038626], [-2.6323328304950273, 59.15691312736097], [-2.6258169210260576, 59.149841866966995], [-2.603595998990853, 59.13802414411679], [-2.6077728640350646, 59.12862808578507], [-2.5957434927077365, 59.115744830546724], [-2.58237752456626, 59.11632603003116], [-2.5645005421770364, 59.120297559841475], [-2.5396064265135365, 59.119522627195565], [-2.551802872442634, 59.112354500220846], [-2.5501321264249492, 59.10111797685508], [-2.5290807266021247, 59.09104385245818], [-2.537768605894084, 59.083681992321985], [-2.5464564851860434, 59.08203526044941], [-2.5668395866017946, 59.08406945864494], [-2.5792031071326598, 59.07593266586283], [-2.5893946578405354, 59.07728879799318], [-2.602760625982011, 59.0711862034066]]], [[[-2.8311516065994837, 59.01752211767696], [-2.8359967700507687, 59.0254651772976], [-2.8513676334134663, 59.02594951020129], [-2.856714020670057, 59.030405372915304], [-2.878433718899955, 59.03282703743379], [-2.910512042439498, 59.02924297394643], [-2.9339024866870806, 59.030405372915304], [-2.934570785094155, 59.03379570324118], [-2.9232097121739002, 59.04541969292991], [-2.924045085182742, 59.050263021966884], [-2.9141876836784038, 59.05626874997273], [-2.916860877306699, 59.06217761139783], [-2.905666878988213, 59.06682720727332], [-2.886453299784841, 59.060143413202304], [-2.869912914209764, 59.056656216295686], [-2.8548762000506036, 59.056656216295686], [-2.8376675160684535, 59.06527734198149], [-2.8400065604932117, 59.07680446508948], [-2.814945370227944, 59.080194795415366], [-2.8127734004049545, 59.08542559077529], [-2.798906208458173, 59.08290705967607], [-2.801746476688236, 59.06857080572664], [-2.8147782956261755, 59.06140267875192], [-2.824301547926977, 59.04696955822175], [-2.8099331321748906, 59.03747663330928], [-2.8055891925289105, 59.02856490788126], [-2.8311516065994837, 59.01752211767696]]], [[[-3.28242010597607, 58.9197837377109], [-3.3081495946484116, 58.92627379862044], [-3.31366305650677, 58.9384789877936], [-3.305142251816579, 58.94061005256987], [-3.282754255179607, 58.93227952662628], [-3.271560256861121, 58.935185524048464], [-3.2657126457992245, 58.929857862107795], [-3.2680516902239827, 58.92404586726343], [-3.28242010597607, 58.9197837377109]]], [[[-3.16914352597706, 58.87193164682563], [-3.1763277338531033, 58.87851857431591], [-3.175158211640724, 58.88471803548323], [-3.1566129308444264, 58.87629064295891], [-3.16914352597706, 58.87193164682563]]], [[[-3.166804481552302, 58.832991281368386], [-3.1729862418177346, 58.83502547956392], [-3.1815070465079254, 58.84732753531782], [-3.1649666609328486, 58.850039799578525], [-3.150431170578994, 58.84219360653863], [-3.153605588012594, 58.834831746402436], [-3.166804481552302, 58.832991281368386]]], [[[-3.1280431739420207, 58.813230498897546], [-3.1389030230569706, 58.816717695804165], [-3.1477579769506985, 58.82805108575068], [-3.142745738897645, 58.83337874769134], [-3.131885889782695, 58.83531607930613], [-3.1213601898712833, 58.84296853918455], [-3.0687316903142214, 58.84936173351335], [-3.1108344899598706, 58.83124768291508], [-3.101812461464374, 58.828632285235116], [-3.0795915394291704, 58.83270068162617], [-3.084269628278687, 58.822239090906315], [-3.0831001060663077, 58.81448976444716], [-3.100977088455532, 58.820301759291524], [-3.1071588487209647, 58.81439289786642], [-3.1176845486323774, 58.81642709606195], [-3.1280431739420207, 58.813230498897546]]], [[[-3.2299586810207765, 58.77177160234108], [-3.2376441127021254, 58.77312773447143], [-3.2500076332329906, 58.7816519935765], [-3.2777420171265534, 58.77990839512319], [-3.2892701646485767, 58.77603373189361], [-3.2977909693387675, 58.78329872544907], [-3.323186308807572, 58.79821617888294], [-3.322518010400498, 58.80528743927692], [-3.334547381727827, 58.812455566251636], [-3.328031472258857, 58.816620829223424], [-3.3415645150021014, 58.82165789142188], [-3.3552646323471143, 58.83124768291508], [-3.3699671973027385, 58.83715654434018], [-3.3751465099575597, 58.84500273738007], [-3.3788221511964665, 58.85962959107172], [-3.3756477337628654, 58.863504254301304], [-3.391018597125563, 58.8708661144375], [-3.4037162668599654, 58.86921938256493], [-3.422428622258032, 58.87231911314859], [-3.43445799358536, 58.87135044734119], [-3.4341238443818236, 58.8804559059307], [-3.423598144470411, 58.89111122981203], [-3.423096920665105, 58.90108848762819], [-3.4165810111961363, 58.911162612025095], [-3.3965320589839214, 58.92414273384417], [-3.3876771050901935, 58.921721069325685], [-3.353760960931198, 58.93198892688407], [-3.328866845267699, 58.9288891963004], [-3.3263607262411723, 58.91862133874203], [-3.3123264596926223, 58.915715341319846], [-3.3183411453562863, 58.909225280410304], [-3.2854274488079023, 58.90515688401925], [-3.2444941713746314, 58.89023943058538], [-3.231796501640229, 58.88713970000172], [-3.210578027215636, 58.87561257689373], [-3.216926862082837, 58.86205125559021], [-3.2018901479236765, 58.85604552758437], [-3.1982145066847707, 58.84781186822152], [-3.2139195192510046, 58.84054687466606], [-3.2092414304014882, 58.836672211436486], [-3.1910302988087267, 58.83589727879057], [-3.199718178100687, 58.82611375413589], [-3.178499703676093, 58.825823154393674], [-3.170480122791208, 58.8209798253567], [-3.184514389339758, 58.81439289786642], [-3.2015559987201394, 58.81080883437906], [-3.225447666773028, 58.802284575273994], [-3.2408185301357255, 58.802284575273994], [-3.249506409427685, 58.798894244948116], [-3.256690617303728, 58.78562352338682], [-3.236140441286209, 58.78339559202981], [-3.2322977254455347, 58.78513919048312], [-3.2247793683659545, 58.786204722871254], [-3.207236535180267, 58.800831576562906], [-3.1963766860653173, 58.79850677862516], [-3.1810058227026197, 58.802381441854735], [-3.16479958633108, 58.80112217630512], [-3.1485933499595404, 58.80635297166505], [-3.1385688738534334, 58.80209084211252], [-3.1469226039418556, 58.79133865165044], [-3.138735948455202, 58.78397679151425], [-3.166470332348765, 58.78107079409207], [-3.1881900305786637, 58.77700239770101], [-3.2018901479236765, 58.77835852983136], [-3.2174280858881428, 58.78194259331872], [-3.219432981109364, 58.78417052467572], [-3.228622084206629, 58.785332923644596], [-3.2348038444720615, 58.78155512699576], [-3.220101279516437, 58.77603373189361], [-3.2299586810207765, 58.77177160234108]]], [[[-2.96096857217357, 58.7295377731387], [-2.965479586421318, 58.741355495988905], [-2.984359016421153, 58.747554957156225], [-2.991877373500733, 58.75801654787608], [-2.9805163005804785, 58.76053507897531], [-2.982688270403469, 58.78339559202981], [-2.989872478279512, 58.78591412312903], [-3.0045750432351355, 58.79734437965629], [-3.0157690415536225, 58.79850677862516], [-3.021950801819055, 58.805190572696176], [-3.012427549518253, 58.81332736547829], [-3.0052433416422097, 58.81148690044424], [-2.9957200893414075, 58.80102530972438], [-2.9796809275716365, 58.808774636183536], [-2.983523643412311, 58.81390856496272], [-2.9968896115537875, 58.818461294257474], [-3.003906744828062, 58.826791820201066], [-3.0237886224385075, 58.8177832281923], [-3.0361521429693727, 58.81923622690339], [-3.0149336685447796, 58.83270068162617], [-2.9908749258901226, 58.82795421916994], [-2.987032210049448, 58.832119482141735], [-2.962138094385949, 58.83599414537131], [-2.9624722435894864, 58.82688868678181], [-2.954285588102832, 58.82708241994328], [-2.9395830231472084, 58.832991281368386], [-2.908005923412971, 58.83880327621275], [-2.907170550404129, 58.845583936864514], [-2.933401262881776, 58.84238733970011], [-2.951779469076305, 58.845583936864514], [-2.9633076165983283, 58.85158966487035], [-2.938914724740134, 58.860791990040596], [-2.918531623324384, 58.854592528873276], [-2.912851086864256, 58.85691732681102], [-2.9158584296960885, 58.872415979729325], [-2.899986342528085, 58.884136835998795], [-2.89731314889979, 58.89527649278383], [-2.9101778932359608, 58.89634202517196], [-2.9287231740322595, 58.890336297166115], [-2.9352390835012283, 58.89498589304161], [-2.9327329644747016, 58.90254148633929], [-2.961469795978876, 58.92762993075079], [-2.9736662419079725, 58.943322316830574], [-2.968654003854919, 58.959499035814055], [-2.9833565688105423, 58.96269563297846], [-2.993213970314881, 58.95407450729265], [-3.0145995193412425, 58.94293485050762], [-3.0435034254471853, 58.93751032198621], [-3.066225571287694, 58.93605732327512], [-3.0804269124380124, 58.94235365102318], [-3.0784220172167913, 58.929857862107795], [-3.0859403742963716, 58.92811426365449], [-3.097802671021931, 58.93227952662628], [-3.110667415358102, 58.931795193722586], [-3.1280431739420207, 58.926370665201176], [-3.11952236925183, 58.92036493719534], [-3.1373993516410543, 58.91619967422354], [-3.154273886419668, 58.9202680706146], [-3.1706471973929764, 58.91804013925759], [-3.1870205083662846, 58.91862133874203], [-3.20255844633075, 58.912131277832486], [-3.2224403239411963, 58.92588633229748], [-3.2351379936755986, 58.943225450249834], [-3.2304599048260814, 58.96705462911173], [-3.246164917392316, 58.97209169131018], [-3.24783566341, 58.98187521596486], [-3.2620370045603186, 58.974707088990144], [-3.266715093409835, 58.966764029369514], [-3.2804152107548488, 58.96114576768663], [-3.290439686860956, 58.9618238337518], [-3.3006312375688314, 58.95756170419927], [-3.3002970883652942, 58.95010297748233], [-3.3307046658871524, 58.954946306519304], [-3.3335449341172154, 58.96027396845997], [-3.35576585615242, 58.964826697754724], [-3.351756065709977, 58.97228542447166], [-3.3611122434090106, 58.979356684865635], [-3.3592744227895572, 58.98545927945222], [-3.3679623020815166, 58.99853626785204], [-3.360611019603705, 59.00560752824602], [-3.366124481462064, 59.015197319739215], [-3.357770751373641, 59.03127717214196], [-3.3495840958869874, 59.03767036647076], [-3.3576036767718724, 59.043966694218824], [-3.336051053143742, 59.056753082876426], [-3.349417021285219, 59.06169327849413], [-3.3467438276569235, 59.0770950648317], [-3.3530926625241246, 59.08358512574124], [-3.346910902258692, 59.0972433136255], [-3.357770751373641, 59.1036365079543], [-3.34924994668345, 59.11177330073641], [-3.320513115179277, 59.12271922435996], [-3.32118141358635, 59.127465686816194], [-3.3113240120820118, 59.13879907676271], [-3.277909091728322, 59.14054267521601], [-3.2722285552681942, 59.14412673870337], [-3.244327096772863, 59.14945440064404], [-3.2411526793392627, 59.15226353148548], [-3.195374238454707, 59.15332906387361], [-3.177998479870788, 59.14257687341154], [-3.1541068118178996, 59.13870221018197], [-3.1482592007560033, 59.133665147983514], [-3.132387113588001, 59.13124348346503], [-3.1136747581899344, 59.1233004238444], [-3.0884464933228983, 59.11971636035704], [-3.0732427045619692, 59.12349415700588], [-3.0695670633230634, 59.11351689918972], [-3.050854707924997, 59.111385834413454], [-3.0455083206684064, 59.10198977608173], [-3.0441717238542587, 59.08920338742413], [-3.027965487482719, 59.08126032780349], [-3.007916535270505, 59.0775793977354], [-3.001066476597998, 59.064793009077796], [-3.021282503411981, 59.03796096621298], [-3.035316769960531, 59.0473570245447], [-3.0503534841196913, 59.04929435615949], [-3.0643877506682413, 59.04590402583361], [-3.053193752349755, 59.036023634598195], [-3.063719452261167, 59.03011477317309], [-3.0612133332346403, 59.02352784568281], [-3.078087868013254, 59.0244965114902], [-3.098136820225468, 59.01587538580439], [-3.1013112376590692, 59.009869657798546], [-3.114677205800545, 59.006479327472675], [-3.086942821906982, 58.99824566810982], [-3.0546974237656714, 58.99349920565359], [-3.050854707924997, 58.99979553340165], [-3.035650919164068, 59.009966524379294], [-3.019945906597833, 59.0085135256682], [-3.008751908279347, 59.01025712412151], [-2.990707851288354, 59.00057046604756], [-2.9721625704920562, 58.996308336495034], [-2.969489376863761, 58.986524811840354], [-2.958963676952349, 58.984878079967785], [-2.947769678633862, 58.99030260848919], [-2.9444281865984934, 59.00560752824602], [-2.9315634422623225, 59.00793232618376], [-2.912015713855414, 59.00589812798823], [-2.9075046996076654, 58.99863313443278], [-2.9155242804925514, 58.993014872749896], [-2.8989838949174747, 58.98574987919444], [-2.9158584296960885, 58.98429688048335], [-2.920536518545605, 58.97790368615455], [-2.9141876836784038, 58.97431962266719], [-2.91886577252792, 58.965020430916205], [-2.9110132662448036, 58.96172696717106], [-2.892802134652042, 58.9627924995592], [-2.8732544062451337, 58.96986375995317], [-2.855544498457678, 58.98613734551739], [-2.842679754121507, 58.98071281699599], [-2.825471070139356, 58.98080968357673], [-2.7958988656263406, 58.98633107867887], [-2.7915549259803605, 58.96889509414578], [-2.822964951112829, 58.965892230142856], [-2.8411760827055907, 58.95756170419927], [-2.8380016652719906, 58.95097477670899], [-2.828645487572957, 58.94680951373719], [-2.8279771891658827, 58.93247325978776], [-2.8187880860686185, 58.92850172997745], [-2.8044196703165314, 58.92917979604262], [-2.805756267130679, 58.922786601713824], [-2.7990732830599407, 58.91774953951537], [-2.786041464122002, 58.915618474739105], [-2.7781889578388848, 58.925401999393785], [-2.792557373590972, 58.93121399423815], [-2.7862085387237707, 58.94051318598913], [-2.8052550433253742, 58.947778179544585], [-2.792056149785666, 58.951459109612685], [-2.778021883237116, 58.95116850987047], [-2.7750145404052846, 58.955333772842266], [-2.7462777089011103, 58.96453609801251], [-2.729570248724266, 58.96540789723916], [-2.723889712264138, 58.97025122627613], [-2.7080176250961356, 58.972963490536834], [-2.706346879078451, 58.95727110445705], [-2.718710399609316, 58.93634792301734], [-2.712361564742115, 58.92065553693755], [-2.722720190051759, 58.91959000454942], [-2.7477813803170266, 58.923755267521216], [-2.7634863928832614, 58.91309994363988], [-2.780193853060106, 58.91600594106206], [-2.8015794020864675, 58.90166968711263], [-2.8040855211129943, 58.894017227234215], [-2.8216283542986824, 58.88694596684024], [-2.820960055891608, 58.87658124270112], [-2.8456870969533385, 58.885105501806194], [-2.846355395360413, 58.88868956529355], [-2.8832788823512407, 58.900119821820795], [-2.8969789996962536, 58.89556709252605], [-2.8909643140325896, 58.88529923496767], [-2.899652193324549, 58.884039969418055], [-2.915357205890783, 58.872512846310066], [-2.908507147218277, 58.86892878282271], [-2.888458195006063, 58.874062711601894], [-2.8909643140325896, 58.857885992618414], [-2.885952075979536, 58.8534301299044], [-2.8674067951832374, 58.853623863065884], [-2.864399452351406, 58.850136666159266], [-2.8774312712893444, 58.84490587079934], [-2.901322939342233, 58.8416124070542], [-2.901991237749307, 58.83705967775944], [-2.889126493413136, 58.83366934743356], [-2.890797239430821, 58.820301759291524], [-2.90600102819175, 58.814102298124205], [-2.9150230566872457, 58.80112217630512], [-2.930560994651712, 58.794341515653365], [-2.920202369342068, 58.786204722871254], [-2.9252146073951213, 58.77593686531287], [-2.939750097748977, 58.76712200646559], [-2.9238780105809736, 58.75888834710274], [-2.911681564651877, 58.75588548309982], [-2.9186986979261524, 58.734962301660104], [-2.9404183961560504, 58.734187369014194], [-2.96096857217357, 58.7295377731387]]], [[[-3.1365639786322124, 58.66676822881956], [-3.131885889782695, 58.6806201498653], [-3.1163479518182298, 58.69689373542952], [-3.1076600725262704, 58.6865290112904], [-3.100642939251995, 58.68468854625635], [-3.1088295947386495, 58.670449158887656], [-3.129045621552632, 58.66977109282249], [-3.1365639786322124, 58.66676822881956]]], [[[-4.341673081188049, 58.548300400575265], [-4.349024363665861, 58.55701839284181], [-4.3460170208340285, 58.560796189490645], [-4.330813232073099, 58.56205545504026], [-4.327638814639499, 58.556243460195894], [-4.341673081188049, 58.548300400575265]]], [[[-5.193586475605381, 58.372100090210274], [-5.208623189764541, 58.37800895163538], [-5.2004365342778875, 58.38672694390193], [-5.180220507463904, 58.38982667448559], [-5.16668746472066, 58.381980481445694], [-5.1723680011807875, 58.37645908634355], [-5.186569342331106, 58.375781020278374], [-5.193586475605381, 58.372100090210274]]], [[[-6.878032610634904, 58.25973485655256], [-6.8865534153250945, 58.266999850108014], [-6.876027715413682, 58.269808980949456], [-6.87084840275886, 58.26186592132883], [-6.878032610634904, 58.25973485655256]]], [[[-6.935673348245019, 58.22805948465077], [-6.950877137005948, 58.23706807665954], [-6.936341646652092, 58.241233339631336], [-6.929992811784892, 58.230190549427036], [-6.935673348245019, 58.22805948465077]]], [[[-6.887221713732168, 58.204133439208135], [-6.895575443820591, 58.2072331697918], [-6.887890012139242, 58.21285143147469], [-6.877531386829598, 58.20829870217993], [-6.887221713732168, 58.204133439208135]]], [[[-5.243207632330611, 58.25014506505936], [-5.2542345560473285, 58.25169493035119], [-5.259580943303918, 58.25072626454379], [-5.268435897197646, 58.25314792906228], [-5.278961597109059, 58.260703522359954], [-5.26375780834813, 58.267290449850236], [-5.256406525870318, 58.26050978919847], [-5.244210079941221, 58.258088124679986], [-5.243207632330611, 58.25014506505936]]], [[[-6.78564035585695, 58.2003556425593], [-6.800175846210806, 58.20626450398441], [-6.812372292139902, 58.207814369276235], [-6.836096885591022, 58.20481150527331], [-6.867172761519954, 58.20742690295328], [-6.875526491608377, 58.21924462580348], [-6.858819031431532, 58.2200195584494], [-6.862661747272206, 58.227768884908556], [-6.8725191487765445, 58.23435581239883], [-6.89240102638699, 58.252857329320065], [-6.888725385148084, 58.2593473902296], [-6.848627480723656, 58.25673199254964], [-6.842278645856455, 58.25033879822084], [-6.8444506156794445, 58.24229887201947], [-6.832588318953885, 58.238327342209146], [-6.827910230104369, 58.231159215234435], [-6.804519785856785, 58.22970621652334], [-6.797335577980742, 58.219632092126446], [-6.78564035585695, 58.221472557160496], [-6.781964714618044, 58.21401383044356], [-6.78564035585695, 58.2003556425593]]], [[[-6.765424329042967, 58.193574981907545], [-6.777286625768527, 58.20045250914004], [-6.765925552848273, 58.20219610759335], [-6.765424329042967, 58.193574981907545]]], [[[-7.118954186385009, 58.0732666886292], [-7.135995795765392, 58.07520402024399], [-7.119121260986779, 58.0833408130261], [-7.118954186385009, 58.0732666886292]]], [[[-6.443805720638699, 58.098451999621446], [-6.452326525328891, 58.10174546336658], [-6.439963004798025, 58.10852612401834], [-6.430272677895455, 58.10426399446581], [-6.443805720638699, 58.098451999621446]]], [[[-7.11461024673903, 58.0027478178509], [-7.123799349836295, 58.009141012179704], [-7.140339735411372, 58.01146581011745], [-7.151366659128089, 58.00991594482562], [-7.1657350748801765, 58.020183802384], [-7.169410716119081, 58.0297735938772], [-7.148860540101563, 58.03597305504452], [-7.1336567513406335, 58.03820098640153], [-7.107426038862987, 58.02870806148907], [-7.099239383376332, 58.01185327644041], [-7.10057598019048, 58.005556948692345], [-7.11461024673903, 58.0027478178509]]], [[[-5.4351763497625605, 58.03781352007857], [-5.449043541709342, 58.039750851693356], [-5.447372795691658, 58.048953176863606], [-5.424149426045843, 58.047015845248815], [-5.4351763497625605, 58.03781352007857]]], [[[-6.419746977984042, 57.996742089845064], [-6.446813063470531, 58.00022928675168], [-6.443972795240468, 58.004878882627175], [-6.420081127187579, 58.003910216819776], [-6.419746977984042, 57.996742089845064]]], [[[-6.723822753202623, 57.98550556647929], [-6.740697287981236, 58.001294819139815], [-6.736687497538794, 58.005750681853826], [-6.719980037361949, 58.004878882627175], [-6.712795829485906, 57.99286742661548], [-6.723822753202623, 57.98550556647929]]], [[[-5.447539870293426, 58.003910216819776], [-5.452886257550016, 58.01514674018555], [-5.435343424364329, 58.00962534508341], [-5.447539870293426, 58.003910216819776]]], [[[-5.399255310382344, 57.99993868700946], [-5.411618830913209, 57.99984182042872], [-5.420640859408706, 58.00536321553087], [-5.419471337196326, 58.017471538123296], [-5.411785905514978, 58.02396159903284], [-5.397250415161123, 58.019408869738086], [-5.4034321754265555, 58.00981907824488], [-5.387727162860321, 58.00652561449974], [-5.399255310382344, 57.99993868700946]]], [[[-8.639500137079683, 57.82315717716004], [-8.64618312115042, 57.83003470439254], [-8.624797572124058, 57.8336187678799], [-8.625131721327595, 57.827031840389616], [-8.639500137079683, 57.82315717716004]]], [[[-5.217979367463574, 57.936491076625146], [-5.234519753038651, 57.94249680463099], [-5.236023424454567, 57.94898686554053], [-5.213802502419363, 57.94937433186349], [-5.208121965959236, 57.94588713495687], [-5.217979367463574, 57.936491076625146]]], [[[-7.076183088332286, 57.87498079785563], [-7.082531923199488, 57.88427998960661], [-7.073175745500454, 57.8953227798109], [-7.04878285364226, 57.89716324484495], [-7.041431571164448, 57.912371298021036], [-7.031240020456573, 57.9181832928654], [-7.018208201518634, 57.91740836021948], [-7.008350800014295, 57.921283023449064], [-6.994316533465746, 57.91895822551132], [-6.988301847802081, 57.90200657388192], [-6.9996629207223355, 57.88863898573988], [-7.008350800014295, 57.88292385747626], [-7.027898528421204, 57.88708912044805], [-7.042768167978596, 57.89541964639164], [-7.050787748863481, 57.89396664768055], [-7.054296315500619, 57.881955191668865], [-7.071839148686307, 57.8788554610852], [-7.076183088332286, 57.87498079785563]]], [[[-8.576178863009439, 57.79884366539445], [-8.584866742301399, 57.80668985843434], [-8.594891218407506, 57.805527459465466], [-8.608925484956055, 57.810855121406135], [-8.602242500885318, 57.820638646060814], [-8.593220472389822, 57.82567570825926], [-8.572336147168764, 57.822479111094864], [-8.563648267876806, 57.8230603105793], [-8.549781075930024, 57.812501853278704], [-8.557132358407836, 57.808820923210604], [-8.569161729735164, 57.811048854567616], [-8.576178863009439, 57.79884366539445]]], [[[-6.3525829880731255, 57.880114726634815], [-6.358597673736789, 57.8948384469072], [-6.380150297364919, 57.900747308332306], [-6.37363438789595, 57.90355643917375], [-6.3564257039138, 57.903362706012274], [-6.3574281515244095, 57.894257247422765], [-6.349742719843061, 57.89309484845389], [-6.3525829880731255, 57.880114726634815]]], [[[-6.671027179043793, 57.84979548686338], [-6.690073683645396, 57.85735108016105], [-6.6835577741764265, 57.862872475263195], [-6.709454337450536, 57.87333406598305], [-6.695252996300218, 57.87895232766594], [-6.680216282141057, 57.87701499605115], [-6.66801983621196, 57.8724622667564], [-6.651312376035115, 57.87081553488383], [-6.641287899929008, 57.856479280934394], [-6.671027179043793, 57.84979548686338]]], [[[-5.4592350924172175, 57.87846799476225], [-5.476777925602905, 57.882536391153295], [-5.4812889398506535, 57.89338544819611], [-5.478615746222358, 57.89774444432938], [-5.463579032063198, 57.894257247422765], [-5.4592350924172175, 57.87846799476225]]], [[[-5.605759518168149, 57.82102611238377], [-5.616786441884867, 57.8220916447719], [-5.639508587725376, 57.83342503471842], [-5.644854974981967, 57.84010882878944], [-5.633828051265249, 57.84340229253458], [-5.605425368964612, 57.8326501020725], [-5.599911907106254, 57.82596630800148], [-5.605759518168149, 57.82102611238377]]], [[[-7.235238109215851, 57.759515833614245], [-7.24726748054318, 57.761356298648295], [-7.264977388330636, 57.77026802407632], [-7.257960255056361, 57.78082648137692], [-7.238078377445915, 57.78499174434871], [-7.214520858596564, 57.784798011187235], [-7.200820741251551, 57.77462702020959], [-7.20950862054351, 57.764940362135654], [-7.2227075140832175, 57.76019389967942], [-7.235238109215851, 57.759515833614245]]], [[[-7.075514789925212, 57.7512821742514], [-7.095396667535658, 57.7635842300053], [-7.096399115146269, 57.76813695930005], [-7.084536818420709, 57.77084922356076], [-7.07033547727039, 57.759612700194985], [-7.075514789925212, 57.7512821742514]]], [[[-7.0666598360314845, 57.73249005758795], [-7.081195326385339, 57.73452425578348], [-7.095062518332121, 57.74130491643524], [-7.086374639040161, 57.749635442378825], [-7.0666598360314845, 57.73249005758795]]], [[[-6.9655797019615715, 57.72764672855098], [-6.9735992828464575, 57.72958406016577], [-6.98729940019147, 57.74246731540411], [-7.011191068244359, 57.75922523387203], [-7.025225334792909, 57.76716829349266], [-7.01436548567796, 57.77007429091484], [-7.031407095058341, 57.77569255259773], [-7.029903423642425, 57.76813695930005], [-7.054296315500619, 57.77801735053548], [-7.075347715323444, 57.79419406951896], [-7.074846491518139, 57.79990919778258], [-7.083701445411867, 57.806980458176554], [-7.093558846916205, 57.80765852424173], [-7.11461024673903, 57.81337365250536], [-7.1256371704557475, 57.82218851135264], [-7.126973767269895, 57.8336187678799], [-7.106256516650607, 57.84127122775831], [-7.081362400987108, 57.83168143626511], [-7.078355058155276, 57.82451330929039], [-7.081028251783572, 57.814342318312754], [-7.0698342534650855, 57.81221125353649], [-7.073342820102223, 57.822575977675605], [-7.047613331429881, 57.82741930671257], [-7.037421780722005, 57.83371563446063], [-7.019878947536318, 57.83642789872134], [-7.015033784085033, 57.84349915911532], [-7.005510531784232, 57.84553335731084], [-6.996321428686967, 57.86490667345873], [-6.98295546054549, 57.864616073716505], [-6.959063792492602, 57.86781267088091], [-6.9515454354130215, 57.87159046752974], [-6.941855108510452, 57.86742520455795], [-6.915791470634574, 57.866650271912036], [-6.911447530988593, 57.87129986778753], [-6.945029525944053, 57.88292385747626], [-6.959063792492602, 57.886314187802135], [-6.950877137005948, 57.89377291451907], [-6.950041763997106, 57.9039439054967], [-6.939683138687462, 57.902587773366356], [-6.9206366340858585, 57.910530832986986], [-6.900086458068339, 57.90733423582259], [-6.881374102670272, 57.90626870343445], [-6.876361864617219, 57.90094104149379], [-6.866170313909343, 57.90278150652783], [-6.851300674351951, 57.89958490936343], [-6.842612795059992, 57.90975590034107], [-6.858651956829763, 57.91634282783135], [-6.863162971077511, 57.92496395351716], [-6.8576495092191525, 57.92922608306969], [-6.869010582139407, 57.93329447946075], [-6.876361864617219, 57.93009788229635], [-6.889059534351621, 57.933875678945185], [-6.91395365001512, 57.93629734346367], [-6.943692929129904, 57.95024613109015], [-6.954385703643085, 57.94850253263684], [-6.9944836080675135, 57.96148265445592], [-7.000164144527641, 57.95392706115824], [-7.017205753908023, 57.95315212851233], [-7.039760825146764, 57.95596125935377], [-7.0426010933768275, 57.959932789164085], [-7.05630121072184, 57.961773254198135], [-7.0566353599253775, 57.96855391484989], [-7.075180640721675, 57.96593851716993], [-7.08336729620833, 57.975237708920915], [-7.081195326385339, 57.98657109886742], [-7.090217354880836, 57.994901624811014], [-7.0995735325798695, 57.98841156390147], [-7.11461024673903, 57.9899614291933], [-7.106757740455913, 57.997517022490975], [-7.092556399305595, 57.99984182042872], [-7.092055175500289, 58.011175210375235], [-7.082364848597718, 58.020183802384], [-7.07033547727039, 58.017471538123296], [-7.0598097773589785, 58.00875354585675], [-7.044940137801586, 58.02483339825949], [-7.029068050633583, 58.03151719233051], [-7.0096873968284426, 58.03432632317195], [-6.993982384262209, 58.041010117242976], [-6.984626206563175, 58.04226938279258], [-6.9655797019615715, 58.04013831801632], [-6.958562568687297, 58.04963124292878], [-6.980282266917195, 58.04769391131399], [-7.024389961784067, 58.03655425452896], [-7.048114555235187, 58.03471378949491], [-7.061981747181968, 58.04633777918364], [-7.046276734615733, 58.05127797480135], [-7.030237572845962, 58.050503042155434], [-7.027397304615898, 58.05641190358054], [-7.057136583730683, 58.053312172996876], [-7.052458494881166, 58.06358003055526], [-7.035416885500784, 58.06580796191226], [-7.025392409394677, 58.06997322488405], [-7.036753482314932, 58.07452595417881], [-7.061313448774894, 58.06822962643075], [-7.06281712019081, 58.060770899713816], [-7.087711235854309, 58.064936162685605], [-7.100408905588711, 58.06997322488405], [-7.104084546827617, 58.084600078575704], [-7.103249173818775, 58.09573973536074], [-7.113273649924882, 58.10484519395024], [-7.110433381694818, 58.10978538956795], [-7.123799349836295, 58.11511305150862], [-7.134325049747707, 58.128771239392876], [-7.125804245057516, 58.139523429854954], [-7.117450514969094, 58.13826416430534], [-7.113941948331956, 58.146788423410406], [-7.0987381595710275, 58.153084751158474], [-7.089381981871994, 58.16412754136276], [-7.101077203995786, 58.16964893646491], [-7.106924815057681, 58.17856066189293], [-7.09406007072151, 58.1875692539017], [-7.046777958421039, 58.177204529762584], [-7.031072945854804, 58.18572878886765], [-7.019043574527476, 58.186213121771345], [-7.022886290368151, 58.19386558164976], [-7.035416885500784, 58.19735277855638], [-7.0385913029343845, 58.190765851066104], [-7.065156164615568, 58.19551231352233], [-7.056134136120072, 58.21285143147469], [-7.055131688509461, 58.22108509083753], [-7.04778040603165, 58.23241848078405], [-7.027397304615898, 58.24404247047278], [-7.026394857005288, 58.235615077948445], [-7.004341009571853, 58.232805947107], [-6.9756041780676785, 58.219438358964965], [-6.965078478156267, 58.221181957418274], [-6.968921193996941, 58.23154668155739], [-6.953216181430706, 58.232805947107], [-6.949373465590032, 58.2241848214212], [-6.932666005413187, 58.21614489521983], [-6.916793918245184, 58.21614489521983], [-6.910110934174446, 58.20384283946592], [-6.9338355276255665, 58.20258357391631], [-6.949373465590032, 58.199483843332644], [-6.931663557802576, 58.18921598577427], [-6.909442635767372, 58.18563192228691], [-6.897413264440043, 58.187859853643914], [-6.8877229375374736, 58.17739826292406], [-6.888224161342778, 58.16228707632871], [-6.892902250192296, 58.15879987942209], [-6.881039953466735, 58.14029836250087], [-6.877531386829598, 58.12741510726252], [-6.867172761519954, 58.13109603733062], [-6.8825436248826515, 58.150469353478506], [-6.88588511691802, 58.16490247400868], [-6.881207028068504, 58.172070600983396], [-6.869010582139407, 58.173717332855965], [-6.8793692074490504, 58.18088545983068], [-6.873187447183618, 58.18553505570617], [-6.841443272847613, 58.19686844565268], [-6.83526151258218, 58.203455373142965], [-6.790151370104698, 58.19725591197564], [-6.758908419573998, 58.18689118783652], [-6.7485497942643535, 58.191443917131274], [-6.733513080105193, 58.171876867821915], [-6.716805619928348, 58.17032700253009], [-6.725159350016771, 58.179141861377374], [-6.719980037361949, 58.18669745467504], [-6.739026541963552, 58.19638411274899], [-6.759075494175766, 58.19822457778304], [-6.756903524352777, 58.20917050140659], [-6.741532660990079, 58.209557967729545], [-6.7497193164767335, 58.216822961285004], [-6.757738897361619, 58.21701669444648], [-6.769267044883642, 58.23222474762257], [-6.793492862140067, 58.24026467382394], [-6.807025904883312, 58.25944425681034], [-6.817551604794724, 58.2699058475302], [-6.802514890635564, 58.27281184495238], [-6.803684412847943, 58.2799799719271], [-6.819222350812408, 58.278623839796744], [-6.827743155502599, 58.28443583464111], [-6.807360054086849, 58.29092589555065], [-6.797669727184278, 58.29974075439794], [-6.805188084263859, 58.303034218143075], [-6.771773163910169, 58.30962114563336], [-6.757237673556313, 58.30535901608082], [-6.751891286299723, 58.31320520912071], [-6.74136558638831, 58.31339894228219], [-6.725660573822076, 58.32589473119758], [-6.712127531078831, 58.32880072861976], [-6.707115293025778, 58.33500018978708], [-6.677208939309225, 58.33839052011296], [-6.669022283822571, 58.343427582311406], [-6.669189358424339, 58.34953017689799], [-6.645297690371452, 58.35137064193204], [-6.624914588955701, 58.34575238024915], [-6.602025368513422, 58.352436174320175], [-6.584315460725966, 58.362413432136336], [-6.567440925947353, 58.363188364782246], [-6.544217556301538, 58.36725676117331], [-6.534861378602505, 58.38178674828421], [-6.519657589841576, 58.396510468556606], [-6.501613532850584, 58.3984478001714], [-6.487579266302033, 58.40280679630467], [-6.488247564709107, 58.407262659018684], [-6.441466676213941, 58.42566730935917], [-6.436788587364424, 58.43390096872202], [-6.402037070196586, 58.44726855686406], [-6.379983222763151, 58.45085262035141], [-6.370459970462349, 58.45714894809948], [-6.357094002320873, 58.45840821364909], [-6.345732929400619, 58.46460767481641], [-6.3337035580732906, 58.478072129539186], [-6.313988755064613, 58.47787839637771], [-6.300956936126674, 58.480881260380635], [-6.273556701436648, 58.49647677987968], [-6.27656404426848, 58.504226106338834], [-6.270549358604816, 58.51459083047795], [-6.251001630197907, 58.51342843150908], [-6.241144228693568, 58.505291638726966], [-6.231119752587461, 58.503160573950694], [-6.222264798693733, 58.49405511536119], [-6.226775812941481, 58.4894055194857], [-6.207228084534573, 58.48320605831838], [-6.1953657878090125, 58.47584419818219], [-6.182333968871074, 58.46402647533198], [-6.195198713207244, 58.457536414422435], [-6.191690146570107, 58.442231494665606], [-6.16880092612783, 58.42886390652357], [-6.168132627720755, 58.417239916834845], [-6.178658327632167, 58.415302585220054], [-6.190019400552423, 58.408231324826076], [-6.194864564003707, 58.39689793487956], [-6.206058562322193, 58.38546767835231], [-6.2094000543575625, 58.373940555244324], [-6.217753784445986, 58.36812856039996], [-6.200210951260297, 58.355051572000136], [-6.186844983118822, 58.34817404476764], [-6.16211794205709, 58.342555783084755], [-6.195867011614318, 58.33964978566257], [-6.209065905154025, 58.326379064101275], [-6.231620976392767, 58.31707987235029], [-6.244986944534243, 58.30545588266156], [-6.2378027366582, 58.30439035027343], [-6.242146676304179, 58.29567235800688], [-6.2675420157729835, 58.29199142793878], [-6.27656404426848, 58.294025626134314], [-6.2815762823215335, 58.286857499159595], [-6.282077506126839, 58.269130914884286], [-6.305300875772653, 58.26661238378506], [-6.3164948740911395, 58.2699058475302], [-6.328190096214931, 58.25954112339108], [-6.319168067719435, 58.245592335764606], [-6.325683977188405, 58.240167807243196], [-6.357595226126179, 58.234743278721794], [-6.363108687984537, 58.22292555587158], [-6.354086659489042, 58.21982582528793], [-6.3305291406396895, 58.22379735509824], [-6.304298428162043, 58.21004230063324], [-6.284917774356902, 58.20665197030736], [-6.2753945220561, 58.21168903250582], [-6.26252977771993, 58.21372323070134], [-6.256682166658035, 58.21914775922275], [-6.234962468428136, 58.2227318227101], [-6.210068352764637, 58.23774614272472], [-6.201046324269139, 58.24830460002531], [-6.172476567366735, 58.2524698629971], [-6.153931286570437, 58.260316056037], [-6.138560423207739, 58.261672188167346], [-6.1403982438271925, 58.25305106248154], [-6.153931286570437, 58.24665786815274], [-6.148417824712078, 58.24191140569651], [-6.164791135685386, 58.22621901961672], [-6.156103256393427, 58.22253808954863], [-6.166294807101302, 58.21023603379472], [-6.205724413118657, 58.199580709913384], [-6.213075695596468, 58.18960345209723], [-6.228947782764472, 58.181950992218816], [-6.255178495242118, 58.180013660604025], [-6.257183390463339, 58.18669745467504], [-6.272554253826037, 58.188925386032054], [-6.276229895064943, 58.19832144436377], [-6.2855860727639765, 58.205005238434794], [-6.294775175861242, 58.20616763740367], [-6.316160724887602, 58.203261639981484], [-6.3494085706395245, 58.18863478628983], [-6.3626074641792325, 58.20432717236962], [-6.373801462497719, 58.20268044049705], [-6.392847967099321, 58.20364910630444], [-6.378479551347235, 58.17759199608554], [-6.373300238692413, 58.16354634187832], [-6.368455075241128, 58.16054347787541], [-6.370961194267655, 58.149597554251855], [-6.385663759223278, 58.145916624183755], [-6.4224201716123375, 58.13932969669347], [-6.416238411346905, 58.13632683269055], [-6.397024832143533, 58.14320435992305], [-6.36929044824997, 58.14281689360009], [-6.37146241807296, 58.13380830159133], [-6.383658864002057, 58.12867437281214], [-6.397191906745301, 58.134098901333545], [-6.418076231966358, 58.1290618391351], [-6.432611722320213, 58.132549036041716], [-6.427766558868928, 58.120731313191506], [-6.442302049222784, 58.118212782092286], [-6.454999718957185, 58.110754055375345], [-6.455835091966028, 58.106395059242075], [-6.472375477541105, 58.10426399446581], [-6.492090280549782, 58.09893633252514], [-6.508296516921321, 58.1030047289162], [-6.532021110372441, 58.094480469811124], [-6.554242032407645, 58.09312433768078], [-6.591165519398473, 58.0887653415475], [-6.546556600726296, 58.08808727548232], [-6.539038243646717, 58.08614994386754], [-6.518989291434503, 58.088377875224545], [-6.509131889930163, 58.09399613690743], [-6.499775712231131, 58.09254313819634], [-6.4633534490456075, 58.096417801425915], [-6.441466676213941, 58.09322120426151], [-6.427098260461854, 58.10503892711172], [-6.408887128869093, 58.11036658905239], [-6.3876686544445, 58.09796766671774], [-6.388336952851573, 58.08682800993272], [-6.378479551347235, 58.07801315108543], [-6.377811252940161, 58.07065129094923], [-6.367619702232286, 58.064936162685605], [-6.366784329223443, 58.05825236861459], [-6.37246486568357, 58.04934064318656], [-6.399363876568291, 58.04653151234512], [-6.401034622585976, 58.04120385040445], [-6.376641730727782, 58.04217251621185], [-6.358263524533252, 58.0393633853704], [-6.357094002320873, 58.03587618846378], [-6.36611603081637, 58.022896066644705], [-6.388671102055111, 58.00836607953379], [-6.392179668692248, 57.99974495384798], [-6.403707816214271, 58.00361961707756], [-6.408887128869093, 58.00972221166414], [-6.418577455771663, 58.012821942247804], [-6.427432409665391, 58.010206544567836], [-6.434616617541435, 58.0160185394122], [-6.451658226921817, 58.007591146887876], [-6.4596778078067025, 58.017374671542555], [-6.4705376569216515, 58.009431611921926], [-6.489751236125024, 58.01049714431006], [-6.510969710549617, 58.007494280307135], [-6.525338126301703, 58.013015675409285], [-6.525839350107009, 58.005556948692345], [-6.538871169044947, 58.004975749207915], [-6.5455541531156864, 58.00042301991316], [-6.507795293116017, 57.99838882171763], [-6.499608637629362, 58.001101085978334], [-6.472041328337568, 58.00071361965538], [-6.455166793558954, 57.993351759519186], [-6.456002166567796, 57.9845369006719], [-6.448817958691753, 57.97901550556975], [-6.45449849515188, 57.970781846206904], [-6.448985033293521, 57.96564791742771], [-6.4665278664792085, 57.961870120778876], [-6.467029090284514, 57.941818738565814], [-6.4725425521428726, 57.937362875851804], [-6.489082937717949, 57.93765347559402], [-6.496935444001067, 57.94036573985473], [-6.510134337540775, 57.93048534861931], [-6.519323440638039, 57.92699815171269], [-6.529180842142377, 57.93852527482068], [-6.545721227717454, 57.94530593547243], [-6.549731018159897, 57.940172006693246], [-6.538871169044947, 57.92961354939265], [-6.5403748404608635, 57.91643969441209], [-6.549731018159897, 57.917795826542445], [-6.57746540205346, 57.91188696511734], [-6.587322803557798, 57.91624596125061], [-6.593671638425, 57.925642019582334], [-6.617730381079657, 57.9479213331524], [-6.631764647628207, 57.948211932894615], [-6.614388889044288, 57.92786995093934], [-6.61305229223014, 57.92079869054537], [-6.623912141345089, 57.916827160735046], [-6.632265871433512, 57.9218642229335], [-6.652314823645726, 57.9181832928654], [-6.674201596477393, 57.9351349444948], [-6.677877237716299, 57.94269053779247], [-6.690240758247164, 57.953636461416025], [-6.692412728070154, 57.95944845626039], [-6.7036067263886405, 57.96293565316701], [-6.7122946056806, 57.9830839019608], [-6.704943323202788, 57.99189876080809], [-6.7136312024947475, 58.00546008211161], [-6.709955561255842, 58.016502872315904], [-6.6915773550613125, 58.028223728585374], [-6.688068788424174, 58.03413259001047], [-6.672530850459709, 58.03655425452896], [-6.664177120371286, 58.042559982534804], [-6.667184463203118, 58.04953437634804], [-6.659164882318232, 58.05495890486945], [-6.632934169840586, 58.05476517170797], [-6.6217401715221, 58.046918978668074], [-6.605199785947023, 58.05292470667392], [-6.636442736477724, 58.05767116913015], [-6.673366223468551, 58.05805863545311], [-6.670024731433182, 58.04633777918364], [-6.70260427877803, 58.03054852652312], [-6.706446994618704, 58.024639665098015], [-6.726663021432687, 58.01233760934411], [-6.757905971963387, 58.00342588391608], [-6.752726659308565, 58.00071361965538], [-6.7557340021403975, 57.992286227131046], [-6.740196064175931, 57.99218936055031], [-6.724992275415002, 57.97097557936838], [-6.721316634176096, 57.96148265445592], [-6.7276654690432975, 57.95324899509306], [-6.711125083468221, 57.9543145274812], [-6.690073683645396, 57.93503807791406], [-6.683390699574658, 57.9324226802341], [-6.676874790105688, 57.91750522680022], [-6.699429861344429, 57.91847389260762], [-6.694751772494913, 57.9090778342759], [-6.67019180603495, 57.89997237568639], [-6.673366223468551, 57.894547847164986], [-6.664177120371286, 57.88515178883326], [-6.67019180603495, 57.880017860054075], [-6.697759115326745, 57.8815677253459], [-6.720147111963717, 57.886314187802135], [-6.731508184883972, 57.884473722768085], [-6.753729106919176, 57.88931705180506], [-6.7766183273614535, 57.899003709879], [-6.792657489131225, 57.896969511683466], [-6.794161160547141, 57.87972726031185], [-6.804185636653248, 57.88476432251031], [-6.810868620723986, 57.87943666056964], [-6.803851487449711, 57.86713460481573], [-6.780795192405665, 57.86994373565717], [-6.769601194087179, 57.86413174081281], [-6.754564479928018, 57.84175556066201], [-6.738358243556478, 57.83400623420285], [-6.7365204229370255, 57.826838107228134], [-6.750888838689113, 57.8220916447719], [-6.761414538600524, 57.82151044528747], [-6.792824563732993, 57.83284383523398], [-6.7866428034675605, 57.81114572114835], [-6.795998981166594, 57.80572119262695], [-6.802514890635564, 57.81327678592462], [-6.812873515945207, 57.80949898927578], [-6.82339921585662, 57.81279245302092], [-6.836598109396327, 57.82315717716004], [-6.84394939187414, 57.83197203600733], [-6.851634823555488, 57.828581705681444], [-6.8396054522281595, 57.81841071470381], [-6.844116466475908, 57.80504312656177], [-6.855477539396162, 57.8129861861824], [-6.862995896475743, 57.80494625998103], [-6.859487329838605, 57.795550201649306], [-6.870347178953555, 57.79400033635748], [-6.879035058245514, 57.79806873274853], [-6.88053872966143, 57.78441054486427], [-6.87302037258185, 57.77385208756368], [-6.893737623201138, 57.773367754659986], [-6.905599919926698, 57.78043901505396], [-6.909776784970909, 57.76988055775337], [-6.899251085059497, 57.76426229607048], [-6.922808603908848, 57.75912836729129], [-6.9375111688644715, 57.75845030122611], [-6.942690481519294, 57.740723716950804], [-6.963741881342119, 57.73743025320566], [-6.9655797019615715, 57.72764672855098]]], [[[-7.2796799532862595, 57.70003975304025], [-7.298893532489632, 57.706626680530526], [-7.301065502312621, 57.71670080492743], [-7.289036130985293, 57.71970366893035], [-7.276171386649122, 57.71321360802081], [-7.281851923109249, 57.707401613176444], [-7.2796799532862595, 57.70003975304025]]], [[[-5.801236802237237, 57.72648432958211], [-5.810927129139807, 57.733458723395344], [-5.792047699139972, 57.73743025320566], [-5.801236802237237, 57.72648432958211]]], [[[-7.394460204701185, 57.65354379428533], [-7.40264686018784, 57.660130721775616], [-7.4136737839045574, 57.65557799248086], [-7.427206826647802, 57.660033855194875], [-7.396465099922407, 57.67001111301103], [-7.382263758772089, 57.66758944849255], [-7.392956533285269, 57.66022758835635], [-7.394460204701185, 57.65354379428533]]], [[[-7.2836897437287025, 57.65489992641568], [-7.2856946389499235, 57.65916205596822], [-7.302067949923232, 57.66100252100227], [-7.291041026206514, 57.66778318165402], [-7.284358042135776, 57.664199118166664], [-7.2836897437287025, 57.65489992641568]]], [[[-7.413172560099252, 57.55018715263638], [-7.421526290187675, 57.551155818443775], [-7.433221512311466, 57.557549012772576], [-7.437565451957446, 57.563845340520636], [-7.4337227361167715, 57.56956046878426], [-7.414509156913399, 57.55532108141557], [-7.413172560099252, 57.55018715263638]]], [[[-7.6186743202744465, 57.51047185453322], [-7.626192677354027, 57.51773684808868], [-7.606143725141813, 57.533429234168466], [-7.5997948902746115, 57.527810972485575], [-7.609151067973645, 57.515218316989454], [-7.6186743202744465, 57.51047185453322]]], [[[-7.16957779072085, 57.59474577977651], [-7.161224060632428, 57.58786825254401], [-7.149862987712173, 57.5875776528018], [-7.141843406827287, 57.591646049192846], [-7.123465200632758, 57.589902450739544], [-7.112939500721345, 57.596101911906864], [-7.103917472225849, 57.59309904790394], [-7.111101680101893, 57.584477922218134], [-7.117617589570862, 57.56617013845838], [-7.13516042275655, 57.55890514490293], [-7.154875225765227, 57.55725841303036], [-7.166737522490786, 57.55977694412958], [-7.173587581163293, 57.56500773948951], [-7.192801160366665, 57.559486344387366], [-7.226550229923892, 57.55813021225701], [-7.235238109215851, 57.553674349543], [-7.248437002755559, 57.55900201148367], [-7.2476016297467165, 57.56839806981539], [-7.273999416826133, 57.56064874335624], [-7.272328670808448, 57.55464301535039], [-7.291876399215356, 57.55890514490293], [-7.306244814967443, 57.5563866138037], [-7.289537354790598, 57.55009028605564], [-7.282018997711018, 57.552996283477825], [-7.252279718596234, 57.55096208528229], [-7.200319517446245, 57.551252685024515], [-7.180938863641105, 57.55241508399339], [-7.1657350748801765, 57.54737802179494], [-7.162894806650113, 57.55444928218891], [-7.147356868685646, 57.55628974722296], [-7.1376665417830765, 57.55454614876965], [-7.133155527535328, 57.54718428863346], [-7.140172660809603, 57.54166289353132], [-7.13181893072118, 57.537013297655825], [-7.149528838508636, 57.51957731312273], [-7.14585319726973, 57.51318411879393], [-7.164064328862492, 57.50872825607991], [-7.176594923995125, 57.50834078975696], [-7.198815846030329, 57.5148308506665], [-7.203326860278077, 57.507372123949565], [-7.228555125145114, 57.5106655876947], [-7.245930883729033, 57.5069846576266], [-7.260299299481119, 57.509793788468045], [-7.267483507357163, 57.517252515184985], [-7.298893532489632, 57.51202171982506], [-7.312927799038182, 57.50834078975696], [-7.327463289392036, 57.512602919309494], [-7.324455946560205, 57.52848903855075], [-7.325792543374352, 57.535269699202516], [-7.335482870276922, 57.535172832621775], [-7.345173197179492, 57.54185662669279], [-7.35302570346261, 57.54001616165874], [-7.343836600365345, 57.53207310203811], [-7.357369643108589, 57.52587364087079], [-7.348848838418398, 57.511731120082835], [-7.368396566825307, 57.501850728847415], [-7.375079550896045, 57.519867912864946], [-7.3896150412499, 57.53013577042332], [-7.378588117533182, 57.545828156503106], [-7.365556298595243, 57.547474888375675], [-7.3658904477987805, 57.541178560627614], [-7.345841495586566, 57.54195349327353], [-7.3627160303651795, 57.55512734825409], [-7.387108922223374, 57.5642328068436], [-7.398971218948933, 57.56607327187764], [-7.413005485497483, 57.57440379782123], [-7.415177455320473, 57.578859660535244], [-7.4297129456743285, 57.57837532763155], [-7.4445825852317205, 57.56994793510722], [-7.469142551691683, 57.56675133794282], [-7.483510967443769, 57.56801060349243], [-7.484012191249075, 57.57362886517532], [-7.493702518151645, 57.582831190345566], [-7.500552576824152, 57.582831190345566], [-7.515088067178007, 57.59048365022397], [-7.523274722664661, 57.58961185099732], [-7.538144362222053, 57.600848374363096], [-7.549171285938771, 57.60288257255862], [-7.536640690806137, 57.610631899017775], [-7.53096015434601, 57.602591972816406], [-7.520267379832829, 57.60481990417341], [-7.514586843372702, 57.61353789643996], [-7.515088067178007, 57.623999487159814], [-7.501053800629457, 57.62719608432421], [-7.497378159390551, 57.64114487195069], [-7.485682937266759, 57.65054093028241], [-7.488523205496823, 57.65867772306452], [-7.4818402214260855, 57.66226178655188], [-7.446253331249405, 57.65761219067639], [-7.42737390124957, 57.65044406370167], [-7.403148083993145, 57.63882007401294], [-7.38209668417032, 57.63533287710632], [-7.374077103285434, 57.63978873982033], [-7.376917371515498, 57.6456007346647], [-7.3707356112500655, 57.64937853131354], [-7.371403909657139, 57.660130721775616], [-7.355030598683831, 57.6620680533904], [-7.336318243285764, 57.67146411172212], [-7.334313348064543, 57.683281834572334], [-7.312092426029339, 57.69374342529219], [-7.309419232401044, 57.68676903147895], [-7.323620573551362, 57.68260376850716], [-7.322116902135446, 57.67291711043322], [-7.337320690896375, 57.66100252100227], [-7.332308452843321, 57.656159191965294], [-7.314431470454098, 57.65780592383787], [-7.309085083197507, 57.65422186035051], [-7.292377623020662, 57.65325319454311], [-7.293881294436578, 57.64356653646917], [-7.285861713551692, 57.642016671177345], [-7.277842132666807, 57.65344692770459], [-7.26998962638369, 57.64753806627949], [-7.261468821693498, 57.64947539789428], [-7.255119986826298, 57.65674039144973], [-7.2648103137288675, 57.657999656999344], [-7.278343356472112, 57.66390851842445], [-7.259798075675814, 57.66691138242737], [-7.243758913906042, 57.671754711464345], [-7.236908855233536, 57.68115076979606], [-7.216024530012479, 57.69035309496631], [-7.209842769747047, 57.68744709754412], [-7.199149995233866, 57.69713375561807], [-7.184113281074706, 57.701202152009124], [-7.1926340857648965, 57.71001701085641], [-7.202324412667467, 57.70807967924162], [-7.2006536666497825, 57.702267684397256], [-7.228220975941577, 57.70497994865796], [-7.213017187180648, 57.715441539377814], [-7.198314622225023, 57.73394305629904], [-7.1817742366499475, 57.73772085294788], [-7.161391135234196, 57.73868951875527], [-7.144683675057351, 57.731618258361294], [-7.152703255942237, 57.7242563982251], [-7.173086357357988, 57.71766947073482], [-7.177430297003967, 57.704108149431306], [-7.192467011163128, 57.697521221941024], [-7.194973130189655, 57.69083742787001], [-7.170914387534998, 57.68376616747603], [-7.159052090809438, 57.674370109144306], [-7.15888501620767, 57.668267514557726], [-7.186786474703001, 57.65422186035051], [-7.1866194001012325, 57.64695686679505], [-7.163396030455417, 57.65431872693125], [-7.143514152844972, 57.65073466344389], [-7.13399090054417, 57.64182293801586], [-7.11778466417263, 57.64792553260244], [-7.07584893912875, 57.64686000021431], [-7.063151269394347, 57.640273072724035], [-7.087210012049004, 57.62283708819094], [-7.095062518332121, 57.610535032437035], [-7.102246726208165, 57.60791963475707], [-7.130315259305265, 57.624096353740555], [-7.152870330544005, 57.62942401568122], [-7.168074119304935, 57.63581721001002], [-7.166236298685481, 57.64269473724252], [-7.186786474703001, 57.64531013492248], [-7.191297488950749, 57.64133860511217], [-7.204997606295762, 57.641919804596604], [-7.211847664968269, 57.63775454162481], [-7.188457220720686, 57.63136134729601], [-7.200486592048014, 57.61993109076876], [-7.184280355676474, 57.61576582779696], [-7.166904597092556, 57.615862694377704], [-7.154206927358153, 57.613247296697736], [-7.154206927358153, 57.60530423707711], [-7.163061881251881, 57.60181704017049], [-7.16957779072085, 57.59474577977651]]], [[[-7.210343993552352, 57.474050020175206], [-7.226049006118586, 57.47889334921218], [-7.25044189797678, 57.48044321450401], [-7.257459031251056, 57.487514474897985], [-7.270657924790763, 57.494198268969], [-7.254117539215686, 57.505337925754034], [-7.244594286914885, 57.50591912523847], [-7.238245452047684, 57.50030086355559], [-7.224378260100902, 57.497491732714145], [-7.215690380808943, 57.4878050746402], [-7.202992711074541, 57.48305861218397], [-7.210343993552352, 57.474050020175206]]], [[[-5.9783358801117945, 57.51444338434354], [-5.99287137046565, 57.519771046284205], [-5.997716533916935, 57.52742350616262], [-5.992704295863882, 57.53575403210621], [-6.000890951350536, 57.53924122901283], [-5.980006626129479, 57.551155818443775], [-5.987190834005522, 57.55619288064223], [-5.98418349117369, 57.56520147265099], [-5.988193281616134, 57.56994793510722], [-5.977667581704721, 57.576437996016764], [-5.96380038975794, 57.57798786130859], [-5.953775913651833, 57.56849493639613], [-5.966640657988004, 57.54699055547198], [-5.963967464359708, 57.543212758823145], [-5.970483373828678, 57.53168563571516], [-5.968812627810993, 57.5266485735167], [-5.9783358801117945, 57.51444338434354]]], [[[-7.180771789039337, 57.46881922481528], [-7.190963339747212, 57.477827816824046], [-7.188958444525991, 57.48412414457211], [-7.204663457092225, 57.48683640883281], [-7.199484144437403, 57.497297999552664], [-7.183110833464095, 57.49245467051569], [-7.183779131871169, 57.50233506175111], [-7.165902149481944, 57.50049459671706], [-7.160221613021817, 57.48276801244175], [-7.169911939924387, 57.473178220948554], [-7.180771789039337, 57.46881922481528]]], [[[-6.0252838432087295, 57.4755030188863], [-6.031799752677699, 57.4814118803114], [-6.03280220028831, 57.49235780393495], [-6.021608201969824, 57.49439200213048], [-6.018600859137992, 57.484027277991366], [-6.0252838432087295, 57.4755030188863]]], [[[-7.2656456867377095, 57.39878468694069], [-7.287031235764071, 57.407599545787974], [-7.310254605409886, 57.40459668178505], [-7.334313348064543, 57.40953687740276], [-7.351354957444925, 57.42057966760705], [-7.379590565143793, 57.422807598964056], [-7.393457757090575, 57.42571359638624], [-7.395963876117102, 57.44227778169268], [-7.408661545851504, 57.44760544363335], [-7.409998142665652, 57.470369090107106], [-7.4008090395683865, 57.474050020175206], [-7.378922266736719, 57.47463121965964], [-7.372239282665982, 57.47966828185809], [-7.367728268418233, 57.49226093735422], [-7.350185435232546, 57.49400453580753], [-7.3466768685954085, 57.48422101115284], [-7.32061323071953, 57.48005574818105], [-7.306746038772749, 57.48412414457211], [-7.285193415144619, 57.478215283147], [-7.27316404381729, 57.48228367953806], [-7.248437002755559, 57.47656855127443], [-7.217194052224858, 57.46668816003901], [-7.207670799924057, 57.46077929861391], [-7.224044110897365, 57.45729210170729], [-7.231395393375177, 57.4612636315176], [-7.241419869481284, 57.45690463538433], [-7.242756466295432, 57.44712111072965], [-7.253449240808613, 57.446055578341515], [-7.26347371691472, 57.44925217550592], [-7.270323775587226, 57.441793448788985], [-7.2516114201891595, 57.431719324392084], [-7.246097958330801, 57.43753131923645], [-7.215523306207174, 57.43578772078314], [-7.203995158685151, 57.4288133269699], [-7.2106781427558895, 57.42300133212554], [-7.206167128508141, 57.415639471989344], [-7.219366022047849, 57.415639471989344], [-7.2415869440830525, 57.41079614295237], [-7.244427212313116, 57.40256248358952], [-7.271493297799605, 57.410118076887194], [-7.2656456867377095, 57.39878468694069]]], [[[-7.2085061729329, 57.38551396537939], [-7.233901512401704, 57.39151969338523], [-7.221036768065533, 57.39830035403699], [-7.223041663286755, 57.402175017266565], [-7.20833909833113, 57.408568211595366], [-7.19764632381795, 57.40769641236871], [-7.196142652402034, 57.40130321803991], [-7.187287698508306, 57.39791288771403], [-7.2085061729329, 57.38551396537939]]], [[[-6.49760374240814, 57.329525081712006], [-6.511972158160227, 57.33727440817116], [-6.493761026567466, 57.34531433437253], [-6.485073147275507, 57.34143967114295], [-6.492424429753319, 57.330396880938665], [-6.49760374240814, 57.329525081712006]]], [[[-6.050345033473997, 57.32836268274313], [-6.064546374624316, 57.33223734597271], [-6.070895209491517, 57.341052204819995], [-6.068054941261453, 57.34521746779179], [-6.0814209094029295, 57.355485325350166], [-6.083091655420613, 57.36836858058851], [-6.074403776128654, 57.378830171308365], [-6.076408671349876, 57.39297269209632], [-6.082757506217076, 57.40149695120139], [-6.0794160141817075, 57.40498414810801], [-6.084929476040067, 57.42135460025297], [-6.071897657102127, 57.44644304466448], [-6.053853600111134, 57.4617479644213], [-6.041824228783806, 57.457776434610984], [-6.030797305067088, 57.45942316648355], [-6.0224435749786664, 57.456129702738416], [-6.01124957666018, 57.46513829474718], [-6.019436232146834, 57.472306421721896], [-6.020772828960981, 57.47879648263144], [-6.01124957666018, 57.48964553967425], [-5.99938727993462, 57.49032360573943], [-5.983682267368385, 57.49933219774819], [-5.979338327722406, 57.492939003419394], [-5.984684714978997, 57.48451161089506], [-5.98535301338607, 57.475696752047774], [-6.004733667191211, 57.45080204079775], [-6.014591068695548, 57.44489317937264], [-6.025785067014034, 57.44237464827342], [-6.032300976483004, 57.43433472207205], [-6.031799752677699, 57.428038394323984], [-6.022276500376897, 57.41757680360413], [-6.017932560730918, 57.3963630224222], [-6.019269157545065, 57.39142282680449], [-6.010915427456643, 57.37853957156615], [-6.001392175155841, 57.37040277878404], [-5.99287137046565, 57.36836858058851], [-5.992704295863882, 57.358197589610874], [-6.000556802146999, 57.350060796828764], [-6.013922770288475, 57.34192400404665], [-6.021106978164518, 57.33330287836084], [-6.050345033473997, 57.32836268274313]]], [[[-5.834484647989159, 57.33262481229567], [-5.845845720909413, 57.3364026089445], [-5.8523616303783825, 57.35035139657098], [-5.833816349582085, 57.350738862893934], [-5.820784530644145, 57.34240833695035], [-5.8194479338299985, 57.33582140946007], [-5.834484647989159, 57.33262481229567]]], [[[-5.954444212058906, 57.273633064625365], [-5.9855200879878385, 57.27624846230533], [-5.9963799371027875, 57.28632258670223], [-6.004065368784136, 57.288841117801454], [-6.022944798783971, 57.30472723704272], [-6.016261814713234, 57.32032275654176], [-5.978502954713563, 57.32390682002912], [-5.96162841993495, 57.32032275654176], [-5.93038546940425, 57.310539231887084], [-5.921029291705216, 57.30298363858941], [-5.9201939186963735, 57.296977910583564], [-5.927712275775955, 57.29029411651254], [-5.935063558253766, 57.2783795270816], [-5.954444212058906, 57.273633064625365]]], [[[-5.86455807630748, 57.26849913584618], [-5.87090691117468, 57.27595786256311], [-5.854199450997836, 57.28225419031117], [-5.847516466927098, 57.2742142641098], [-5.86455807630748, 57.26849913584618]]], [[[-7.235071034614084, 57.09549542264559], [-7.26130174709173, 57.10179175039365], [-7.278677505675649, 57.107506878657276], [-7.302903322932075, 57.10741001207654], [-7.314264395852328, 57.103051015943265], [-7.345841495586566, 57.10343848226622], [-7.353192778064378, 57.10179175039365], [-7.3735758794801285, 57.10392281516992], [-7.380927161957941, 57.11060660924094], [-7.390283339656974, 57.1137063398246], [-7.393123607887038, 57.12407106396372], [-7.403983457001987, 57.1311423243577], [-7.40264686018784, 57.1365668528791], [-7.412671336293947, 57.1493532415367], [-7.408661545851504, 57.16320516258244], [-7.420523842577063, 57.180156814211834], [-7.424533633019506, 57.19255573654648], [-7.423364110807127, 57.21657864856985], [-7.429044647267254, 57.21948464599204], [-7.430715393284939, 57.23013996987337], [-7.44358013762111, 57.239632894785835], [-7.429044647267254, 57.24709162150277], [-7.425034856824812, 57.253194216089355], [-7.420523842577063, 57.28855051805924], [-7.404484680807292, 57.29455624606508], [-7.397467547533017, 57.301433773297575], [-7.400307815763081, 57.310539231887084], [-7.395295577710027, 57.326812817451305], [-7.395796801515333, 57.33456214391045], [-7.40364930779845, 57.35790698986865], [-7.412838410895715, 57.370596511945514], [-7.429378796470791, 57.38386723350681], [-7.4248677822230436, 57.390551027577835], [-7.41233718709041, 57.38716069725196], [-7.3907845634622795, 57.399462753005864], [-7.373408804878361, 57.39442569080741], [-7.36705997001116, 57.398687820359946], [-7.3526915542590725, 57.39926901984438], [-7.340829257533512, 57.40256248358952], [-7.32061323071953, 57.39355389158076], [-7.31626929107355, 57.38657949776752], [-7.284358042135776, 57.384060966668294], [-7.26998962638369, 57.378927037889106], [-7.274667715233206, 57.37311504304474], [-7.287031235764071, 57.3794113707928], [-7.2977240102772525, 57.375246107821006], [-7.294883742047189, 57.370499645364774], [-7.272328670808448, 57.36730304820038], [-7.268653029569542, 57.36187851967897], [-7.243758913906042, 57.3538385934776], [-7.253616315410381, 57.34386133566144], [-7.2207026188619965, 57.34899526444063], [-7.221036768065533, 57.34415193540366], [-7.23223076638402, 57.33553080971785], [-7.252446793198002, 57.33243107913419], [-7.254284613817455, 57.32962194829275], [-7.276839685056196, 57.330396880938665], [-7.270490850188994, 57.32371308686764], [-7.257124882047519, 57.325844151643906], [-7.241085720277748, 57.31974155705733], [-7.234068587003472, 57.324003686609856], [-7.222039215676144, 57.32051648970324], [-7.224378260100902, 57.31577002724701], [-7.220034320454922, 57.3012400401361], [-7.204997606295762, 57.30647083549603], [-7.192132861959591, 57.299593308263525], [-7.202491487269235, 57.29465311264582], [-7.1986487714285605, 57.29058471625476], [-7.203326860278077, 57.280898058180824], [-7.218029425233701, 57.279154459727515], [-7.225547782313281, 57.28244792347265], [-7.232063691782251, 57.27324559830241], [-7.253115091605076, 57.26036234306407], [-7.242756466295432, 57.24883521995608], [-7.255287061428065, 57.24515428988798], [-7.259798075675814, 57.23982662794731], [-7.258795628065203, 57.2289775709045], [-7.266815208950089, 57.22452170819049], [-7.283522669126934, 57.22268124315644], [-7.302903322932075, 57.225296640836405], [-7.300063054702011, 57.234111499683685], [-7.31844126089654, 57.234111499683685], [-7.337153616294607, 57.231399235422984], [-7.344170749568882, 57.23817989607474], [-7.357703792312126, 57.233433433618515], [-7.347846390807788, 57.22500604109418], [-7.335482870276922, 57.224327975029006], [-7.317940037091235, 57.229849370131156], [-7.310087530808118, 57.22655590638601], [-7.298893532489632, 57.21483505011655], [-7.290539802401209, 57.2129945850825], [-7.273498193020827, 57.21502878327802], [-7.259965150277583, 57.205535858365565], [-7.263807866118256, 57.19274946970796], [-7.250608972578549, 57.18364401111845], [-7.24626503293257, 57.17095448904159], [-7.256456583640444, 57.1530341716048], [-7.270490850188994, 57.149740707859664], [-7.28402389293224, 57.149740707859664], [-7.303070397533842, 57.157877500641774], [-7.310421680011655, 57.14993444102114], [-7.323453498949593, 57.15923363277212], [-7.346008570188335, 57.15545583612329], [-7.349851286029009, 57.15012817418262], [-7.340662182931744, 57.13782611842871], [-7.313596097445255, 57.13763238526724], [-7.289537354790598, 57.142475714304204], [-7.261134672489962, 57.139860316624244], [-7.246599182136106, 57.13569505365245], [-7.244928436118421, 57.128139460354774], [-7.234402736207009, 57.12591152899777], [-7.2227075140832175, 57.118355935700095], [-7.2207026188619965, 57.112834540597945], [-7.228388050543345, 57.09820768690629], [-7.235071034614084, 57.09549542264559]]], [[[-6.226107514534408, 57.12881752641995], [-6.248996734976686, 57.13782611842871], [-6.25601386825096, 57.14954697469818], [-6.2374685874546625, 57.156037035607724], [-6.217920859047753, 57.158846166449166], [-6.215414740021227, 57.16485189445501], [-6.205724413118657, 57.166014293423885], [-6.1833364164816835, 57.16281769625948], [-6.179994924446316, 57.156811968253635], [-6.185675460906443, 57.14993444102114], [-6.211572024180553, 57.14470364566121], [-6.203719517897435, 57.1360825199754], [-6.226107514534408, 57.12881752641995]]], [[[-7.292210548418893, 57.05248666079729], [-7.308918008595739, 57.05955792119127], [-7.310588754613423, 57.06585424893933], [-7.3045740689497585, 57.072441176429614], [-7.312593649834644, 57.079028103919896], [-7.310755829215191, 57.08910222831679], [-7.301566726117927, 57.086971163540525], [-7.279178729480954, 57.09171762599676], [-7.271994521604911, 57.076993905724365], [-7.280348251693333, 57.07292550933331], [-7.284190967534007, 57.057233123253525], [-7.292210548418893, 57.05248666079729]]], [[[-7.388111369833984, 57.04241253640039], [-7.402813934789608, 57.0478370649218], [-7.378588117533182, 57.059267321449056], [-7.371403909657139, 57.0520023278936], [-7.388111369833984, 57.04241253640039]]], [[[-7.324121797356668, 57.014127494824486], [-7.344003674967113, 57.02100502205698], [-7.3277974385955735, 57.023911019479165], [-7.324121797356668, 57.014127494824486]]], [[[-6.595342384442684, 57.04183133691596], [-6.607538830371781, 57.04677153253367], [-6.6105461732036135, 57.05161486157064], [-6.591332594000241, 57.06042972041793], [-6.560757941876615, 57.06285138493641], [-6.555077405416488, 57.06662918158525], [-6.537200423027263, 57.06963204558817], [-6.529180842142377, 57.067210381069685], [-6.507126994708942, 57.07127877746074], [-6.4877463409038025, 57.06759784739264], [-6.488414639310875, 57.06004225409497], [-6.50411965187711, 57.05607072428465], [-6.535028453204273, 57.05607072428465], [-6.549731018159897, 57.05810492248018], [-6.556414002230635, 57.05064619576324], [-6.568109224354426, 57.045512266984055], [-6.5816422670976715, 57.045512266984055], [-6.595342384442684, 57.04183133691596]]], [[[-6.468031537895125, 57.042896869304094], [-6.506959920107174, 57.04657779937219], [-6.505623323293026, 57.05393965950839], [-6.492090280549782, 57.05393965950839], [-6.468031537895125, 57.042896869304094]]], [[[-7.3318072290380165, 57.005893835461634], [-7.340495108329976, 57.009768498691216], [-7.362548955763411, 57.012287029790436], [-7.360376985940421, 57.016064826439276], [-7.342834152754734, 57.0180990246348], [-7.3318072290380165, 57.01112463082156], [-7.3318072290380165, 57.005893835461634]]], [[[-7.365723373197012, 56.99136384835073], [-7.377418595320803, 56.99678837687213], [-7.3658904477987805, 57.00056617352097], [-7.365723373197012, 56.99136384835073]]], [[[-6.017097187722076, 57.017808424892586], [-6.019770381350371, 57.03040108038871], [-6.029293633651172, 57.039215939235994], [-6.036644916128984, 57.05674879034983], [-6.021608201969824, 57.07137564404148], [-6.005234890996515, 57.07379730855996], [-6.008743457633653, 57.07951243682359], [-6.008242233828348, 57.09007089412418], [-5.998050683120471, 57.10334161568549], [-5.988527430819671, 57.10450401465436], [-5.991367699049734, 57.111187808725376], [-6.004232443385905, 57.11574053802013], [-5.995377489492177, 57.12620212873998], [-5.981176148341858, 57.131820390422874], [-5.9683114040056875, 57.14111958217386], [-5.941579467722736, 57.14693157701822], [-5.931722066218397, 57.15855556670695], [-5.920360993298143, 57.160299165160254], [-5.91518168064332, 57.16562682710092], [-5.896970549050559, 57.16572369368166], [-5.877088671440113, 57.168532824523105], [-5.855201898608446, 57.176766483885956], [-5.858209241440278, 57.18073801369627], [-5.8812655364843245, 57.17618528440152], [-5.89262660940458, 57.17947874814666], [-5.903820607723066, 57.172310621171945], [-5.921530515510522, 57.17114822220307], [-5.935397707457303, 57.175991551240045], [-5.981176148341858, 57.16737042555423], [-5.995878713297483, 57.1731824203986], [-5.993038445067418, 57.185678209313984], [-6.011416651261948, 57.20602019126926], [-6.020271605155676, 57.206504524172956], [-6.02411432099635, 57.218031647280945], [-6.029794857456478, 57.22461857477123], [-6.041323004978501, 57.22452170819049], [-6.037814438341363, 57.21590058250468], [-6.027789962235256, 57.20853872236848], [-6.0252838432087295, 57.19497740106497], [-6.029460708252941, 57.18345027795698], [-6.038315662146669, 57.17899441524296], [-6.048507212854544, 57.17967248130814], [-6.048674287456313, 57.16833909136163], [-6.083258730022382, 57.12688019480516], [-6.1006344886063015, 57.136179386556144], [-6.112830934535397, 57.137148052363536], [-6.106816248871734, 57.14586604463008], [-6.108654069491187, 57.15313103818554], [-6.101971085420448, 57.17008268981494], [-6.1106589647124085, 57.177541416531874], [-6.112496785331861, 57.190327805189476], [-6.122855410641504, 57.19149020415835], [-6.130707916924623, 57.18441894376437], [-6.145577556482014, 57.188196740413204], [-6.150589794535067, 57.19594606687236], [-6.168132627720755, 57.19856146455233], [-6.164624061083618, 57.18267534531106], [-6.174147313384419, 57.174151086205995], [-6.188849878340044, 57.17424795278673], [-6.2129086209947, 57.17715395020892], [-6.237134438251125, 57.17124508878381], [-6.253340674622665, 57.170567022718636], [-6.3084752932062536, 57.16010543199878], [-6.3164948740911395, 57.16456129471279], [-6.313487531259307, 57.17172942168751], [-6.303797204356737, 57.1736667533023], [-6.2936056536488625, 57.180059947631094], [-6.283414102940986, 57.19061840493169], [-6.284750699755135, 57.20137059539377], [-6.2964459218789255, 57.20059566274785], [-6.313988755064613, 57.19265260312722], [-6.335875527896279, 57.185581342733244], [-6.344229257984702, 57.18529074299102], [-6.362106240373927, 57.191974537062045], [-6.3834917894002885, 57.210863520306226], [-6.387167430639194, 57.21880657992686], [-6.380651521170225, 57.22742770561267], [-6.354420808692578, 57.22752457219341], [-6.346568302409461, 57.234111499683685], [-6.343560959577628, 57.25077255157087], [-6.351580540462514, 57.249610152601996], [-6.354420808692578, 57.237889296332526], [-6.363776986391612, 57.23478956574886], [-6.384828386214436, 57.23556449839478], [-6.405044413028419, 57.23227103464964], [-6.426095812851243, 57.241376493239144], [-6.427098260461854, 57.24990075234421], [-6.448985033293521, 57.26065294280629], [-6.461682703027924, 57.28118865792304], [-6.458508285594323, 57.28622572012149], [-6.476385267983547, 57.287969318574795], [-6.481898729841906, 57.291456515481414], [-6.480060909222454, 57.30191810620127], [-6.482734102850748, 57.31102356479078], [-6.443972795240468, 57.32196948841433], [-6.4157371875416, 57.3368869418482], [-6.406715159046103, 57.3314624133268], [-6.3863320576303515, 57.32642535112834], [-6.37146241807296, 57.318579158088454], [-6.356592778515568, 57.30298363858941], [-6.338214572321038, 57.29784970981022], [-6.342057288161713, 57.30579276943085], [-6.370627045064118, 57.327684616677956], [-6.3915113702851745, 57.33950233952817], [-6.398027279754144, 57.338533673720775], [-6.4075505320549455, 57.346476733341404], [-6.428434857276002, 57.34957646392506], [-6.4464789142669945, 57.348220331794714], [-6.457171688780175, 57.34977019708654], [-6.455835091966028, 57.36042552096788], [-6.481230431434833, 57.36672184871594], [-6.470370582319883, 57.375246107821006], [-6.485240221877275, 57.38105810266537], [-6.488414639310875, 57.38822622964009], [-6.481898729841906, 57.395878689518504], [-6.49442932497454, 57.40178755094361], [-6.49760374240814, 57.388807429124526], [-6.50846359152309, 57.38299543428016], [-6.526173499310546, 57.38318916744164], [-6.516483172407975, 57.393166425257796], [-6.53319063258482, 57.4096337439835], [-6.552237137186424, 57.38541709879865], [-6.561092091080152, 57.390260427835614], [-6.569779970372111, 57.377861505500974], [-6.563264060903142, 57.36565631632781], [-6.56777507515089, 57.358875655676044], [-6.56343113550491, 57.348317198375454], [-6.565770179929668, 57.33611200920229], [-6.582143490902977, 57.333012278618625], [-6.611882770017761, 57.34386133566144], [-6.6245804397521635, 57.350835729474674], [-6.647803809397978, 57.35345112715464], [-6.6526489728492635, 57.35790698986865], [-6.671361328247329, 57.35664772431904], [-6.686565117008259, 57.36468765052041], [-6.720815410370791, 57.37224324381808], [-6.734348453114036, 57.38735443041343], [-6.729169140459214, 57.39529749003407], [-6.735183826122878, 57.402175017266565], [-6.73819116895471, 57.412249141663466], [-6.751724211697955, 57.42212953289888], [-6.76091331479522, 57.42232326606036], [-6.764756030635894, 57.428038394323984], [-6.782967162228655, 57.42774779458177], [-6.7866428034675605, 57.439759250593454], [-6.7786232225826755, 57.44189031536972], [-6.780126893998591, 57.458067034353206], [-6.751891286299723, 57.45719523512655], [-6.7435375562113, 57.45186757318588], [-6.72315445479555, 57.45031770789405], [-6.727164245237992, 57.45690463538433], [-6.742869257804227, 57.46455709526274], [-6.749552241874964, 57.48363981166841], [-6.748048570459049, 57.500107130394106], [-6.733011856299888, 57.509115722402875], [-6.71663854532658, 57.513474718536145], [-6.705611621609862, 57.50591912523847], [-6.703272577185103, 57.49991339723263], [-6.685896818601185, 57.48344607850693], [-6.670525955238487, 57.47288762120633], [-6.66801983621196, 57.46106989835612], [-6.654319718866947, 57.45942316648355], [-6.648806257008589, 57.45002710815183], [-6.638280557097176, 57.44218091511194], [-6.621573096920331, 57.434431588652785], [-6.610212024000076, 57.4447963127919], [-6.591165519398473, 57.44373078040377], [-6.590497220991399, 57.448864709182956], [-6.603027816124033, 57.4585513672569], [-6.618231604884961, 57.45884196699912], [-6.613386441433677, 57.46736622610419], [-6.623243842938016, 57.473178220948554], [-6.628590230194606, 57.48983927283573], [-6.637779333291871, 57.50310999439703], [-6.618565754088499, 57.5015601291052], [-6.603194890725801, 57.50940632214509], [-6.594005787628537, 57.508147056595476], [-6.573789760814554, 57.49410140238827], [-6.562929911699605, 57.49603873400305], [-6.56677262754028, 57.50233506175111], [-6.560590867274847, 57.50805019001474], [-6.5856520575401145, 57.52219271080269], [-6.604030263734644, 57.53614149842917], [-6.614388889044288, 57.53856316294765], [-6.646801361787367, 57.554836748511875], [-6.640118377716629, 57.562973541293985], [-6.641454974530777, 57.569269869042046], [-6.634103692052965, 57.58137819163447], [-6.633101244442354, 57.595230112680206], [-6.638113482495408, 57.600751507782356], [-6.6274207079822265, 57.6057885699808], [-6.615391336654898, 57.60569170340006], [-6.602025368513422, 57.596973711133515], [-6.5893276987790195, 57.59406771371133], [-6.574625133823396, 57.5797314597619], [-6.569111671965038, 57.57178840014127], [-6.568944597363269, 57.55725841303036], [-6.565436030726131, 57.54824982102159], [-6.553239584797035, 57.54389082488832], [-6.538537019841411, 57.54708742205272], [-6.527677170726461, 57.54069422772392], [-6.51380997877968, 57.537691363720995], [-6.499942786832898, 57.53168563571516], [-6.495097623381614, 57.52471124190192], [-6.485741445682581, 57.52306451002935], [-6.472709626744641, 57.513668451697626], [-6.461849777629692, 57.50281939465481], [-6.455500942762491, 57.5005914632978], [-6.43612028895735, 57.517155648604245], [-6.42542751444417, 57.51424965118206], [-6.432611722320213, 57.50233506175111], [-6.3995309511700595, 57.50940632214509], [-6.406882233647872, 57.52306451002935], [-6.400366324178902, 57.52829530538928], [-6.385329610019742, 57.52190211106048], [-6.374135611701256, 57.50117266278224], [-6.3662831054181375, 57.50407866020442], [-6.348573197630682, 57.49497320161492], [-6.34773782462184, 57.48257427928027], [-6.34122191515287, 57.48334921192619], [-6.328023021613163, 57.47511555256334], [-6.321340037542425, 57.48703014199429], [-6.332868185064448, 57.498169798779315], [-6.353585435683735, 57.508147056595476], [-6.369624597453507, 57.51957731312273], [-6.372966089488877, 57.53430103339512], [-6.382155192586141, 57.540500494562444], [-6.398528503559449, 57.56239234180955], [-6.3843271624091305, 57.56336100761694], [-6.374469760904792, 57.571110334076096], [-6.3594330467456315, 57.588933784932145], [-6.368789224444665, 57.59048365022397], [-6.37898077515254, 57.58515598828331], [-6.395187011524079, 57.58573718776775], [-6.391845519488712, 57.59145231603137], [-6.397191906745301, 57.60791963475707], [-6.39418456391347, 57.61276296379404], [-6.412896919311535, 57.630392681488615], [-6.427766558868928, 57.64211353775808], [-6.421751873205263, 57.648216132344665], [-6.406213935240798, 57.65054093028241], [-6.4107249494885465, 57.65964638887191], [-6.378145402143698, 57.660711921260045], [-6.353585435683735, 57.6711735119799], [-6.344730481790007, 57.68037583715015], [-6.343226810374092, 57.6881251636093], [-6.354922032497884, 57.695874490068455], [-6.347236600816535, 57.7018802180743], [-6.330696215241458, 57.69965228671729], [-6.317831470905287, 57.70497994865796], [-6.29694714568423, 57.707595346337925], [-6.291934907631177, 57.70003975304025], [-6.297615444091305, 57.694227758195886], [-6.2658712697553, 57.681441369538284], [-6.253173600020897, 57.67475757546726], [-6.245822317543085, 57.660808787840786], [-6.239640557277652, 57.656546658288256], [-6.235296617631672, 57.63736707530185], [-6.220594052676049, 57.63417047813745], [-6.2065597861274995, 57.63717334214037], [-6.1913559973665695, 57.6332986789108], [-6.175985134003872, 57.62012482393023], [-6.166628956304839, 57.6030763057201], [-6.156938629402269, 57.59774864377943], [-6.150589794535067, 57.58651212041366], [-6.1395628708183505, 57.58302492350704], [-6.146580004092625, 57.57430693124049], [-6.148751973915615, 57.565588938973946], [-6.138727497809508, 57.54650622256828], [-6.142904362853719, 57.534204166814376], [-6.140064094623655, 57.52587364087079], [-6.143739735862561, 57.505725392077], [-6.148417824712078, 57.500010263813365], [-6.1424031390484135, 57.494198268969], [-6.1363884533847495, 57.47269388804485], [-6.14056531842896, 57.449639641828874], [-6.145744631083783, 57.430072592519515], [-6.150756869136837, 57.42426059767515], [-6.167297254711913, 57.41912666889596], [-6.173479014977346, 57.412830341147895], [-6.1885157291365065, 57.414767672762686], [-6.200378025862066, 57.40876194475685], [-6.196869459224929, 57.40314368307396], [-6.200879249667372, 57.39200402628892], [-6.183002267278147, 57.400528285393996], [-6.161783792853554, 57.40634028023836], [-6.142068989844876, 57.40614654707688], [-6.12770057409279, 57.39752542139107], [-6.124192007455653, 57.387741896736394], [-6.1323786629423065, 57.37534297440175], [-6.146245854889088, 57.37108084484921], [-6.1255286042698, 57.35374172689686], [-6.117007799579609, 57.34173027088517], [-6.10715039807527, 57.33524020997563], [-6.108152845685881, 57.329331348550525], [-6.100133264800995, 57.32206635499507], [-6.131877439137002, 57.31625436015071], [-6.155602032588121, 57.30269303884719], [-6.147248302499699, 57.29998077458649], [-6.139228721614813, 57.30637396891529], [-6.119346844004367, 57.313348362728526], [-6.104644279048744, 57.314898228020354], [-6.082924580818846, 57.310539231887084], [-6.070226911084443, 57.31441389511666], [-6.04783891444747, 57.30918309975673], [-6.050345033473997, 57.29775284322948], [-6.046001093828018, 57.29019724993181], [-6.078580641172866, 57.27653906204755], [-6.080418461792318, 57.27305186514093], [-6.070226911084443, 57.26685240397361], [-6.059868285774799, 57.27392366436759], [-6.020605754359213, 57.28767871883258], [-6.005234890996515, 57.27963879263121], [-5.993873818076261, 57.27043646746097], [-5.974994388076426, 57.270049001138005], [-5.94642463117402, 57.26259027442107], [-5.939240423297978, 57.259199944095194], [-5.927712275775955, 57.26414013971291], [-5.904655980731908, 57.25290361634713], [-5.910670666395572, 57.2417639595621], [-5.885776550732073, 57.237986162913266], [-5.878759417457799, 57.2390516953014], [-5.87107398577645, 57.24651042201833], [-5.856204346219057, 57.249707019182736], [-5.844676198697034, 57.24902895311756], [-5.823123575068903, 57.25716574589967], [-5.810760054538038, 57.25619708009227], [-5.790878176927593, 57.265399405262514], [-5.771163373918915, 57.271889466172055], [-5.760303524803966, 57.27140513326836], [-5.743094840821816, 57.27479546359424], [-5.71135066648581, 57.270145867718746], [-5.713188487105263, 57.26259027442107], [-5.670751538256077, 57.26491507235882], [-5.661562435158812, 57.26404327313217], [-5.648697690822641, 57.25658454641523], [-5.648697690822641, 57.25203181712048], [-5.6654051509994865, 57.23847049581696], [-5.6674100462207075, 57.23178670174594], [-5.662564882769423, 57.225199774255664], [-5.669247866840161, 57.21599744908542], [-5.6690807922383915, 57.20902305527218], [-5.716864128344169, 57.18412834402215], [-5.750279048697859, 57.176669617305215], [-5.761138897812808, 57.17105135562233], [-5.781020775423254, 57.166886092650536], [-5.802072175246079, 57.17696021704744], [-5.797561160998331, 57.15274357186259], [-5.8034087720602265, 57.14906264179449], [-5.798062384803636, 57.136276253136884], [-5.8042441450690685, 57.121068199960796], [-5.813266173564566, 57.11806533595787], [-5.823624798874209, 57.109347343691326], [-5.835320020998001, 57.10808807814171], [-5.849855511351857, 57.11196274137129], [-5.855536047811984, 57.10915361052985], [-5.863722703298638, 57.09394555735376], [-5.870572761971144, 57.08648683063683], [-5.8884497443603685, 57.0812560352769], [-5.886946072944452, 57.07680017256288], [-5.896803474448791, 57.068857112942254], [-5.9013144886965385, 57.05955792119127], [-5.937736751882062, 57.03882847291304], [-5.955279585067748, 57.03534127600642], [-5.960625972324339, 57.03049794696945], [-5.9746602388728896, 57.031079146453884], [-5.9963799371027875, 57.024104752640646], [-6.010748352854874, 57.02517028502878], [-6.017097187722076, 57.017808424892586]]], [[[-7.533466273372537, 56.909027254722226], [-7.549171285938771, 56.90922098788371], [-7.559529911248415, 56.922491709445005], [-7.545328570098096, 56.920748110991696], [-7.541820003460959, 56.92675383899754], [-7.552178628770603, 56.93014416932342], [-7.567215342929764, 56.9303379024849], [-7.570222685761596, 56.93886216158997], [-7.5516774049652975, 56.944964756176546], [-7.562704328682015, 56.9559106798001], [-7.5548518223988985, 56.96143207490225], [-7.557023792221888, 56.965984804197], [-7.542655376469801, 56.972862331429496], [-7.524611319478809, 56.971990532202845], [-7.507736784700195, 56.99330117996551], [-7.513417321160322, 56.99552911132252], [-7.506901411691353, 57.003472170943155], [-7.514586843372702, 57.01034969817565], [-7.5107441275320275, 57.014127494824486], [-7.498046457797625, 57.01344942875931], [-7.47916702779779, 57.015774226697054], [-7.4569461057625865, 57.024104752640646], [-7.447422853461784, 57.04125013743152], [-7.455943658151975, 57.0579111893187], [-7.4445825852317205, 57.05849238880314], [-7.442911839214036, 57.0488057307292], [-7.42302996160359, 57.04793393150254], [-7.420356767975296, 57.04483420091888], [-7.432553213904392, 57.03078854671166], [-7.449260674081238, 57.02362041973695], [-7.445919182045868, 57.019745756507376], [-7.4196884695682215, 57.01441809456671], [-7.39830292054186, 57.00444083675055], [-7.420523842577063, 57.002503505135756], [-7.4136737839045574, 56.99669151029139], [-7.402981009391376, 57.00037244035949], [-7.378922266736719, 56.990104582801116], [-7.383767430188005, 56.981870923438265], [-7.396465099922407, 56.98128972395383], [-7.407826172842661, 56.97615579517464], [-7.4188530965593795, 56.9760589285939], [-7.428710498063718, 56.96724406974661], [-7.44358013762111, 56.959301010125984], [-7.433388586913234, 56.95649187928454], [-7.4586168517802705, 56.94641775488764], [-7.4826755944349275, 56.94622402172616], [-7.483510967443769, 56.953876481604574], [-7.490862249921582, 56.955620080057884], [-7.511245351337332, 56.945933421983945], [-7.520601529036366, 56.94825821992169], [-7.5376431384167475, 56.93818409552479], [-7.517761260806302, 56.93382509939152], [-7.532463825761926, 56.92685070557828], [-7.534301646381379, 56.921619910218354], [-7.501722099036531, 56.92103871073392], [-7.503894068859521, 56.91687344776212], [-7.533466273372537, 56.909027254722226]]], [[[-7.444749659833489, 56.910867719756276], [-7.4505972708953845, 56.920554377830214], [-7.435894705939761, 56.91764838040803], [-7.444749659833489, 56.910867719756276]]], [[[-6.311148486834549, 56.93489063177965], [-6.327688872409626, 56.93634363049074], [-6.343059735772323, 56.947580153856514], [-6.369123373648202, 56.952036016570524], [-6.369624597453507, 56.962110140967425], [-6.376975879931319, 56.971021866395446], [-6.3940174893117, 56.97509026278651], [-6.4135652177186095, 56.98681111905597], [-6.432110498514907, 56.99601344422622], [-6.452994823735964, 57.0026003717165], [-6.43612028895735, 57.01926142360367], [-6.406882233647872, 57.031079146453884], [-6.398862652762986, 57.04154073717374], [-6.370125821258812, 57.05335846002395], [-6.3534183610819674, 57.05074306234398], [-6.335541378692743, 57.059945387514226], [-6.329192543825542, 57.06013912067571], [-6.308976517011559, 57.05229292763582], [-6.28191043152507, 57.03960340555895], [-6.273055477631342, 57.04066893794709], [-6.254510196835044, 57.032919611487934], [-6.2474930635607695, 57.02013322283033], [-6.260023658693403, 57.01693662566593], [-6.275728671259637, 57.01654915934297], [-6.2792372378967745, 57.0112214974023], [-6.242647900109484, 57.00831549998012], [-6.238303960463504, 57.003375304362415], [-6.249330884180223, 56.99281684706182], [-6.249163809578453, 56.97257173168728], [-6.2603578078969395, 56.96530673813182], [-6.269713985595973, 56.955620080057884], [-6.28625437117105, 56.95242348289348], [-6.2892617140028815, 56.94535222249951], [-6.311148486834549, 56.93489063177965]]], [[[-7.505230665673668, 56.880451613404105], [-7.532965049567231, 56.88868527276695], [-7.537141914611443, 56.89595026632241], [-7.532965049567231, 56.90137479484382], [-7.510911202133796, 56.90205286090899], [-7.499048905408236, 56.898371930840895], [-7.497879383195857, 56.891010070704695], [-7.505230665673668, 56.880451613404105]]], [[[-7.56871901434568, 56.84742010937196], [-7.594448503018021, 56.848873108083055], [-7.594782652221558, 56.85797856667256], [-7.5789105650535555, 56.861562630159916], [-7.558694538239573, 56.85642870138073], [-7.56871901434568, 56.84742010937196]]], [[[-6.14056531842896, 56.871443021395336], [-6.17297779117204, 56.87386468591382], [-6.191523071968338, 56.87967668075819], [-6.196201160817855, 56.8841325434722], [-6.210068352764637, 56.88868527276695], [-6.2065597861274995, 56.89217246967357], [-6.207395159136341, 56.9074773894304], [-6.191690146570107, 56.91416118350142], [-6.177822954623325, 56.91600164853546], [-6.16211794205709, 56.91357998401698], [-6.155602032588121, 56.919004512538386], [-6.161115494446481, 56.92559144002867], [-6.156938629402269, 56.93208150093821], [-6.160614270641175, 56.93750602945961], [-6.151091018340374, 56.94186502559289], [-6.136889677190055, 56.94428669011137], [-6.118845620199062, 56.93547183126409], [-6.111661412323018, 56.924525907640536], [-6.118678545597294, 56.89575653316093], [-6.117007799579609, 56.8878134735403], [-6.134717707367065, 56.87957981417745], [-6.14056531842896, 56.871443021395336]]], [[[-7.649416046999842, 56.795983954999336], [-7.659774672309485, 56.80412074778145], [-7.655430732663506, 56.811095141594684], [-7.658939299300643, 56.820878666249364], [-7.631539064610617, 56.8251407958019], [-7.622851185318658, 56.822912864444895], [-7.620345066292131, 56.81496980482426], [-7.629200020185859, 56.8109014084332], [-7.622182886911584, 56.80257088248962], [-7.641563540716724, 56.79637142132229], [-7.649416046999842, 56.795983954999336]]], [[[-7.637052526468976, 56.77816050414329], [-7.656099031070579, 56.78842836170166], [-7.643902585141483, 56.78988136041275], [-7.616836499654994, 56.787556562475004], [-7.6246890059381105, 56.78019470233881], [-7.637052526468976, 56.77816050414329]]], [[[-6.235797841436978, 56.823009731025635], [-6.247827212764307, 56.832793255680315], [-6.258185838073951, 56.826496927932254], [-6.272721328427806, 56.82969352509665], [-6.275060372852564, 56.835408653360275], [-6.263198076127004, 56.8420924474313], [-6.251669928604981, 56.84034884897799], [-6.224603843118492, 56.845385911176436], [-6.214913516215921, 56.83618358600619], [-6.22694288754325, 56.83308385542253], [-6.235797841436978, 56.823009731025635]]], [[[-5.851359182767772, 56.785909830602435], [-5.867899568342849, 56.79104375938162], [-5.8876143713515265, 56.79259362467346], [-5.876754522236577, 56.81061080869099], [-5.861049509670343, 56.80557374649254], [-5.843840825688192, 56.803152081974055], [-5.833649274980316, 56.796758887645254], [-5.8262979925025045, 56.80053668429409], [-5.809256383122122, 56.794918422611204], [-5.851359182767772, 56.785909830602435]]], [[[-5.915515829846857, 56.65717414479976], [-5.950935645421769, 56.658336543768634], [-5.936066005864377, 56.66715140261592], [-5.925206156749427, 56.668507534746276], [-5.915515829846857, 56.65717414479976]]], [[[-5.889619266572748, 56.65097468363244], [-5.895968101439948, 56.661242541190816], [-5.885609476130305, 56.66937933397293], [-5.871408134979986, 56.66540780416261], [-5.872577657192366, 56.66075820828712], [-5.889619266572748, 56.65097468363244]]], [[[-6.692078578866617, 56.56272922857884], [-6.700265234353272, 56.57357828562165], [-6.709788486654073, 56.579390280466015], [-6.695252996300218, 56.582102544726716], [-6.6787126107251416, 56.59537326628802], [-6.667852761610192, 56.59052993725105], [-6.654486793468716, 56.594695200222844], [-6.645965988778524, 56.60060406164794], [-6.63894885550425, 56.613584183467026], [-6.629091453999911, 56.62017111095731], [-6.622575544530942, 56.61929931173065], [-6.614054739840751, 56.62607997238241], [-6.617563306477889, 56.631601367484556], [-6.611214471610687, 56.63741336232892], [-6.599686324088664, 56.6380914283941], [-6.594172862230305, 56.645162688788076], [-6.582644714708282, 56.64613135459547], [-6.569278746566805, 56.65097468363244], [-6.5656031053279005, 56.658627143510856], [-6.547893197540445, 56.660273875383425], [-6.532355259575978, 56.67228533139511], [-6.506124547098331, 56.68139078998461], [-6.47287670134641, 56.69049624857412], [-6.453830196744806, 56.68671845192528], [-6.454331420550112, 56.67509446223655], [-6.459343658603165, 56.66569840390483], [-6.480060909222454, 56.642353557946635], [-6.485073147275507, 56.64109429239702], [-6.493092728160392, 56.62762983767424], [-6.506458696301868, 56.61639331430847], [-6.5186551422309655, 56.623367708121705], [-6.522999081876945, 56.61513404875886], [-6.544885854708612, 56.604672458039005], [-6.550065167363434, 56.59479206680358], [-6.5604237926730775, 56.59692313157985], [-6.565770179929668, 56.58801140615182], [-6.603863189132875, 56.58336181027633], [-6.6205706493097205, 56.57871221440084], [-6.618899903292036, 56.5882051393133], [-6.628924379398143, 56.59033620408957], [-6.631096349221133, 56.57784041517419], [-6.643961093557303, 56.57251275323352], [-6.6446293919643775, 56.581327612080806], [-6.659164882318232, 56.5845242092452], [-6.678545536123373, 56.581424478661546], [-6.680550431344594, 56.57076915478021], [-6.692078578866617, 56.56272922857884]]], [[[-5.395078445338132, 56.57842161465862], [-5.4042675484353975, 56.586558407440734], [-5.399255310382344, 56.59266100202731], [-5.383884447019646, 56.59266100202731], [-5.395078445338132, 56.57842161465862]]], [[[-5.429328738700665, 56.52504812867121], [-5.421309157815779, 56.53279745513036], [-5.408945637284914, 56.537156451263634], [-5.400926056400028, 56.53483165332589], [-5.412454203922051, 56.52795412609339], [-5.429328738700665, 56.52504812867121]]], [[[-6.278568939489701, 56.47399944062154], [-6.281743356923302, 56.481651900499955], [-6.299286190108989, 56.480586368111815], [-6.307974069400949, 56.49007929302428], [-6.301124010728442, 56.495988154449385], [-6.280072610905617, 56.497828619483435], [-6.274726223649027, 56.492113491219804], [-6.253841898427971, 56.494244555996076], [-6.278568939489701, 56.47399944062154]]], [[[-6.911781680192131, 56.44038673710496], [-6.930326960988428, 56.443777067430844], [-6.943024630722831, 56.45685405583066], [-6.966248000368646, 56.45850078770323], [-6.978110297094205, 56.45201072679369], [-6.981618863731343, 56.45927572034915], [-6.971093163819931, 56.466250114162385], [-6.976272476474753, 56.47128717636083], [-6.978945670103048, 56.48378296527622], [-6.973766357448226, 56.48833569457097], [-6.987132325589702, 56.50538421278111], [-6.975938327271216, 56.5169113358891], [-6.967417522581025, 56.52088286569941], [-6.95505400205016, 56.52088286569941], [-6.951044211607717, 56.52901965848152], [-6.931997707006113, 56.52940712480448], [-6.920135410280553, 56.526501127382296], [-6.912784127802741, 56.53066639035409], [-6.900253532670107, 56.523595129960114], [-6.886386340723326, 56.519333000407585], [-6.874189894794229, 56.51875180092314], [-6.849295779130729, 56.53231312222666], [-6.832421244352116, 56.539868715524335], [-6.817384530192956, 56.543355912430954], [-6.806023457272701, 56.54132171423543], [-6.797836801786047, 56.5351222530681], [-6.776785401963222, 56.53783451732881], [-6.7634194338217455, 56.54451831139983], [-6.754564479928018, 56.55643290083078], [-6.747213197450206, 56.54742430882201], [-6.737522870547636, 56.54209664688134], [-6.728834991255677, 56.54287157952726], [-6.723321529397317, 56.52960085796596], [-6.752392510105028, 56.528341592416346], [-6.765758478246505, 56.52311079705642], [-6.78246593842335, 56.52776039293191], [-6.803517338246174, 56.523982596283076], [-6.81370888895405, 56.51516773743579], [-6.797168503378973, 56.50858080994551], [-6.806524681078006, 56.494050822834595], [-6.814878411166429, 56.487754495086534], [-6.824902887272536, 56.49007929302428], [-6.856647061608541, 56.49279155728498], [-6.878700909041977, 56.487754495086534], [-6.883044848687957, 56.48039263495034], [-6.897413264440043, 56.470609110295655], [-6.890897354971074, 56.460050652995065], [-6.89457299620998, 56.454335524731434], [-6.892066877183453, 56.44581126562637], [-6.911781680192131, 56.44038673710496]]], [[[-6.203552443295667, 56.4601475195758], [-6.209065905154025, 56.462569184094285], [-6.208063457543415, 56.472449575329705], [-6.22477091772026, 56.467896846034954], [-6.235463692233441, 56.46857491210013], [-6.2623627031181615, 56.47545243933263], [-6.266372493560604, 56.478842769658506], [-6.2494979587819905, 56.49637562077234], [-6.229950230375082, 56.49531008838421], [-6.220761127277817, 56.500250284001915], [-6.199542652853224, 56.49346962335016], [-6.188682803738274, 56.48513909740657], [-6.176653432410946, 56.48378296527622], [-6.169302149933134, 56.48736702876358], [-6.161950867455323, 56.479714568885164], [-6.1495873469244575, 56.47506497300967], [-6.160113046835869, 56.4633441167402], [-6.185842535508211, 56.466346980743126], [-6.203552443295667, 56.4601475195758]]], [[[-6.090275863296657, 56.461891118029115], [-6.100467414004532, 56.46402218280538], [-6.0906100125001945, 56.47031851055344], [-6.076074522146339, 56.46731564655052], [-6.090275863296657, 56.461891118029115]]], [[[-6.258519987277487, 56.44619873194932], [-6.266873717365909, 56.45259192627813], [-6.255846793649192, 56.45481985763514], [-6.250166257189065, 56.44910472937151], [-6.258519987277487, 56.44619873194932]]], [[[-5.597572862681496, 56.4606318524795], [-5.59707163887619, 56.4633441167402], [-5.576354388256902, 56.47554930591337], [-5.576688537460439, 56.48378296527622], [-5.567332359761405, 56.49647248735308], [-5.532747917195336, 56.50780587729959], [-5.524060037903377, 56.51448967137061], [-5.500836668257562, 56.52795412609339], [-5.472768135160463, 56.55294570392416], [-5.45038013852349, 56.551783304955286], [-5.436512946576708, 56.559726364575916], [-5.43417390215195, 56.55129897205158], [-5.453387481355322, 56.54064364817025], [-5.467421747903872, 56.52931025822374], [-5.486468252505475, 56.51855806776167], [-5.49248293816914, 56.510324408398816], [-5.507018428522995, 56.49811921922565], [-5.530910096575884, 56.490369892766495], [-5.543607766310285, 56.48087696785404], [-5.584875192947093, 56.46285978383651], [-5.597572862681496, 56.4606318524795]]], [[[-5.5594798534782885, 56.37035219923037], [-5.553966391619929, 56.37703599330139], [-5.572678747017996, 56.3819761889191], [-5.583538596132945, 56.38032945704653], [-5.582703223124103, 56.390984780927866], [-5.573514120026838, 56.39214717989674], [-5.573514120026838, 56.39863724080627], [-5.561818897903047, 56.40813016571874], [-5.542772393301443, 56.40764583281504], [-5.535254036221863, 56.41258602843275], [-5.526733231531672, 56.410745563398706], [-5.505514757107079, 56.41830115669638], [-5.498998847638109, 56.412392295271275], [-5.511028218965437, 56.40745209965356], [-5.515372158611417, 56.40173697138994], [-5.551627347195171, 56.372773863748854], [-5.5594798534782885, 56.37035219923037]]], [[[-6.421751873205263, 56.30671085568458], [-6.440130079399793, 56.3101980525912], [-6.436955661966193, 56.31659124692], [-6.421918947807033, 56.325115506025064], [-6.430940976302528, 56.33383349829161], [-6.426931185860086, 56.33857996074784], [-6.4015358463912815, 56.347685419337346], [-6.382489341789678, 56.349622750952136], [-6.385830833825047, 56.33538336358344], [-6.4095554272761674, 56.31310405001338], [-6.421751873205263, 56.30671085568458]]], [[[-6.362273314975695, 56.28443154211451], [-6.37898077515254, 56.28617514056782], [-6.384995460816205, 56.29072786986257], [-6.372966089488877, 56.30080199425947], [-6.354420808692578, 56.29876779606394], [-6.362273314975695, 56.28443154211451]]], [[[-6.267709090374752, 56.264089560159235], [-6.273556701436648, 56.26835168971177], [-6.3004557123213685, 56.27300128558726], [-6.3036301297549695, 56.26728615732364], [-6.330194991436152, 56.27300128558726], [-6.327855947011394, 56.281234944950114], [-6.34990979444483, 56.28288167682268], [-6.348239048427145, 56.29247146831588], [-6.351747615064283, 56.30225499297056], [-6.365781881612833, 56.303514258520174], [-6.3734673132941815, 56.310004319429716], [-6.372799014887107, 56.320756509891794], [-6.364612359400454, 56.337901894682666], [-6.3393840945334174, 56.347782285918086], [-6.3236790819671835, 56.34419822243073], [-6.293104429843556, 56.34371388952703], [-6.273890850640185, 56.33460843093753], [-6.261694404711088, 56.319884710665136], [-6.243984496923632, 56.31910977801922], [-6.238303960463504, 56.331314967192384], [-6.251502854003212, 56.33664262913305], [-6.251335779401444, 56.34235775739668], [-6.238136885861737, 56.34419822243073], [-6.226775812941481, 56.34235775739668], [-6.2194245304636695, 56.336933228875274], [-6.190353549755959, 56.33218676641904], [-6.179994924446316, 56.33363976513013], [-6.17297779117204, 56.34090475868559], [-6.159277673827027, 56.337030095456015], [-6.141901915243109, 56.33732069519823], [-6.123690783650347, 56.34419822243073], [-6.103975980641669, 56.3426483571389], [-6.088939266482509, 56.34739481959513], [-6.089106341084278, 56.351366349405446], [-6.04366204940326, 56.36008434167199], [-6.041657154182038, 56.362312273029], [-6.018935008341528, 56.36521827045118], [-5.997716533916935, 56.38304172130723], [-5.979338327722406, 56.38585085214868], [-5.986856684801985, 56.39117851408934], [-5.996714086306325, 56.388175650086424], [-6.003229995775294, 56.39369704518857], [-6.015259367102622, 56.39137224725082], [-6.022777724182203, 56.39466571099596], [-6.033470498695383, 56.39234091305821], [-6.055524346128819, 56.38052319020801], [-6.066050046040232, 56.38313858788797], [-6.080084312588781, 56.37325819665255], [-6.100968637809838, 56.367349335227445], [-6.14490925807494, 56.36705873548523], [-6.176319283207409, 56.357372077411284], [-6.194864564003707, 56.35882507612238], [-6.203719517897435, 56.36521827045118], [-6.2094000543575625, 56.373742529556246], [-6.208898830552258, 56.38052319020801], [-6.20004387665853, 56.39011298170121], [-6.186176684711748, 56.39834664106406], [-6.173479014977346, 56.40193070455142], [-6.155936181791658, 56.40987376417205], [-6.14490925807494, 56.427600348447356], [-6.137892124800666, 56.43070007903102], [-6.140064094623655, 56.438546272070916], [-6.132211588340539, 56.440096137362744], [-6.129037170906938, 56.448426663306336], [-6.118344396393757, 56.45133266072852], [-6.098963742588616, 56.45075146124408], [-6.078246491969328, 56.44765173066042], [-6.054688973119977, 56.45133266072852], [-6.041824228783806, 56.4633441167402], [-6.02093990356275, 56.46673444706608], [-5.99604578789925, 56.48387983185696], [-6.004733667191211, 56.49918475161378], [-6.013254471881401, 56.4999596842597], [-6.035141244713069, 56.48833569457097], [-6.054856047721746, 56.4871732956021], [-6.064713449226084, 56.48291116604956], [-6.104978428252281, 56.47845530333555], [-6.121852963030895, 56.47206210900675], [-6.1504227199332995, 56.48552656372953], [-6.138560423207739, 56.490466759347235], [-6.147415377101467, 56.49899101845231], [-6.166127732499534, 56.503931214070015], [-6.181164446658695, 56.51313353924026], [-6.206893935331036, 56.52107659886089], [-6.221095276481354, 56.52301393047568], [-6.228780708162702, 56.52950399138522], [-6.264033449135846, 56.52320766363716], [-6.286755594976356, 56.52349826337937], [-6.295443474268315, 56.529116525062264], [-6.336376751701586, 56.53492851990663], [-6.340052392940491, 56.54219351346208], [-6.333536483471521, 56.555173635281164], [-6.306971621790337, 56.5584670990263], [-6.3036301297549695, 56.56389162754771], [-6.28090798391446, 56.58035894627341], [-6.297782518693073, 56.579390280466015], [-6.309477740816865, 56.575806216978656], [-6.316327799489371, 56.579584013627496], [-6.3173302470999815, 56.59159546963918], [-6.32184126134773, 56.595663866030236], [-6.315993650285835, 56.60205706035904], [-6.289762937808188, 56.60680352281527], [-6.270716433206584, 56.60341319248939], [-6.261694404711088, 56.612809250821115], [-6.240810079490031, 56.609903253398926], [-6.194196265596633, 56.58442734266446], [-6.188181579932969, 56.58646154085999], [-6.209567128959331, 56.59479206680358], [-6.224269693914955, 56.60486619120048], [-6.22694288754325, 56.61416538295146], [-6.226274589136176, 56.63111703458086], [-6.2165842622336065, 56.63382929884156], [-6.207228084534573, 56.63082643483864], [-6.197537757632002, 56.64196609162367], [-6.166127732499534, 56.6417723584622], [-6.145577556482014, 56.653105748408706], [-6.13421648356176, 56.65010288440578], [-6.126029828075105, 56.655818012669414], [-6.117174874181377, 56.653105748408706], [-6.11266385993363, 56.64390342323846], [-6.085597774447141, 56.63847889471705], [-6.064379300022547, 56.637025896005966], [-6.058197539757114, 56.62811417057794], [-6.069725687279138, 56.62143037650692], [-6.059868285774799, 56.61503718217812], [-6.04900843665985, 56.615230915339595], [-6.0324680510847735, 56.61019385314115], [-6.017932560730918, 56.59769806422577], [-6.01225202427079, 56.58801140615182], [-5.984016416571922, 56.57280335297573], [-5.987357908607291, 56.56573209258176], [-5.970984597633983, 56.55275197076268], [-5.96380038975794, 56.529988324288915], [-5.95193809303238, 56.51894553408462], [-5.9394074978997455, 56.52485439550973], [-5.9201939186963735, 56.516427002985395], [-5.906326726749592, 56.52059226595719], [-5.863722703298638, 56.52156093176459], [-5.850189660555393, 56.51981733331128], [-5.838160289228064, 56.50916200942994], [-5.82462724648482, 56.50693407807294], [-5.825796768697199, 56.51603953666244], [-5.794720892768267, 56.51429593820913], [-5.7873696102904555, 56.505868545684805], [-5.77383656754721, 56.499475351356004], [-5.7684901802906206, 56.48930436037836], [-5.750780272503165, 56.486204629794706], [-5.7415911694059, 56.48194250024217], [-5.720205620379538, 56.486107763213965], [-5.709512845866357, 56.477970970431855], [-5.681277238167489, 56.46043811931802], [-5.684618730202859, 56.45249505969739], [-5.645857422592577, 56.44716739775672], [-5.65203918285801, 56.42605048315553], [-5.67041738905254, 56.42876274741623], [-5.663567330380033, 56.416848157985285], [-5.652540406663316, 56.41549202585493], [-5.667577120822476, 56.38962864879751], [-5.6754296271055935, 56.38691638453681], [-5.70917869666282, 56.387206984279025], [-5.718701948963622, 56.395343777061136], [-5.7171982775477055, 56.404352369069905], [-5.709512845866357, 56.41210169552905], [-5.714859233122947, 56.414910826370495], [-5.7452668106448055, 56.411423629463876], [-5.735743558344004, 56.406967766749865], [-5.731733767901561, 56.39602184312631], [-5.754288839140302, 56.39127538067008], [-5.758131554980976, 56.38120125627319], [-5.785698864272771, 56.36512140387044], [-5.7561266597597545, 56.37006159948815], [-5.735910632945773, 56.38013572388505], [-5.724048336220212, 56.382847988145755], [-5.69848592214964, 56.38410725369536], [-5.68979804285768, 56.37945765781987], [-5.706004279229219, 56.361053007479384], [-5.745768034450111, 56.34177655791224], [-5.7753402389631265, 56.333349165387915], [-5.809924681529196, 56.31959411092292], [-5.828469962325494, 56.31668811350074], [-5.831811454360864, 56.31136045156007], [-5.843673751086423, 56.310876118656374], [-5.874582552413587, 56.31504138162816], [-5.888950968165673, 56.321725175699186], [-5.8775898952454195, 56.32453430654063], [-5.863388554095101, 56.33286483248422], [-5.860882435068573, 56.34032355920115], [-5.84935428754655, 56.34255149055816], [-5.846012795511182, 56.348654085144744], [-5.85486774940491, 56.35436921340837], [-5.873747179404745, 56.3559190787002], [-5.888783893563906, 56.35359428076245], [-5.902149861705381, 56.34691048669143], [-5.9201939186963735, 56.334124098033826], [-5.93355988683785, 56.32191890886067], [-5.949933197811158, 56.318819178277], [-5.970149224625141, 56.31959411092292], [-5.986856684801985, 56.32288757466806], [-5.995878713297483, 56.31455704872447], [-6.018266709934455, 56.30302992561648], [-6.045499870022712, 56.2927620680581], [-6.066551269845537, 56.295668065480285], [-6.077578193562255, 56.30225499297056], [-6.087101445863056, 56.29789599683729], [-6.126531051880411, 56.29673359786842], [-6.142904362853719, 56.28443154211451], [-6.155936181791658, 56.28530334134117], [-6.168968000729597, 56.290340403539616], [-6.177154656216251, 56.28646574031004], [-6.2033853686938984, 56.29159966908923], [-6.215414740021227, 56.29043727012036], [-6.225439216127334, 56.28336600972638], [-6.245321093737779, 56.28859680508631], [-6.253841898427971, 56.28336600972638], [-6.257350465065108, 56.27164515345691], [-6.267709090374752, 56.264089560159235]]], [[[-5.623469425955605, 56.26505822596663], [-5.636668319495312, 56.27522921694427], [-5.633159752858175, 56.28908113799], [-5.654211152681, 56.2969273310299], [-5.638339065512997, 56.31261971710968], [-5.624137724362679, 56.318819178277], [-5.612609576840656, 56.318916044857744], [-5.600413130911559, 56.315525714531866], [-5.581366626309956, 56.3229844412488], [-5.590221580203683, 56.301770660066865], [-5.606594891176991, 56.29789599683729], [-5.600246056309791, 56.290340403539616], [-5.5992436086991795, 56.2799756794005], [-5.610437607017666, 56.2772634151398], [-5.623469425955605, 56.26505822596663]]], [[[-5.6172876656901725, 56.25014077253276], [-5.625474321176826, 56.252271837309024], [-5.617788889495477, 56.26186162880223], [-5.607931487991139, 56.25634023370009], [-5.6172876656901725, 56.25014077253276]]], [[[-5.775006089759589, 56.23667631780998], [-5.775006089759589, 56.24374757820396], [-5.75228394391908, 56.24955957304832], [-5.75345346613146, 56.241810246589175], [-5.775006089759589, 56.23667631780998]]], [[[-5.696982250733724, 56.20199808190527], [-5.701326190379703, 56.212072206302174], [-5.715193382326484, 56.21178160655995], [-5.698151772946103, 56.22543979444421], [-5.690800490468291, 56.21865913379246], [-5.696982250733724, 56.20199808190527]]], [[[-5.6112729800265075, 56.195411154415], [-5.618624262504319, 56.20897247571851], [-5.610604681619434, 56.22970192399674], [-5.595735042062042, 56.22669905999383], [-5.59055572940722, 56.21701240191988], [-5.589720356398377, 56.20441974642376], [-5.6112729800265075, 56.195411154415]]], [[[-5.632491454451101, 56.18814616085954], [-5.643518378167819, 56.19095529170098], [-5.6502013622385565, 56.198510884998655], [-5.6502013622385565, 56.20887560913777], [-5.665739300203024, 56.21875600037319], [-5.651370884450936, 56.24694417536836], [-5.654712376486305, 56.24994703937128], [-5.651370884450936, 56.26108669615631], [-5.636835394097082, 56.27057962106878], [-5.630319484628112, 56.262345961705925], [-5.628648738610427, 56.252368703889765], [-5.6192925609113935, 56.248881506983146], [-5.61762181489371, 56.24297264555805], [-5.631321932238722, 56.21807793430801], [-5.628648738610427, 56.19938268422531], [-5.632491454451101, 56.18814616085954]]], [[[-5.700657891972629, 56.15966738612215], [-5.729394723476803, 56.159086186637715], [-5.744097288432426, 56.160636051929544], [-5.751949794715544, 56.16848224496944], [-5.747438780467796, 56.17584410510563], [-5.7324020663086355, 56.1811717670463], [-5.731232544096256, 56.18824302744028], [-5.690132192061217, 56.2008356829364], [-5.675930850910898, 56.1917302243469], [-5.678771119140962, 56.183302831822566], [-5.670083239849003, 56.170613309745704], [-5.683950431795784, 56.16935404419609], [-5.700657891972629, 56.15966738612215]]], [[[-6.2165842622336065, 56.02821943605878], [-6.228780708162702, 56.034225164064615], [-6.2374685874546625, 56.032965898515], [-6.253006525419128, 56.03635622884089], [-6.242982049313021, 56.04119955787785], [-6.24632354134839, 56.04536482084965], [-6.268711537985363, 56.036065629098665], [-6.268544463383594, 56.04488048794595], [-6.25501142064035, 56.04885201775627], [-6.255679719047423, 56.060379140864256], [-6.249999182587296, 56.06609426912788], [-6.248996734976686, 56.08110858914249], [-6.2334587970122195, 56.093507511477135], [-6.211070800375246, 56.10096623819407], [-6.204721965508046, 56.107843765426566], [-6.186176684711748, 56.10212863716294], [-6.1753168355967984, 56.106875099619174], [-6.180830297455158, 56.1153024921435], [-6.178157103826862, 56.119564621696036], [-6.14925319772092, 56.13041367873885], [-6.137892124800666, 56.126829615251495], [-6.134049408959991, 56.12033955434195], [-6.151091018340374, 56.105228367746605], [-6.151592242145679, 56.099706972644455], [-6.162786240464165, 56.09118271353939], [-6.16763140391545, 56.07800885855883], [-6.182501043472842, 56.07258433003742], [-6.18383764028699, 56.06493187015901], [-6.197036533826697, 56.06066974060648], [-6.182333968871074, 56.052145481501405], [-6.186343759313516, 56.04197449052377], [-6.2045548909062775, 56.03209409928835], [-6.2165842622336065, 56.02821943605878]]], [[[-6.253841898427971, 56.0005155939673], [-6.258687061879256, 56.00526205642353], [-6.252338227012054, 56.0110740512679], [-6.260023658693403, 56.01930771063075], [-6.269546910994205, 56.024344772829195], [-6.246991839755464, 56.02676643734768], [-6.234795393826367, 56.025216572055854], [-6.227277036746787, 56.02841316922025], [-6.21073665117171, 56.02666957076694], [-6.218756232056595, 56.01911397746927], [-6.231119752587461, 56.01901711088853], [-6.2374685874546625, 56.007296254619064], [-6.253841898427971, 56.0005155939673]]], [[[-5.69414198250366, 55.93135285531936], [-5.706004279229219, 55.938811582036294], [-5.701493264981472, 55.950532438305764], [-5.69297246029128, 55.95634443315013], [-5.675763776309131, 55.94975750565985], [-5.69414198250366, 55.93135285531936]]], [[[-5.969815075421604, 55.791671245893134], [-5.98418349117369, 55.796320841768626], [-5.991367699049734, 55.79389917725014], [-6.013922770288475, 55.798064440221935], [-6.028124111438793, 55.795255309380494], [-6.041824228783806, 55.801745370290035], [-6.064713449226084, 55.806104366423305], [-6.0814209094029295, 55.822087352245305], [-6.0914453855090365, 55.84678833033386], [-6.0862660728542135, 55.863449382221035], [-6.094619802942637, 55.8729423071335], [-6.092447833119647, 55.8921218901199], [-6.086934371261288, 55.899483750256096], [-6.073568403119812, 55.9058769445849], [-6.063543927013705, 55.92244112989134], [-6.042993750996185, 55.93929591494], [-6.026119216217571, 55.947238974560626], [-6.016763038518539, 55.94656090849545], [-6.000222652943462, 55.95276036966277], [-5.979338327722406, 55.949079439594676], [-5.959122300908422, 55.95634443315013], [-5.939908721705051, 55.95469770127756], [-5.930051320200713, 55.95944416373379], [-5.915849979050394, 55.95644129973087], [-5.892793684006348, 55.96477182567446], [-5.886611923740915, 55.96903395522699], [-5.851526257369541, 55.97920494620463], [-5.8563714208208255, 55.98918220402079], [-5.869236165156996, 55.97610521562097], [-5.888950968165673, 55.97097128684178], [-5.885108252324999, 55.980464211754246], [-5.893461982413422, 55.98240154336903], [-5.905825502944287, 55.97329608477953], [-5.9165182774574685, 55.97358668452175], [-5.924537858342354, 55.962253294575234], [-5.938405050289135, 55.960800295864146], [-5.961294270731413, 55.96835588916182], [-5.9883603562179015, 55.97184308606844], [-5.996881160908092, 55.97571774929801], [-6.002394622766452, 55.985695007114174], [-5.9903652514391235, 55.999934394482864], [-5.9775005071029526, 56.00748998778054], [-5.9763309848905735, 56.011752117333074], [-5.96380038975794, 56.01688604611226], [-5.963967464359708, 56.0275413699936], [-5.949933197811158, 56.03751862780976], [-5.904990129935445, 56.05534207866581], [-5.903486458519529, 56.061250940090915], [-5.892960758608116, 56.06677233519306], [-5.880096014271945, 56.069290866292285], [-5.862720255688027, 56.07878379120474], [-5.845010347900571, 56.08294905417654], [-5.835988319405075, 56.0892453819246], [-5.822956500467136, 56.089051648763125], [-5.817944262414082, 56.100675638451854], [-5.8042441450690685, 56.103484769293296], [-5.804745368874374, 56.108812431233964], [-5.795723340378878, 56.113171427367234], [-5.785197640467466, 56.108424964911], [-5.778013432591422, 56.11733669033903], [-5.74693755666249, 56.12973561267368], [-5.744765586839501, 56.13825987177874], [-5.730564245689182, 56.14194080184684], [-5.721208067990149, 56.14814026301416], [-5.709512845866357, 56.14969012830599], [-5.697483474539029, 56.14416873320385], [-5.69197001268067, 56.136806873067655], [-5.693306609494817, 56.12431108415227], [-5.68762607303469, 56.11404322659389], [-5.689463893654143, 56.108909297814705], [-5.70817624905221, 56.09505737676896], [-5.718534874361854, 56.08227098811136], [-5.731065469494487, 56.07316552952186], [-5.751949794715544, 56.049530083821445], [-5.755959585157987, 56.03906849310159], [-5.767654807281778, 56.029575568189124], [-5.777010984980811, 56.01649857978931], [-5.794720892768267, 56.01097718468716], [-5.804411219670838, 55.99906259525621], [-5.814602770378713, 55.97939867936611], [-5.827467514714884, 55.968646488904035], [-5.834484647989159, 55.96816215600034], [-5.838494438431601, 55.95498830101978], [-5.848518914537708, 55.94481731004214], [-5.847516466927098, 55.93745544990595], [-5.8531970033872245, 55.92757505867053], [-5.8684007921481545, 55.917404067692885], [-5.8775898952454195, 55.896868352576135], [-5.897471772855864, 55.8898939587629], [-5.900144966484159, 55.881369699657824], [-5.896135176041717, 55.87148930842241], [-5.917186575864542, 55.872554840810544], [-5.9365672296696825, 55.86742091203135], [-5.951102720023537, 55.83458314116069], [-5.942916064536883, 55.830224145027415], [-5.942748989935115, 55.82276541831048], [-5.950100272412927, 55.81976255430756], [-5.951771018430611, 55.81181949468693], [-5.963967464359708, 55.79244617853905], [-5.969815075421604, 55.791671245893134]]], [[[-5.158166660030469, 55.776366326136305], [-5.168024061534807, 55.79099317982796], [-5.166520390118892, 55.80261716951669], [-5.159336182242848, 55.80455450113148], [-5.1483092585261305, 55.781693988076974], [-5.158166660030469, 55.776366326136305]]], [[[-4.943809945961546, 55.74255988945825], [-4.9509941538375895, 55.750212349336664], [-4.94347579675801, 55.76551726909349], [-4.931112276227144, 55.777334991943704], [-4.929608604811229, 55.784503118918416], [-4.92192317312988, 55.789733914278344], [-4.898699803484065, 55.791864979054616], [-4.901038847908823, 55.772104196583776], [-4.8940217146345475, 55.765711002254974], [-4.901707146315896, 55.75292461359737], [-4.913903592244994, 55.753990145985505], [-4.930276903218302, 55.752343414112936], [-4.943809945961546, 55.74255988945825]]], [[[-5.029519216668762, 55.72163670801854], [-5.048899870473901, 55.73190456557692], [-5.049568168880976, 55.73723222751759], [-5.0620987640136095, 55.747693818237444], [-5.06092924180123, 55.758542875280256], [-5.075798881358622, 55.76716400096606], [-5.089331924101867, 55.770069998388244], [-5.102530817641575, 55.77965978988145], [-5.116899233393662, 55.77161986368007], [-5.12892860472099, 55.79050884692426], [-5.122746844455557, 55.80058297132116], [-5.126756634898, 55.809494696749184], [-5.14296287126954, 55.813272493398024], [-5.138451857021792, 55.83603613987178], [-5.128761530119222, 55.83962020335914], [-5.129262753924527, 55.84523846504203], [-5.145636064897835, 55.85163165937083], [-5.153989794986257, 55.84717579665681], [-5.169527732950724, 55.851825392532305], [-5.177046090030304, 55.8601559184759], [-5.192416953393002, 55.86742091203135], [-5.204780473923867, 55.88224149888448], [-5.213301278614058, 55.88650362843702], [-5.215139099233511, 55.89967748341758], [-5.210293935782225, 55.91004220755669], [-5.19793041525136, 55.91362627104405], [-5.185733969322263, 55.92670325944387], [-5.167021613924197, 55.920988131180245], [-5.1583337346322375, 55.920988131180245], [-5.139454304632403, 55.90607067774638], [-5.113724815960061, 55.89241248986212], [-5.079975746402834, 55.88214463230374], [-5.07496350834978, 55.87420157268311], [-5.090835595517783, 55.86151205060625], [-5.072958613128559, 55.86122145086403], [-5.061597540208304, 55.85831545344185], [-5.061764614810073, 55.84146066839319], [-5.051740138703966, 55.83787660490583], [-5.038875394367794, 55.84407606607316], [-5.023671605606866, 55.84087946890875], [-5.024841127819245, 55.8272212810245], [-5.022335008792718, 55.80930096358771], [-5.013480054898991, 55.79845190654489], [-5.013312980297222, 55.787990315825034], [-5.002118981978736, 55.77491332742522], [-5.0011165343681245, 55.76987626522677], [-5.008801966049473, 55.7635799374787], [-5.02868384365992, 55.760286473733565], [-5.032025335695288, 55.75360267966255], [-5.012310532686611, 55.74556275346117], [-5.004123877199957, 55.73209829873839], [-5.018659367553813, 55.72773930260512], [-5.029519216668762, 55.72163670801854]]], [[[-4.951662452244664, 55.71010958491055], [-4.967701614014435, 55.71824637769266], [-4.9610186299436965, 55.72667377021699], [-4.939466006315566, 55.7352948959028], [-4.94665021419161, 55.71349991523643], [-4.951662452244664, 55.71010958491055]]], [[[-5.761640121618115, 55.6455964421381], [-5.768657254892389, 55.653345768597255], [-5.761305972414577, 55.66196689428306], [-5.760136450202198, 55.66903815467704], [-5.774839015157822, 55.673106551068095], [-5.761305972414577, 55.69044566902045], [-5.748608302680175, 55.70061665999809], [-5.746102183653647, 55.70933465226464], [-5.738750901175836, 55.71117511729869], [-5.732234991706866, 55.72308970672963], [-5.725886156839666, 55.728998568154736], [-5.715861680733559, 55.72386463937555], [-5.7143580093176425, 55.718052644531184], [-5.730898394892719, 55.710787650975725], [-5.723714187016675, 55.698291862060344], [-5.730230096485645, 55.694610931992244], [-5.738416751972299, 55.67252535158366], [-5.729060574273266, 55.666810223320034], [-5.7344069615298565, 55.65944836318384], [-5.741758244007668, 55.65915776344162], [-5.761640121618115, 55.6455964421381]]], [[[-5.751949794715544, 55.62525446018283], [-5.758131554980976, 55.63067898870423], [-5.75345346613146, 55.63668471671008], [-5.7452668106448055, 55.63755651593673], [-5.751949794715544, 55.62525446018283]]], [[[-6.267876164976521, 55.57904910117013], [-6.28625437117105, 55.58098643278492], [-6.294608101259472, 55.579727167235305], [-6.314155829666381, 55.58892949240555], [-6.327855947011394, 55.58844515950185], [-6.33804749771927, 55.59164175666625], [-6.332032812055606, 55.5971631517684], [-6.333035259666216, 55.60549367771199], [-6.328190096214931, 55.61062760649118], [-6.331865737453837, 55.62079859746881], [-6.321507112144193, 55.62845105734723], [-6.309143591613328, 55.64307791103888], [-6.300121563117831, 55.65014917143286], [-6.2792372378967745, 55.65121470382099], [-6.273389626834879, 55.64956797194842], [-6.259522434888098, 55.65780163131127], [-6.268878612587131, 55.68056527778503], [-6.276062820463174, 55.691220601666366], [-6.291099534622335, 55.70516938929284], [-6.312318009046928, 55.716309046077875], [-6.3305291406396895, 55.71349991523643], [-6.3393840945334174, 55.71911817691932], [-6.335541378692743, 55.72376777279481], [-6.332032812055606, 55.7416880902316], [-6.307974069400949, 55.747693818237444], [-6.295777623471851, 55.75554001127733], [-6.28090798391446, 55.760286473733565], [-6.261861479312856, 55.763870537220924], [-6.252171152410286, 55.77346032871412], [-6.263198076127004, 55.78401878601472], [-6.279905536303849, 55.7810159220118], [-6.295944698073621, 55.78498745182212], [-6.305802099577958, 55.78246892072289], [-6.329526693029079, 55.78673105027542], [-6.346568302409461, 55.78411565259546], [-6.361605016568621, 55.76290187141353], [-6.368288000639359, 55.75728360973064], [-6.372966089488877, 55.74459408765378], [-6.3854966846215095, 55.73025783370435], [-6.414734739930989, 55.70604118851949], [-6.433447095329056, 55.69538586463816], [-6.47287670134641, 55.68008094488133], [-6.488247564709107, 55.67097548629183], [-6.509800188337238, 55.676884347716936], [-6.516817321611512, 55.689283270051575], [-6.523834454885787, 55.69209240089302], [-6.500276936036435, 55.706331788261714], [-6.494262250372771, 55.71592157975491], [-6.5054562486912575, 55.72018370930745], [-6.496100070992224, 55.736747894613885], [-6.482065804443675, 55.74604708636487], [-6.465859568072135, 55.75273088043589], [-6.468866910903967, 55.76164260586392], [-6.456002166567796, 55.77268539606821], [-6.457171688780175, 55.78246892072289], [-6.461682703027924, 55.78682791685616], [-6.475716969576474, 55.78653731711395], [-6.486242669487886, 55.791574379312394], [-6.480896282231296, 55.799904905255985], [-6.458007061789018, 55.809785296491405], [-6.45667046497487, 55.82295915147196], [-6.461181479222619, 55.827705613928195], [-6.456336315771333, 55.834098808257], [-6.456336315771333, 55.84862879536791], [-6.451157003116512, 55.85337525782414], [-6.435953214355582, 55.855312589438924], [-6.428100708072465, 55.86064025137959], [-6.417073784355747, 55.853859590727836], [-6.393015041701091, 55.85792798711889], [-6.384661311612668, 55.867324045450616], [-6.370794119665886, 55.87497650532903], [-6.3562586293120305, 55.8756545713942], [-6.343728034179398, 55.88660049501775], [-6.334204781878595, 55.89115322431251], [-6.321674186745962, 55.88640676185628], [-6.326185200993709, 55.87768876958973], [-6.337045050108659, 55.86935824364614], [-6.337212124710428, 55.85395645730858], [-6.346067078604156, 55.83448627457995], [-6.337212124710428, 55.824993349667494], [-6.324180305772488, 55.824896483086754], [-6.327688872409626, 55.835648673548825], [-6.31966929152474, 55.842138734458366], [-6.3205046645335825, 55.8495974611753], [-6.308976517011559, 55.85802485369963], [-6.304966726569116, 55.867227178869875], [-6.311482636038086, 55.87371723977942], [-6.281409207719765, 55.877979369331946], [-6.269212761790667, 55.88272583178818], [-6.269379836392437, 55.88815036030959], [-6.235129543029904, 55.90103361554793], [-6.225606290729102, 55.909461008072256], [-6.208230532145183, 55.91517613633588], [-6.197036533826697, 55.92515339415204], [-6.173646089579114, 55.92583146021722], [-6.162619165862396, 55.93348392009563], [-6.14056531842896, 55.93367765325711], [-6.1243590820574205, 55.93774604964816], [-6.120015142411441, 55.934355719322284], [-6.120349291614978, 55.92166619724542], [-6.131042066128159, 55.89560908702652], [-6.128034723296327, 55.88427569708001], [-6.12018221701321, 55.88233836546522], [-6.108988218694723, 55.86151205060625], [-6.10932236789826, 55.85482825653523], [-6.1014698616151435, 55.840298269424316], [-6.105145502854049, 55.83613300645252], [-6.102305234623985, 55.82528394940971], [-6.105980875862891, 55.81918135482313], [-6.092447833119647, 55.79912997261007], [-6.09211368391611, 55.79196184563535], [-6.083927028429455, 55.78256578730363], [-6.06187318099602, 55.7741383947793], [-6.04683646683686, 55.76367680405944], [-6.048173063651007, 55.7517622146285], [-6.053018227102292, 55.74304422236195], [-6.047504765243934, 55.734326230095405], [-6.030964379668857, 55.728611101831774], [-6.032133901881236, 55.7183432442734], [-6.0404876319696585, 55.70855971961872], [-6.025116768606962, 55.6790154124932], [-6.032300976483004, 55.674947016102145], [-6.049843809668692, 55.67155668577627], [-6.065548822234926, 55.6593514966031], [-6.078246491969328, 55.65760789814979], [-6.071396433296822, 55.64947110536768], [-6.076909895155181, 55.64152804574705], [-6.091779534712574, 55.64627450820328], [-6.121017590022052, 55.633778719287896], [-6.13087499152639, 55.63387558586864], [-6.141066542234267, 55.62709492521687], [-6.149420272322688, 55.625545059925045], [-6.16545943409246, 55.63077585528497], [-6.174314387986188, 55.62602939282874], [-6.194029190994865, 55.63300378664198], [-6.217586709844216, 55.630000922639056], [-6.213075695596468, 55.619345598757725], [-6.235964916038746, 55.60094094841723], [-6.2409771540918, 55.59173862324699], [-6.261527330109319, 55.58670156104854], [-6.267876164976521, 55.57904910117013]]], [[[-5.067111002066663, 55.5116299609755], [-5.077302552774539, 55.522382151437576], [-5.0869928796771084, 55.525966214924935], [-5.089331924101867, 55.53526540667592], [-5.075464732155085, 55.53545913983739], [-5.060093868792388, 55.51763568898134], [-5.067111002066663, 55.5116299609755]]], [[[-5.178883910649757, 55.43413669638397], [-5.200269459676118, 55.43384609664175], [-5.251394287817265, 55.43946435832464], [-5.262421211533983, 55.44653561871861], [-5.286814103392176, 55.4526382133052], [-5.316887531710497, 55.4681368662235], [-5.3264107840112995, 55.48334491939959], [-5.327079082418373, 55.498068639671985], [-5.353643944099557, 55.506980365100006], [-5.349968302860651, 55.51376102575177], [-5.35431224250663, 55.526741147570846], [-5.349300004453577, 55.538365137259575], [-5.342617020382839, 55.5435959326195], [-5.342951169586376, 55.554444989662315], [-5.349132929851809, 55.57091230838802], [-5.371520926488781, 55.58553916207967], [-5.386557640647942, 55.60481561164681], [-5.39641504215228, 55.61285553784818], [-5.395078445338132, 55.627191791797614], [-5.3833832232143415, 55.64094684626261], [-5.381211253391351, 55.65489563388908], [-5.370852628081707, 55.67281595132588], [-5.362833047196821, 55.679402878816155], [-5.348798780648272, 55.684730540756824], [-5.3300864252502045, 55.688508337405665], [-5.324907112595383, 55.69896992812552], [-5.316219233303423, 55.70584745535802], [-5.302017892153105, 55.70788165355354], [-5.283305536755039, 55.71969937640375], [-5.2562394512685495, 55.720668042211145], [-5.20227435489734, 55.702650858193614], [-5.19158158038416, 55.69422346566929], [-5.168525285340113, 55.68376187494943], [-5.162009375871143, 55.67911227907394], [-5.151149526756194, 55.66535722460894], [-5.153488571180953, 55.66109509505641], [-5.1391201554288655, 55.64404657684627], [-5.136112812597034, 55.627288658378355], [-5.128427380915685, 55.61275867126744], [-5.132771320561664, 55.602200213966846], [-5.146304363304909, 55.593094755377344], [-5.152987347375647, 55.59183548982773], [-5.153321496579184, 55.58098643278492], [-5.14947878073851, 55.577789835620514], [-5.128260306313916, 55.57633683690943], [-5.1070418318893225, 55.570718575226536], [-5.097351504986753, 55.56112878373334], [-5.082983089234666, 55.55270139120901], [-5.101862519234501, 55.543789665780984], [-5.117567531800735, 55.54059306861658], [-5.128594455517453, 55.53158447660782], [-5.1250858888803155, 55.524125749890885], [-5.111051622331766, 55.52005735349983], [-5.091838043128394, 55.51143622781402], [-5.07930744799576, 55.50988636252219], [-5.082648940031129, 55.504268100839305], [-5.093675863747847, 55.497196840445326], [-5.09451123675669, 55.486444649983255], [-5.08799532728772, 55.47966398933149], [-5.07930744799576, 55.464552802736144], [-5.084987984455887, 55.453122546208895], [-5.0941770875531525, 55.450507148528935], [-5.105705235075176, 55.44169228968165], [-5.115729711181283, 55.44033615755129], [-5.1342749919775805, 55.44392022103865], [-5.159002033039311, 55.442273489166084], [-5.178883910649757, 55.43413669638397]]], [[[-5.5820349247170284, 55.274597437906166], [-5.597739937283263, 55.27924703378166], [-5.586880088168314, 55.286027694433415], [-5.566162837549026, 55.284477829141586], [-5.569504329584396, 55.277987768232045], [-5.5820349247170284, 55.274597437906166]]], [[[-2.0601023194380828, 55.80261716951669], [-2.0819890922697493, 55.79389917725014], [-2.086165957313961, 55.79302737802349], [-2.088505001738719, 55.78673105027542], [-2.0858318081104237, 55.78256578730363], [-2.085664733508655, 55.76270813825205], [-2.1032075666943424, 55.762223805348356], [-2.1103917745703864, 55.7581554089573], [-2.106883207933249, 55.75156848146702], [-2.1152369380216713, 55.748468750883355], [-2.1192467284641143, 55.74255988945825], [-2.1190796538623458, 55.74149435707012], [-2.136622487048033, 55.740428824681985], [-2.1488189329771297, 55.73645729487167], [-2.1481506345700563, 55.72948290105843], [-2.151826275808962, 55.722508507245195], [-2.173545974038861, 55.720668042211145], [-2.1770545406759982, 55.71650277923935], [-2.1725435264282495, 55.710787650975725], [-2.16719713917166, 55.70604118851949], [-2.184071673950273, 55.70158532580548], [-2.186410718375031, 55.69984172735217], [-2.1897522104104006, 55.6959670641226], [-2.1920912548351588, 55.695579597799636], [-2.2049559991713297, 55.68637727262939], [-2.219658564126953, 55.67378461713327], [-2.2169853704986577, 55.666907089900775], [-2.230017189436597, 55.662451227186764], [-2.2338599052772716, 55.65809223105349], [-2.2478941718258216, 55.650633504336554], [-2.2318550100560497, 55.645112109234404], [-2.245722202002831, 55.63949384755152], [-2.259756468551381, 55.64453090974997], [-2.2731224366928577, 55.642690444715925], [-2.289161598462629, 55.643368510781094], [-2.2990189999669672, 55.647146307429935], [-2.314724012533202, 55.643562243942576], [-2.3160606093473497, 55.643271644200354], [-2.3260850854534567, 55.637169049613775], [-2.327588756869372, 55.6360066506449], [-2.335942486957795, 55.63203512083459], [-2.3280899806746778, 55.627385524959095], [-2.3108812966925276, 55.62893539025092], [-2.308709326869537, 55.62883852367018], [-2.3160606093473497, 55.62041113114586], [-2.305869058639474, 55.612080605202266], [-2.295176284126293, 55.60859340829565], [-2.2884933000555545, 55.59793808441432], [-2.290331120675008, 55.589607558470725], [-2.292336015896229, 55.585829761821884], [-2.285485957223723, 55.577692969039774], [-2.2764639287282264, 55.57565877084425], [-2.259756468551381, 55.56510031354365], [-2.2575844987283915, 55.562581782444425], [-2.2351965020914193, 55.548342395075736], [-2.232189159259587, 55.54485519816912], [-2.2331916068701974, 55.52964714499303], [-2.227678145011839, 55.528387879443414], [-2.2266756974012285, 55.51947615401539], [-2.228847667224218, 55.50949889619923], [-2.2206610117375636, 55.50630229903483], [-2.205290148374866, 55.4914817121817], [-2.2022828055430343, 55.488285115017305], [-2.2054572229766345, 55.480148322235195], [-2.2034523277554134, 55.47859845694336], [-2.1954327468705275, 55.47530499319822], [-2.1737130486406295, 55.4723021291953], [-2.1685337359858075, 55.469105532030895], [-2.1665288407645855, 55.467458800158326], [-2.18440582315381, 55.46406846983245], [-2.1942632246581484, 55.44527635316901], [-2.1982730151005914, 55.44217662258534], [-2.205624297578403, 55.43752702670985], [-2.231353786250745, 55.42842156812035], [-2.242547784569231, 55.43210249818844], [-2.260591841560224, 55.4329742974151], [-2.2644345574008984, 55.428809034443304], [-2.270616317666331, 55.42958396708922], [-2.2739578097016997, 55.42599990360186], [-2.2945079857192194, 55.42047850849971], [-2.2960116571351348, 55.41495711339757], [-2.3229106680198557, 55.40759525326138], [-2.330763174302973, 55.4096294514569], [-2.332433920320658, 55.40992005119912], [-2.3329351441259627, 55.40430178951623], [-2.344797440851523, 55.399458460479266], [-2.3354412631524895, 55.39258093324676], [-2.3357754123560266, 55.38618773891796], [-2.330094875895899, 55.381247543300255], [-2.3463011122674393, 55.3730138839374], [-2.343293769435607, 55.37068908599966], [-2.3374461583737114, 55.36729875567378], [-2.364178094656663, 55.358774496568714], [-2.372865973948623, 55.355093566500614], [-2.3750379437716127, 55.35373743437026], [-2.378880659612287, 55.34918470507551], [-2.390241732532542, 55.347925439525895], [-2.3995979102315745, 55.35054083720586], [-2.4024381784616384, 55.35460923359692], [-2.414968773594272, 55.35896822973019], [-2.426329846514527, 55.35809643050354], [-2.4291701147445908, 55.35644969863097], [-2.4393616654524664, 55.359452562633884], [-2.440364113063077, 55.35916196289167], [-2.4517251859833316, 55.35644969863097], [-2.47127291439024, 55.353834300951], [-2.4751156302309143, 55.3548029667584], [-2.488481598372391, 55.351800102755476], [-2.4949975078413607, 55.34753797320294], [-2.502014641115635, 55.337173249063824], [-2.50685980456692, 55.33397665189942], [-2.5202257727083968, 55.32303072827587], [-2.536599083681705, 55.32099653008034], [-2.5591541549204457, 55.31518453523598], [-2.5651688405841098, 55.305982210065736], [-2.570682302442469, 55.30142948077098], [-2.5733554960707634, 55.296876751476226], [-2.583045822973334, 55.29348642115035], [-2.5902300308493773, 55.291452222954824], [-2.605266745008538, 55.28534962836824], [-2.6109472814686656, 55.28089376565423], [-2.6137875496987286, 55.278375234555], [-2.618465638548246, 55.27498490422912], [-2.623310801999531, 55.2719820402262], [-2.6266522940348995, 55.26219851557152], [-2.6403524113799124, 55.256483387307895], [-2.6294925622649634, 55.25134945852871], [-2.615291221114645, 55.248249727945044], [-2.62013638456593, 55.24718419555691], [-2.6243132496101413, 55.246409262910994], [-2.630160860672037, 55.244762531038425], [-2.631330382884416, 55.241953400196984], [-2.63199868129149, 55.23759440406371], [-2.6321657558932587, 55.236625738256315], [-2.634003576512711, 55.232169875542304], [-2.6346718749197855, 55.22548608147128], [-2.6314974574861845, 55.22374248301797], [-2.641354858990524, 55.22112708533801], [-2.66006721438859, 55.2198678197884], [-2.6667501984593276, 55.22161141824171], [-2.6832905840344043, 55.20185063577087], [-2.6812856888131833, 55.19855717202573], [-2.68379180783971, 55.19574804118428], [-2.6851284046538577, 55.19555430802281], [-2.689806493503374, 55.188967380532524], [-2.693816283945817, 55.184511517818514], [-2.6976589997864915, 55.18073372116967], [-2.7033395362466184, 55.173178127872], [-2.719879921821695, 55.1704658636113], [-2.722720190051759, 55.169400331223166], [-2.7294031741224973, 55.16833479883503], [-2.7350837105826242, 55.165622534574325], [-2.7349166359808557, 55.16455700218619], [-2.737088605803846, 55.16349146979806], [-2.7429362168657416, 55.161069805279574], [-2.7452752612905, 55.16019800605292], [-2.7514570215559324, 55.15642020940408], [-2.7542972897859963, 55.15651707598482], [-2.761147348458503, 55.1535142119819], [-2.765658362706251, 55.15254554617451], [-2.7661595865115567, 55.15099568088267], [-2.769334003945157, 55.15060821455972], [-2.77000230235223, 55.14993014849454], [-2.7750145404052846, 55.1480896834605], [-2.784871941909623, 55.14179335571243], [-2.789717105360908, 55.14169648913169], [-2.7927244481927396, 55.14034035700134], [-2.793392746599814, 55.139565424355425], [-2.8095989829713535, 55.13714375983694], [-2.8127734004049545, 55.13617509402955], [-2.816950265449165, 55.137918692482856], [-2.825471070139356, 55.13830615880581], [-2.832989427218937, 55.13249416396145], [-2.8276430399623464, 55.12484170408304], [-2.837834590670222, 55.11757671052758], [-2.8436822017321175, 55.11670491130093], [-2.8501981112010872, 55.11108664961804], [-2.870748287218607, 55.106340187161805], [-2.8717507348292175, 55.10285299025519], [-2.871249511023912, 55.100237592575226], [-2.8789349427052606, 55.09481306405382], [-2.8857850013777675, 55.0886136028865], [-2.8837801061565456, 55.087548070498364], [-2.8897947918202096, 55.08716060417541], [-2.890797239430821, 55.08822613656354], [-2.896811925094485, 55.07795827900516], [-2.9151901312890143, 55.07892694481256], [-2.9262170550057327, 55.070596418868966], [-2.9375781279259874, 55.070402685707485], [-2.942924515182577, 55.064203224540165], [-2.937411053324219, 55.060619161052806], [-2.9390817993419027, 55.05926302892246], [-2.95662463252759, 55.053451034078094], [-2.9644771388107074, 55.05006070375221], [-3.0000640289873877, 55.052482368270695], [-3.0341472477481517, 55.05538836569288], [-3.043169276243648, 55.0556789654351], [-3.050854707924997, 55.05277296801292], [-3.0535279015532923, 55.04947950426777], [-3.0490168873055437, 55.04841397187964], [-3.0470119920843226, 55.04734843949151], [-3.0438375746507216, 55.04570170761894], [-3.0418326794295005, 55.044539308650066], [-3.0381570381905947, 55.04134271148566], [-3.033980173146383, 55.039017913547916], [-3.0282996366862562, 55.03417458451095], [-3.0343143223499203, 55.02410046011405], [-3.0366533667746785, 55.021969395337784], [-3.0378228889870575, 55.022066261918525], [-3.0401619334118157, 55.02119446269187], [-3.0414985302259634, 55.020322663465215], [-3.0393265604029738, 55.016448000235634], [-3.041331455624195, 55.01606053391268], [-3.043169276243648, 55.01334826965198], [-3.0450070968631007, 55.00608327609652], [-3.046510768279017, 55.000561880994375], [-3.0526925285444495, 54.99455615298853], [-3.052024230137376, 54.993200020858175], [-3.0578718411992716, 54.99000342369378], [-3.0764171219955694, 54.98012303245836], [-3.0911196869511937, 54.97741076819766], [-3.1071588487209647, 54.978670033747264], [-3.1208589660659776, 54.97576403632508], [-3.1460872309330137, 54.964430646378574], [-3.16479958633108, 54.968789642511844], [-3.2055657891625824, 54.976248369228784], [-3.2371428888968197, 54.97130817361107], [-3.2565235427019603, 54.972567439160684], [-3.2703907346487417, 54.96559304534745], [-3.2941153280998616, 54.96927397541555], [-3.3166703993386024, 54.97663583555174], [-3.328532696064162, 54.978670033747264], [-3.339225470577343, 54.97402043787177], [-3.3592744227895572, 54.973536104968076], [-3.365790332258527, 54.97121130703033], [-3.408394355709482, 54.974407904194734], [-3.4189200556208945, 54.97954183297392], [-3.432787247567676, 54.99155328898561], [-3.4513325283639738, 54.976248369228784], [-3.470546107567346, 54.96830530960815], [-3.4867523439388854, 54.96559304534745], [-3.502624431106888, 54.96685231089706], [-3.522673383319102, 54.965399312185966], [-3.5552529306639507, 54.977217035036176], [-3.573129913053174, 54.996687217764794], [-3.5746335844690904, 55.00918300668018], [-3.5841568367698926, 55.00695507532318], [-3.588500776415872, 54.99542795221518], [-3.5761372558850066, 54.980704231942795], [-3.583989762168124, 54.97469850393695], [-3.57797507650446, 54.96220271502157], [-3.587164179601724, 54.94428239758478], [-3.5890020002211775, 54.92994614363534], [-3.5722945400443322, 54.92364981588728], [-3.563606660752373, 54.90572949845049], [-3.570790868628416, 54.901079902575], [-3.575636032079701, 54.89255564346993], [-3.594515462079536, 54.88441885068782], [-3.597188655707831, 54.8723105280954], [-3.648647633052514, 54.87957552165085], [-3.6924211787158487, 54.879962987973805], [-3.699939535795429, 54.882772118815254], [-3.7229958308394746, 54.88102852036194], [-3.7265043974766128, 54.87608832474423], [-3.741206962432236, 54.86804839854286], [-3.7413740370340047, 54.8649486679592], [-3.778965822431906, 54.854099610916386], [-3.794670834998141, 54.8649486679592], [-3.8120465935820596, 54.87124499570726], [-3.821569845882861, 54.87705699055162], [-3.826247934732378, 54.86146147105258], [-3.808203877741385, 54.85245287904382], [-3.807034355529006, 54.84557535181132], [-3.8217369204846294, 54.84693148394167], [-3.836272410838485, 54.85923353969557], [-3.837107783847327, 54.86485180137846], [-3.847967632962276, 54.86523926770142], [-3.8481347075640446, 54.85448707723934], [-3.8630043471214366, 54.84712521710315], [-3.8593287058825307, 54.841506955420265], [-3.8432895441127597, 54.83550122741442], [-3.834267515617263, 54.826395768824916], [-3.8245771887146933, 54.82368350456421], [-3.843122469510991, 54.8150623788784], [-3.8594957804842993, 54.81593417810506], [-3.868517808979796, 54.806344386611855], [-3.908114489598919, 54.793848597696474], [-3.934679351280103, 54.78813346943285], [-3.9548953780940854, 54.77980294348926], [-3.963416182784276, 54.77195675044936], [-3.984300508005332, 54.768566420123484], [-4.006020206235231, 54.77457214812933], [-4.011700742695358, 54.77021315199605], [-4.02874235207574, 54.773216015998976], [-4.044781513845511, 54.7698256856731], [-4.065331689863031, 54.78174027510404], [-4.064496316854189, 54.792008132662424], [-4.048290080482649, 54.808184851645905], [-4.048123005880881, 54.820777507142026], [-4.0686731818984, 54.83094849811967], [-4.077528135792128, 54.82571770275974], [-4.081370851632802, 54.818937042107976], [-4.091395327738909, 54.814384312813225], [-4.088220910305309, 54.802857189705236], [-4.0928989991548255, 54.78697107046398], [-4.09022580552653, 54.775056481033026], [-4.095070968977815, 54.76546668953983], [-4.10860401172106, 54.768566420123484], [-4.111611354552892, 54.77757501213225], [-4.131660306765106, 54.77902801084334], [-4.13884451464115, 54.77592828025968], [-4.155551974817994, 54.78067474271591], [-4.163905704906417, 54.788327202594324], [-4.179443642870883, 54.79249246556612], [-4.185792477738084, 54.8022759902208], [-4.181448538092105, 54.80760365216147], [-4.197153550658339, 54.81041278300291], [-4.210352444198047, 54.81564357836284], [-4.219374472693543, 54.82697696830935], [-4.214529309242258, 54.83501689451072], [-4.222381815525375, 54.84993434794459], [-4.207512175967983, 54.86068653840667], [-4.210352444198047, 54.865626734024374], [-4.226725755171355, 54.86485180137846], [-4.230735545613798, 54.85497141014304], [-4.25529551207376, 54.844316086261706], [-4.25746748189675, 54.83734169244847], [-4.266322435790477, 54.83540436083368], [-4.281526224551406, 54.84199128832396], [-4.303580071984842, 54.84344428703505], [-4.351530482692388, 54.85903980653409], [-4.365564749240938, 54.86669226641251], [-4.3740855539311285, 54.877444456874585], [-4.3821051348160145, 54.88064105403898], [-4.382439284019551, 54.88868098024035], [-4.389456417293826, 54.89749583908764], [-4.399146744196396, 54.90262976786683], [-4.395304028355722, 54.91192895961781], [-4.40198701242646, 54.91851588710809], [-4.419362771010379, 54.921518751111016], [-4.417859099594462, 54.932949007638264], [-4.436070231187224, 54.93469260609157], [-4.450772796142847, 54.93905160222485], [-4.455617959594132, 54.934886339253055], [-4.4450922596827205, 54.93072107628126], [-4.424542083665201, 54.93246467473457], [-4.421868890036905, 54.92045321872288], [-4.401652863222923, 54.91628795575109], [-4.39981504260347, 54.90999162800303], [-4.406330952072439, 54.90040183650982], [-4.396640625169869, 54.893524309277325], [-4.401819937824691, 54.89013397895145], [-4.420198144019221, 54.8868405152063], [-4.4262128296828855, 54.88102852036194], [-4.421200591629832, 54.871826195191694], [-4.421701815435137, 54.86359253582884], [-4.418360323399768, 54.841410088839524], [-4.413682234550252, 54.8293017662471], [-4.406832175877745, 54.824458437210126], [-4.376424598355887, 54.820002574496115], [-4.368405017471001, 54.81535297862062], [-4.354537825524219, 54.81341564700583], [-4.3420072303915855, 54.80053239176749], [-4.343845051011039, 54.79162066633947], [-4.351530482692388, 54.79055513395133], [-4.3620561826038005, 54.79578592931126], [-4.369407465081612, 54.792879931889075], [-4.361889108002032, 54.785711804914364], [-4.360218361984347, 54.77757501213225], [-4.371078211099296, 54.7720536170301], [-4.355039049329525, 54.765951022443524], [-4.357545168356052, 54.75200223481705], [-4.366901346055085, 54.74183124383941], [-4.363392779417947, 54.73756911428688], [-4.366901346055085, 54.728269922535894], [-4.363392779417947, 54.71800206497751], [-4.352867079506535, 54.71800206497751], [-4.348690214462324, 54.711318270906496], [-4.351363408090619, 54.705700009223605], [-4.367068420656854, 54.69853188224889], [-4.365230600037401, 54.69107315553196], [-4.3921296109221215, 54.67751183422844], [-4.419863994815684, 54.68264576300763], [-4.443588588266804, 54.69252615424305], [-4.457288705611817, 54.69620708431115], [-4.481180373664706, 54.69901621515259], [-4.496217087823866, 54.7039564107703], [-4.520777054283829, 54.71461173465163], [-4.530968604991704, 54.72255479427227], [-4.540826006496043, 54.7231359937567], [-4.545169946142022, 54.7332101181536], [-4.571734807823206, 54.73824718035205], [-4.577415344283334, 54.75122730217113], [-4.5851007759646825, 54.75752362991919], [-4.585434925168219, 54.76527295637835], [-4.600638713929148, 54.776896946067076], [-4.625532829592648, 54.7826120743307], [-4.646417154813704, 54.79152379975873], [-4.679497925963856, 54.80392272209337], [-4.708735981273335, 54.82387723772569], [-4.721934874813043, 54.82649263540566], [-4.753679049149049, 54.829689232570054], [-4.760194958618019, 54.82755816779379], [-4.780410985432001, 54.83211089708854], [-4.786592745697434, 54.8356949605759], [-4.791939132954024, 54.84635028445723], [-4.8021306836619, 54.849450015040894], [-4.806641697909648, 54.858458607049656], [-4.818671069236977, 54.86252700344071], [-4.8342090072014425, 54.86339880266737], [-4.847909124546455, 54.869210797511734], [-4.854425034015425, 54.85681187517709], [-4.880989895696609, 54.85070928059051], [-4.89485708764339, 54.846156551295756], [-4.922591471536953, 54.834435695026286], [-4.933451320651903, 54.83385449554185], [-4.954001496669422, 54.81544984520136], [-4.960684480740159, 54.802663456543755], [-4.949657557023443, 54.79617339563422], [-4.946316064988073, 54.784936872268446], [-4.938797707908493, 54.776703212905595], [-4.940301379324409, 54.766047889024264], [-4.932281798439523, 54.76207635921394], [-4.927436634988238, 54.74948370371782], [-4.917412158882131, 54.74318737596976], [-4.9200853525104264, 54.736503581898745], [-4.905215712953034, 54.71160887064871], [-4.90571693675834, 54.70105041334811], [-4.895525386050464, 54.69223555450083], [-4.886336282953199, 54.69213868792009], [-4.880989895696609, 54.68555176042981], [-4.86678855454629, 54.68196769694245], [-4.882326492510757, 54.668890708542634], [-4.883663089324904, 54.653585788785804], [-4.878149627466545, 54.6481612602644], [-4.879152075077156, 54.634115606057186], [-4.8895107003868, 54.639249534836374], [-4.909893801802551, 54.643608530969644], [-4.917078009678594, 54.64244613200077], [-4.933284246050134, 54.64845186000662], [-4.9641930473772975, 54.6668565103471], [-4.974384598085173, 54.68419562829946], [-4.97254677746572, 54.689717023401606], [-4.950325855430516, 54.69882248199111], [-4.966866241005592, 54.717614598654556], [-4.957677137908328, 54.72885112202033], [-4.992595729677934, 54.73495371660691], [-4.986748118616038, 54.74996803662152], [-5.004290951801726, 54.755101965400705], [-5.0062958470229475, 54.762560692117646], [-4.998777489943366, 54.76469175689391], [-5.001283608969894, 54.77292541625676], [-5.019494740562655, 54.782030874846264], [-5.031357037288215, 54.790361400789855], [-5.042885184810238, 54.79346113137351], [-5.039543692774869, 54.79927312621788], [-5.053577959323419, 54.80983158351847], [-5.076801328969234, 54.81544984520136], [-5.084319686048813, 54.82542710301752], [-5.103199116048648, 54.82920489966636], [-5.136614036402339, 54.85003121452533], [-5.148977556933204, 54.862236403698496], [-5.144967766490762, 54.871148129126524], [-5.154658093393332, 54.88054418745824], [-5.1591691076410795, 54.88964964604775], [-5.180888805870978, 54.90863549587267], [-5.18506567091519, 54.915222423362955], [-5.187404715339948, 54.93382080686492], [-5.186736416932874, 54.95183799088245], [-5.178716836047988, 54.96414004663635], [-5.179552209056831, 54.97053324096515], [-5.186402267729337, 54.97460163735621], [-5.176879015428535, 54.986031893883464], [-5.16885943454365, 55.00017441467141], [-5.151984899765036, 55.008601807195745], [-5.14296287126954, 55.006567609000214], [-5.123248068260862, 55.01131407145645], [-5.108879652508776, 55.0180947321082], [-5.098353952597364, 55.0180947321082], [-5.090668520916015, 55.012863936748275], [-5.087159954278878, 55.000465014413635], [-5.075965955960391, 54.99610601828036], [-5.070452494102032, 54.988841024724906], [-5.0721232401197165, 54.98167289775019], [-5.063936584633062, 54.96830530960815], [-5.073125687730327, 54.965496178766706], [-5.07496350834978, 54.959296717599386], [-5.06961712109319, 54.95338785617428], [-5.068280524279043, 54.93343334054196], [-5.060762167199462, 54.92374668246802], [-5.047062049854449, 54.917740954462175], [-5.035533902332427, 54.90863549587267], [-5.017991069146738, 54.90543889870827], [-5.000114086757515, 54.91096029381042], [-4.990590834456713, 54.91861275368883], [-4.995937221713303, 54.93633933796414], [-5.006797070828252, 54.94447613074625], [-5.005627548615873, 54.952806656689845], [-5.01899351675735, 54.97024264122294], [-5.031524111889983, 54.97479537051769], [-5.036536349943036, 54.98477262833385], [-5.0380400213589525, 54.99484675273075], [-5.048398646668597, 55.00569580977356], [-5.049735243482744, 55.011120338294965], [-5.060093868792388, 55.02516599250218], [-5.060428017995925, 55.02952498863546], [-5.051573064102197, 55.04347377626193], [-5.0512389148986605, 55.05306356775513], [-5.0393766181731, 55.06536562350904], [-5.028015545252845, 55.08086427642734], [-5.012143458084843, 55.090163468178325], [-5.008801966049473, 55.10430598896628], [-5.002118981978736, 55.108083785615115], [-4.995603072509766, 55.12581036989043], [-4.996438445518608, 55.13830615880581], [-4.991760356669092, 55.143440087585006], [-4.9561734664924115, 55.15893874050331], [-4.941470901536788, 55.16416953586324], [-4.931780574634217, 55.17259692838756], [-4.925765888970554, 55.18422091807629], [-4.909893801802551, 55.199041504929426], [-4.89051314799741, 55.210568628037414], [-4.872469091006417, 55.21763988843139], [-4.860105570475552, 55.22732654650533], [-4.8631129133073845, 55.24330953232733], [-4.853255511803046, 55.25590218782346], [-4.843899334104012, 55.27362877209877], [-4.837550499236812, 55.277890901651304], [-4.835712678617359, 55.294358220377006], [-4.837550499236812, 55.3113098720064], [-4.845570080121697, 55.32583985911731], [-4.810651488352091, 55.33891684751713], [-4.805806324900805, 55.349862771140685], [-4.775565821980717, 55.35935569605315], [-4.769384061715284, 55.37272328419519], [-4.772391404547116, 55.38783447079054], [-4.769551136317052, 55.40062085944814], [-4.7571876157861865, 55.408176452745806], [-4.753010750741975, 55.41631324552792], [-4.728952008087319, 55.426871702828514], [-4.722436098618349, 55.42629050334408], [-4.7130799209193155, 55.43287743083436], [-4.689188252866427, 55.43278056425362], [-4.677493030742635, 55.4383988259365], [-4.654269661096821, 55.44130482335869], [-4.64892327384023, 55.44382335445791], [-4.642407364371261, 55.458643941311045], [-4.6440781103889455, 55.47055853074199], [-4.631881664459848, 55.47385199448713], [-4.627203575610332, 55.48121385462333], [-4.627871874017406, 55.48973811372839], [-4.620186442336057, 55.49826237283346], [-4.623527934371426, 55.507852164326664], [-4.634721932689912, 55.51976675375761], [-4.649758646849072, 55.52712861389381], [-4.658947749946337, 55.53875260358254], [-4.673984464105498, 55.54417713210394], [-4.6586136007428, 55.549892260367564], [-4.657945302335727, 55.56945930967693], [-4.67164541968074, 55.58922009214777], [-4.6866821338399, 55.60055348209428], [-4.710072578087484, 55.61256493810596], [-4.731458127113845, 55.62089546404955], [-4.749502184104838, 55.62525446018283], [-4.752676601538438, 55.629225989993145], [-4.781914656847917, 55.63319751980346], [-4.795280624989394, 55.63077585528497], [-4.8001257884406785, 55.63852518174413], [-4.816499099413987, 55.641624912327785], [-4.8149954279980705, 55.64782437349511], [-4.851918914988898, 55.67436581661771], [-4.862945838705616, 55.68405247469165], [-4.887505805165578, 55.69519213147668], [-4.901372997112359, 55.69567646438038], [-4.905549862156571, 55.699163661286995], [-4.902375444722971, 55.72289597356815], [-4.89385464003278, 55.72773930260512], [-4.87547643383825, 55.72948290105843], [-4.868793449767512, 55.742172423135294], [-4.857265302245489, 55.746918885591526], [-4.855260407024268, 55.77423526136004], [-4.863781211714459, 55.786246717371725], [-4.870798344988733, 55.790605713505], [-4.869628822776354, 55.79835503996415], [-4.877481329059471, 55.804263901389255], [-4.886670432156736, 55.81656595714316], [-4.892183894015095, 55.83874840413249], [-4.887505805165578, 55.84669146375312], [-4.8911814464044845, 55.867227178869875], [-4.8895107003868, 55.88233836546522], [-4.898699803484065, 55.89115322431251], [-4.896026609855769, 55.89570595360726], [-4.881491119501915, 55.903067813743455], [-4.882493567112524, 55.91507926975514], [-4.874808135431176, 55.92176306382616], [-4.88082282109484, 55.93590558461412], [-4.878817925873619, 55.94229877894291], [-4.854257959413657, 55.950919904628726], [-4.83120166436961, 55.955278900761996], [-4.821177188263503, 55.96196269483302], [-4.811653935962702, 55.95740996553826], [-4.801796534458363, 55.95721623237679], [-4.791772058352256, 55.96341569354411], [-4.771556031538273, 55.95925043057231], [-4.75902543640564, 55.95460083469682], [-4.749000960299533, 55.946270308753235], [-4.725443441450182, 55.944332977138444], [-4.670475897468361, 55.93309645377267], [-4.638063424725281, 55.93154658848084], [-4.622859635964352, 55.93299958719193], [-4.601307012336222, 55.92747819208979], [-4.571901882424974, 55.92321606253725], [-4.556698093664045, 55.924475328086864], [-4.530968604991704, 55.922634863052814], [-4.5160989654343116, 55.925540860474996], [-4.50223177348753, 55.922828596214295], [-4.492875595788497, 55.92612205995943], [-4.466143659505545, 55.92050379827655], [-4.440080021629667, 55.90374587980863], [-4.4262128296828855, 55.89841821786796], [-4.417859099594462, 55.903067813743455], [-4.437406828001372, 55.90616754432712], [-4.449603273930468, 55.91197953917148], [-4.466644883310851, 55.924765927829085], [-4.483352343487695, 55.930093589769754], [-4.5032342210981415, 55.92931865712384], [-4.517435562248459, 55.932612120868974], [-4.541327230301348, 55.93299958719193], [-4.562545704725941, 55.93997398100517], [-4.574073852247964, 55.938036649390384], [-4.587773969592977, 55.93978024784369], [-4.623026710566121, 55.95130737095168], [-4.633218261273996, 55.95188857043612], [-4.654603810300358, 55.96021909637971], [-4.666466107025918, 55.95837863134566], [-4.673984464105498, 55.96147836192932], [-4.682505268795689, 55.970486953938085], [-4.701718847999061, 55.96729035677368], [-4.70506034003443, 55.972424285552876], [-4.693699267114175, 55.978623746720196], [-4.700215176583145, 55.99170073512001], [-4.707900608264493, 55.99247566776593], [-4.724608068441339, 56.00119366003248], [-4.753846123750817, 56.00535892300427], [-4.763703525255156, 56.012527049978985], [-4.774730448971874, 56.012720783140466], [-4.784253701272675, 56.01921084405001], [-4.8021306836619, 56.03684056174458], [-4.807142921714954, 56.044977354526694], [-4.820675964458198, 56.05524521208507], [-4.817334472422829, 56.06512560332049], [-4.826189426316557, 56.06793473416193], [-4.8281943215377785, 56.07771825881661], [-4.838720021449191, 56.07859005804327], [-4.841727364281023, 56.05882927557243], [-4.838051723042117, 56.051176815694014], [-4.8221796358741145, 56.02909123528543], [-4.806307548706111, 56.01291451630195], [-4.795614774192931, 56.012623916559726], [-4.792774505962867, 56.00080619370952], [-4.7740621505648, 56.001871726097654], [-4.768548688706441, 55.98743860556748], [-4.780243910830233, 55.9886978711171], [-4.799123340830068, 55.98530754079121], [-4.8350443802102845, 55.9835639423379], [-4.853422586404815, 55.990247736408925], [-4.852085989590667, 56.000031261063604], [-4.8671227037498275, 56.013592582367124], [-4.865953181537448, 56.03180349954613], [-4.870130046581659, 56.04245882342747], [-4.8811569702983775, 56.049433217240704], [-4.879987448085998, 56.05815120950725], [-4.866287330740985, 56.073746729006295], [-4.850415243572982, 56.09776964102967], [-4.845737154723466, 56.09999757238668], [-4.8390541706527275, 56.113462027109456], [-4.819840591449356, 56.124892283636704], [-4.810985637555628, 56.142715734492754], [-4.787762267909813, 56.16480131490134], [-4.78057806003377, 56.17652217117081], [-4.767713315697598, 56.186886895309925], [-4.751674153927828, 56.19357068938095], [-4.756686391980882, 56.19928581764457], [-4.7800768362284645, 56.18988975931285], [-4.790602536139877, 56.18126863362704], [-4.792941580564635, 56.1747785727175], [-4.816833248617524, 56.15317732521261], [-4.826523575520094, 56.14135960236241], [-4.828695545343084, 56.12789514763963], [-4.841226140475717, 56.12208315279526], [-4.853255511803046, 56.11278396104428], [-4.857766526050794, 56.10367850245477], [-4.882326492510757, 56.10406596877773], [-4.890847297200947, 56.11820848956569], [-4.8911814464044845, 56.125182883378926], [-4.8839972385284405, 56.133222809580296], [-4.882493567112524, 56.14155333552388], [-4.887004581360273, 56.150949393855605], [-4.907387682776024, 56.17177570871458], [-4.917746308085668, 56.16402638225543], [-4.900036400298212, 56.14610606481863], [-4.901707146315896, 56.133222809580296], [-4.907888906581329, 56.12992934583515], [-4.911397473218467, 56.11878968905012], [-4.909392577997245, 56.11220276155984], [-4.899869325696444, 56.10367850245477], [-4.875810583041787, 56.09408871096157], [-4.878817925873619, 56.083530253660975], [-4.898365654280528, 56.058441809249466], [-4.914404816050299, 56.051273682274754], [-4.907387682776024, 56.04478362136521], [-4.906886458970719, 56.032287832449825], [-4.899368101891138, 56.019985776695925], [-4.9032108177318126, 56.01707977927374], [-4.895191236846927, 55.9973189968029], [-4.895859535254001, 55.98627620659861], [-4.901038847908823, 55.98317647601495], [-4.925932963572322, 55.989279070601526], [-4.949156333218137, 55.99790019628734], [-4.963190599766687, 55.99170073512001], [-4.9441440951650835, 55.9808516780772], [-4.932448873041292, 55.98143287756164], [-4.915741412864447, 55.97629894878245], [-4.907888906581329, 55.968452755742554], [-4.910060876404319, 55.96012222979897], [-4.924596366758175, 55.95043557172502], [-4.9220902477316475, 55.94549537610732], [-4.933618395253671, 55.94307371158883], [-4.936792812687271, 55.92960925686605], [-4.945146542775694, 55.91992259879211], [-4.952831974457043, 55.89541535386504], [-4.971711404456878, 55.88185403256153], [-4.977057791713468, 55.869842576549836], [-4.988084715430186, 55.86441804802843], [-5.020497188173265, 55.865386713835825], [-5.026010650031624, 55.8687770441617], [-5.044890080031459, 55.870811242357235], [-5.04054614038548, 55.88185403256153], [-5.047730348261522, 55.89076575798955], [-5.049568168880976, 55.907523676457465], [-5.055081630739335, 55.91759780085437], [-5.055081630739335, 55.92767192525127], [-5.060093868792388, 55.93203092138454], [-5.068447598880811, 55.95217917017834], [-5.077469627376307, 55.958669231087875], [-5.096349057376142, 55.96448122593224], [-5.105371085871639, 55.97155248632622], [-5.115729711181283, 55.99441299938072], [-5.129596903128064, 55.998287662610295], [-5.1202407254290305, 55.98414514182234], [-5.118402904809578, 55.973199218198786], [-5.103199116048648, 55.95837863134566], [-5.093007565340773, 55.95372903547017], [-5.082481865429361, 55.93852098229408], [-5.073626911535633, 55.90616754432712], [-5.078472074986918, 55.89754641864131], [-5.102029593836269, 55.899290017094614], [-5.1122211445441454, 55.90258348083976], [-5.134107917375812, 55.91575733582032], [-5.152820272773878, 55.92360352886021], [-5.166353315517123, 55.9324183877075], [-5.173537523393167, 55.93203092138454], [-5.190077908968243, 55.94733584114137], [-5.185232745516958, 55.95653816631161], [-5.189409610561169, 55.968840222065516], [-5.184230297906348, 55.97329608477953], [-5.193920624808918, 55.98065794491572], [-5.199099937463739, 55.970486953938085], [-5.197095042242518, 55.964287492770765], [-5.2021072802955715, 55.94162071287774], [-5.194421848614223, 55.93648678409855], [-5.209625637375152, 55.91624166872401], [-5.220485486490102, 55.912851338398134], [-5.239866140295241, 55.90209914793606], [-5.2422051847199995, 55.89434982147691], [-5.225831873746692, 55.87652637062086], [-5.215139099233511, 55.86064025137959], [-5.208623189764541, 55.85628125524632], [-5.208623189764541, 55.84456039897685], [-5.200770683481424, 55.834001941676256], [-5.205782921534477, 55.82615574863637], [-5.215473248437048, 55.82644634837858], [-5.225497724543155, 55.83787660490583], [-5.247718646578359, 55.8400076696821], [-5.251394287817265, 55.849209994852345], [-5.261752913126909, 55.85260032517822], [-5.272278613038321, 55.847466396399035], [-5.285143357374492, 55.848338195625686], [-5.295334908082367, 55.857249921053715], [-5.301683742949568, 55.851825392532305], [-5.310872846046833, 55.85221285885527], [-5.31555093489635, 55.858121720280366], [-5.309035025427381, 55.86955197680762], [-5.312376517462749, 55.87604203771716], [-5.323737590383004, 55.879722967785256], [-5.326577858613067, 55.88456629682223], [-5.341614572772228, 55.889700225601416], [-5.350636601267725, 55.907426809876725], [-5.342784094984607, 55.916532268466234], [-5.34796340763943, 55.92767192525127], [-5.343452393391681, 55.93871471545556], [-5.3295852014449, 55.95489143443904], [-5.336101110913869, 55.96293136064041], [-5.345958512418208, 55.96738722335442], [-5.346960960028818, 55.9744584837484], [-5.339943826754544, 55.980270478592765], [-5.341948721975765, 55.99509106544589], [-5.335432812506795, 55.99712526364142], [-5.327580306223679, 56.008071187264974], [-5.320730247551172, 56.00845865358794], [-5.3015166683478, 56.02366670676402], [-5.302184966754874, 56.0275413699936], [-5.2931629382593774, 56.03751862780976], [-5.293664162064683, 56.04255569000821], [-5.2843079843656495, 56.05466401260063], [-5.268770046401183, 56.06260707222126], [-5.2642590321534355, 56.07122819790707], [-5.243541781534148, 56.081592922046184], [-5.242539333923537, 56.08440205288763], [-5.219650113481259, 56.09592917599562], [-5.205949996136246, 56.108424964911], [-5.209959786578689, 56.11123409575245], [-5.205615846932709, 56.12566721628262], [-5.199601161269045, 56.13012307899663], [-5.170028956756029, 56.13787240545579], [-5.152653198172111, 56.137581805713566], [-5.1371152602076435, 56.14194080184684], [-5.124417590473242, 56.148333996175644], [-5.101862519234501, 56.15598645605405], [-5.080476970208139, 56.16857911155018], [-5.083985536845277, 56.17555350536342], [-5.070619568703801, 56.196961019706826], [-5.0552487053411035, 56.2109098073333], [-5.032025335695288, 56.22330872966795], [-5.007632443837094, 56.230186256900446], [-4.984910297996585, 56.2342546532915], [-4.963691823571992, 56.2465567090454], [-4.93695988728904, 56.25672770002304], [-4.918748755696279, 56.26999842158434], [-4.9321147238377545, 56.269514088680644], [-4.948488034811064, 56.25914936454153], [-4.977057791713468, 56.25120630492089], [-4.989588386846101, 56.245297443495794], [-5.022836232598024, 56.239872914974384], [-5.046727900650913, 56.23406092013002], [-5.046059602243838, 56.24587864298023], [-5.053577959323419, 56.2465567090454], [-5.072624463925022, 56.2342546532915], [-5.077469627376307, 56.22330872966795], [-5.090501446314246, 56.21769046798506], [-5.095179535163763, 56.20945680862221], [-5.1102162493229235, 56.19705788628757], [-5.105872309676943, 56.19211769066985], [-5.108378428703471, 56.180687434142605], [-5.117400457198967, 56.170807042907185], [-5.140957976048318, 56.15840812057254], [-5.164014271092364, 56.15598645605405], [-5.1740387471984715, 56.15162745992078], [-5.192082804189464, 56.14988386146747], [-5.236691722861641, 56.12837948054332], [-5.255237003657939, 56.113365160528716], [-5.257074824277392, 56.09747904128745], [-5.283472611356807, 56.089148515343865], [-5.292327565250535, 56.079946190173615], [-5.297506877905358, 56.06531933648197], [-5.316052158701655, 56.05882927557243], [-5.322568068170625, 56.06086347376795], [-5.321398545958246, 56.06861280022711], [-5.3327596188785, 56.06870966680785], [-5.336769409320944, 56.06309140512496], [-5.3300864252502045, 56.05863554241095], [-5.341781647373997, 56.049336350659964], [-5.33710355852448, 56.04362122239634], [-5.337771856931553, 56.03315963167648], [-5.346626810825281, 56.021632508568494], [-5.361830599586211, 56.0238604399255], [-5.366675763037495, 56.01582051372413], [-5.380041731178972, 56.00574638932723], [-5.390400356488616, 56.004583990358356], [-5.417800591178642, 56.008361787007196], [-5.427490918081212, 56.01320511604416], [-5.430498260913044, 56.03480636354905], [-5.440856886222688, 56.034322030645356], [-5.450547213125258, 56.008168053845715], [-5.4450337512669, 55.98986027008597], [-5.451048436930563, 55.97184308606844], [-5.444031303656288, 55.957991165022705], [-5.43417390215195, 55.95469770127756], [-5.4291616640988964, 55.94142697971626], [-5.418468889585716, 55.90413334613159], [-5.419471337196326, 55.89648088625317], [-5.396749191355816, 55.869939443130576], [-5.377034388347139, 55.85240659201674], [-5.369683105869328, 55.84950059459456], [-5.354980540913704, 55.833808208514775], [-5.3432853187899125, 55.829352345800764], [-5.332425469674964, 55.81889075508091], [-5.330921798259047, 55.81094769546028], [-5.324740037993615, 55.807654231715134], [-5.314715561887508, 55.78479371866064], [-5.316219233303423, 55.77530079374817], [-5.329752276046668, 55.76493606960906], [-5.350803675869493, 55.76609846857793], [-5.366675763037495, 55.75641181050399], [-5.3942430723292905, 55.750599815659626], [-5.402763877019481, 55.74556275346117], [-5.412788353125588, 55.73451996325688], [-5.4203067102051685, 55.73345443086875], [-5.4263213958688326, 55.72628630389403], [-5.450547213125258, 55.706331788261714], [-5.446704497284584, 55.70361952400101], [-5.4472057210898885, 55.69131746824711], [-5.456561898788923, 55.67920914565468], [-5.468758344718019, 55.657123565246096], [-5.46976079232863, 55.65043977117507], [-5.483627984275412, 55.642593578135184], [-5.476443776399368, 55.63387558586864], [-5.475441328788758, 55.60423441216238], [-5.466252225691493, 55.59280415563512], [-5.459068017815449, 55.59067309085886], [-5.4583997194083755, 55.57643370349017], [-5.469927866930398, 55.58088956620418], [-5.487637774717854, 55.57895223458939], [-5.4941536841868235, 55.55396065675862], [-5.494487833390361, 55.54495206474986], [-5.489809744540844, 55.53700900512923], [-5.490645117549686, 55.52916281208933], [-5.500836668257562, 55.528387879443414], [-5.504679384098236, 55.51463282497842], [-5.511529442770742, 55.506205432454095], [-5.508522099938911, 55.50039343760973], [-5.517711203036176, 55.48489478469142], [-5.545612661531507, 55.46600580144724], [-5.544276064717359, 55.45796587524587], [-5.54862000436334, 55.44750428452601], [-5.5583103312659095, 55.435105362191365], [-5.567833583566711, 55.42832470153961], [-5.579027581885197, 55.42599990360186], [-5.602919249938085, 55.427937235216646], [-5.596737489672653, 55.419897309015276], [-5.58403981993825, 55.413697847847956], [-5.568836031177321, 55.41427904733239], [-5.563489643920731, 55.41834744372345], [-5.5522956456022445, 55.41815371056197], [-5.541101647283758, 55.40255819106292], [-5.529239350558198, 55.39626186331486], [-5.516541680823796, 55.36923608728857], [-5.521553918876849, 55.359840028956846], [-5.55179442179694, 55.3346547179646], [-5.561651823301278, 55.330005122089105], [-5.561818897903047, 55.323708794341044], [-5.58403981993825, 55.316637533947066], [-5.603587548345159, 55.307532075357564], [-5.618624262504319, 55.30636967638869], [-5.653709928875695, 55.31092240568344], [-5.66390147958357, 55.30830700800348], [-5.688461446043533, 55.30772580851904], [-5.701326190379703, 55.30297934606281], [-5.719871471176001, 55.29329268798887], [-5.731399618698024, 55.29087102347039], [-5.761640121618115, 55.288836825274856], [-5.79873068321071, 55.29939528257545], [-5.804745368874374, 55.31092240568344], [-5.798396534007173, 55.32157772956478], [-5.8014038768390055, 55.32671165834397], [-5.796725787989489, 55.334460984803115], [-5.798396534007173, 55.3432758436504], [-5.804745368874374, 55.34831290584886], [-5.799064832414247, 55.353349968047304], [-5.803742921263764, 55.364102158509375], [-5.79655871338772, 55.36904235412709], [-5.793551370555888, 55.3826036754306], [-5.796725787989489, 55.38967493582458], [-5.791546475334666, 55.39587439699191], [-5.779015880202033, 55.40129892551331], [-5.763645016839336, 55.41253544887908], [-5.7552912867509125, 55.41418218075165], [-5.748942451883712, 55.42454690489077], [-5.729895947282108, 55.42396570540633], [-5.723045888609602, 55.42861530128182], [-5.716195829937096, 55.442467222327565], [-5.713188487105263, 55.455059877823686], [-5.712018964892884, 55.472883328679735], [-5.714190934715874, 55.48847884817878], [-5.711183591884042, 55.49545324199202], [-5.713689710910568, 55.520541686403526], [-5.704500607813303, 55.53255314241521], [-5.707006726839831, 55.55260452462827], [-5.715527531530022, 55.56829691070806], [-5.715360456928253, 55.57856476826643], [-5.692805385689512, 55.58737962711372], [-5.690967565070059, 55.595903886218785], [-5.685287028609932, 55.6003597489328], [-5.684618730202859, 55.61469600288223], [-5.678771119140962, 55.61828006636959], [-5.672422284273761, 55.650633504336554], [-5.663066106574728, 55.66787575570817], [-5.676097925512667, 55.681340210430946], [-5.637503692504154, 55.69674199676851], [-5.607096114982297, 55.723477173052586], [-5.596069191265579, 55.740622557843466], [-5.583538596132945, 55.748759350625576], [-5.584708118345324, 55.75321521333959], [-5.569838478787933, 55.76697026780458], [-5.553465167814624, 55.76706713438532], [-5.525062485513987, 55.78217832098067], [-5.516040457018491, 55.78479371866064], [-5.510025771354827, 55.79409291041162], [-5.478949895425895, 55.80397330164704], [-5.470596165337472, 55.81307876023654], [-5.4704290907357045, 55.82063435353422], [-5.453888705160628, 55.83593927329105], [-5.457564346399533, 55.841170068650975], [-5.475441328788758, 55.83516434064513], [-5.482291387461264, 55.82189361908383], [-5.496993952416887, 55.81743775636981], [-5.519214874452091, 55.79738637415676], [-5.555804212239382, 55.77975665646218], [-5.580865402504649, 55.773654061875604], [-5.589386207194841, 55.76716400096606], [-5.60676196577876, 55.76144887270244], [-5.616953516486635, 55.768520133096416], [-5.609602234008824, 55.77394466161782], [-5.620963306929078, 55.78208145439993], [-5.6092680848052865, 55.78876524847095], [-5.6132778752477295, 55.79322111118496], [-5.627145067194511, 55.788280915567256], [-5.6401768861324495, 55.78682791685616], [-5.662899031972959, 55.79835503996415], [-5.670584463654308, 55.81646909056242], [-5.6613953605570435, 55.83545494038735], [-5.662899031972959, 55.847369529818295], [-5.65521360029161, 55.852890924920445], [-5.650368436840326, 55.865289847255085], [-5.629149962415733, 55.88107909991561], [-5.622132829141457, 55.89648088625317], [-5.607597338787603, 55.91217327233296], [-5.588049610380693, 55.91876019982324], [-5.584541043743556, 55.92621892654017], [-5.571342150203848, 55.93329018693415], [-5.579528805690503, 55.93968338126295], [-5.600413130911559, 55.92883432422014], [-5.608933935601749, 55.929221790543096], [-5.619793784716699, 55.923700395440946], [-5.623803575159142, 55.91721033453141], [-5.63265852905287, 55.91507926975514], [-5.644019601973124, 55.903939612970106], [-5.65855509232698, 55.9026803474205], [-5.675262552503825, 55.88756916082515], [-5.68328213338871, 55.88737542766367], [-5.686957774627617, 55.89812761812575], [-5.681277238167489, 55.902970947162714], [-5.687458998432922, 55.90917040833004], [-5.681611387371026, 55.92573459363648], [-5.671252762061382, 55.937261716744466], [-5.66707589701717, 55.94665777507619], [-5.657552644716369, 55.955182034181256], [-5.640511035335987, 55.9643843593515], [-5.632992678256407, 55.9744584837484], [-5.622634052946763, 55.980367345173505], [-5.614948621265414, 55.99266940092741], [-5.59590211666381, 56.00952418597607], [-5.576354388256902, 56.01310824946343], [-5.5636567185225, 56.02860690238173], [-5.585543491354167, 56.01853277798483], [-5.590221580203683, 56.02318237386032], [-5.570172627991469, 56.036162495679406], [-5.588550834185998, 56.03461263038757], [-5.5948996690532, 56.02725077025138], [-5.609101010203519, 56.02395730650624], [-5.620963306929078, 56.02647583760546], [-5.624471873566216, 56.021632508568494], [-5.6112729800265075, 56.01959831037296], [-5.629985335424575, 56.00235605900135], [-5.640009811530682, 55.98889160427857], [-5.664736852592412, 55.982982742853466], [-5.654712376486305, 55.97726761458984], [-5.6682454192295495, 55.9639000264478], [-5.6791052683444985, 55.958669231087875], [-5.688127296839996, 55.96448122593224], [-5.703665234804461, 55.95905669741084], [-5.706004279229219, 55.966902890450726], [-5.6834492079904795, 55.985695007114174], [-5.683950431795784, 55.99237880118519], [-5.665572225601254, 56.01136465101011], [-5.658722166928748, 56.015336180820434], [-5.656717271707526, 56.02289177411811], [-5.645690347990809, 56.029575568189124], [-5.638506140114766, 56.0435243558156], [-5.626977992592742, 56.05602014473099], [-5.615951068876025, 56.05989480796056], [-5.605759518168149, 56.073552995844814], [-5.582369073920566, 56.092441979089], [-5.566496986752563, 56.08769551663277], [-5.553298093212856, 56.09108584695865], [-5.550457824982792, 56.08081798940027], [-5.5322466933900305, 56.07975245701214], [-5.527401529938746, 56.083723986822456], [-5.54210409489437, 56.08769551663277], [-5.529239350558198, 56.0993195063215], [-5.539597975867842, 56.10445343510069], [-5.549789526575719, 56.101547437678505], [-5.568167732770247, 56.11365576027093], [-5.555971286841151, 56.13196354403068], [-5.529573499761735, 56.159086186637715], [-5.517042904629102, 56.169063444453876], [-5.519883172859165, 56.17390677349084], [-5.503509861885857, 56.188727360343975], [-5.51403556179727, 56.19105215828172], [-5.525563709319293, 56.18824302744028], [-5.531912544186493, 56.18223729943443], [-5.544777288522665, 56.17594097168637], [-5.547617556752728, 56.1710976426494], [-5.576020239053365, 56.157245721603665], [-5.580531253301113, 56.1460091982379], [-5.591725251619599, 56.14252200133128], [-5.5984082356903375, 56.13273847667659], [-5.614614472061877, 56.13157607770772], [-5.602083876929243, 56.14436246636532], [-5.600413130911559, 56.16112038483324], [-5.582703223124103, 56.18146236678852], [-5.570673851796775, 56.18988975931285], [-5.570506777195006, 56.195120554672776], [-5.557307883655298, 56.20383854693932], [-5.556973734451761, 56.21100667391404], [-5.547617556752728, 56.214009537916965], [-5.54845292976157, 56.23047685664266], [-5.562988420115426, 56.23861364942477], [-5.5431065425049795, 56.23948544865143], [-5.536423558434242, 56.24500684375357], [-5.5121977411778165, 56.2465567090454], [-5.508856249142448, 56.25372483602012], [-5.498664698434572, 56.25740576608822], [-5.494989057195666, 56.268545422873245], [-5.505180607903542, 56.27009528816508], [-5.517878277637944, 56.262249095125185], [-5.534084514009484, 56.25808383215339], [-5.561818897903047, 56.26069922983336], [-5.581700775513492, 56.248106574337235], [-5.596069191265579, 56.248784640402405], [-5.5992436086991795, 56.254209168923815], [-5.594732594451431, 56.26486449280515], [-5.579194656486965, 56.283850342630075], [-5.590889878610756, 56.28879053824779], [-5.588717908787768, 56.30041452793652], [-5.5775239104692815, 56.333542898549396], [-5.5563054360446875, 56.34691048669143], [-5.534585737814789, 56.34884781830622], [-5.524895410912219, 56.34284209030038], [-5.513033114186658, 56.34293895688111], [-5.49883177303634, 56.35214128205136], [-5.477112074806442, 56.35243188179358], [-5.458566794010144, 56.357565810572765], [-5.441525184629762, 56.36434647122452], [-5.4532204067535535, 56.36793053471188], [-5.479785268434737, 56.35533787921576], [-5.490310968346149, 56.35795327689573], [-5.506684279319458, 56.35640341160389], [-5.51503800940788, 56.34749168617587], [-5.526733231531672, 56.35359428076245], [-5.535421110823631, 56.35407861366615], [-5.538261379053695, 56.361149874060125], [-5.528571052151125, 56.37064279897259], [-5.529239350558198, 56.38013572388505], [-5.516040457018491, 56.3905973146049], [-5.51403556179727, 56.39563437680336], [-5.5033427872840885, 56.40299623693955], [-5.486802401709012, 56.410454963656484], [-5.472768135160463, 56.41287662817497], [-5.486468252505475, 56.42624421631701], [-5.47844867162059, 56.43564027464873], [-5.4515496607358696, 56.45142952730926], [-5.441525184629762, 56.44765173066042], [-5.4243165006476115, 56.450848327824815], [-5.414960322948579, 56.45520732395809], [-5.406773667461924, 56.45239819311665], [-5.3942430723292905, 56.45501359079661], [-5.366341613833959, 56.454432391312174], [-5.349968302860651, 56.45976005325284], [-5.32524126179892, 56.45113892756704], [-5.299845922330116, 56.45607912318475], [-5.285811655781565, 56.44987966201742], [-5.269438344808258, 56.45491672421588], [-5.2582443464897715, 56.450170261759645], [-5.249055243392506, 56.43874000523239], [-5.232347783215661, 56.437771339425], [-5.225330649941386, 56.4441645337538], [-5.19793041525136, 56.4468767980145], [-5.170028956756029, 56.45753212189584], [-5.156830063216321, 56.47196524242601], [-5.1451348410925295, 56.47545243933263], [-5.136279887198802, 56.4898855598628], [-5.124083441269705, 56.4935664899309], [-5.117734606402504, 56.504124947231496], [-5.1033661906504175, 56.51245547317508], [-5.095847833570836, 56.53027892403114], [-5.08465383525235, 56.53686585152141], [-5.075631806756855, 56.551686438374546], [-5.078973298792223, 56.559726364575916], [-5.107543055694628, 56.52301393047568], [-5.119405352420188, 56.51284293949804], [-5.129262753924527, 56.50974320891438], [-5.133940842774043, 56.504028080650755], [-5.1559946902074785, 56.501315816390054], [-5.164348420295902, 56.48513909740657], [-5.174539971003777, 56.48000516862738], [-5.175709493216156, 56.470705976876395], [-5.18506567091519, 56.466153247581644], [-5.184564447109884, 56.460922452221716], [-5.214972024631742, 56.45239819311665], [-5.224328202330776, 56.448232930144854], [-5.236357573658104, 56.45172012705147], [-5.259748017905688, 56.46305351699799], [-5.27779207489668, 56.464312782547594], [-5.2843079843656495, 56.460825585640976], [-5.306528906400853, 56.46237545093281], [-5.332258395073195, 56.466056381000904], [-5.3392755283474695, 56.47089971003788], [-5.361997674187979, 56.47012477739196], [-5.361496450382674, 56.46237545093281], [-5.374361194718844, 56.458113321380274], [-5.3920711025063, 56.45704778899214], [-5.4071078166654605, 56.45888825402619], [-5.40075898179826, 56.47225584216823], [-5.405437070647777, 56.484364164760656], [-5.416798143568031, 56.49366335651164], [-5.435343424364329, 56.49366335651164], [-5.4482081687005, 56.479617702304424], [-5.455058227373007, 56.48843256115171], [-5.4515496607358696, 56.505868545684805], [-5.4351763497625605, 56.52117346544163], [-5.426154321267065, 56.51875180092314], [-5.4203067102051685, 56.52659799396304], [-5.4034321754265555, 56.52572619473638], [-5.399923608789417, 56.51536147059726], [-5.382714924807267, 56.50993694207586], [-5.364837942418043, 56.51681446930836], [-5.349132929851809, 56.519914199892014], [-5.333762066489111, 56.520107933053495], [-5.324238814188309, 56.527372926608955], [-5.313713114276897, 56.52892279190078], [-5.303855712772558, 56.54093424791247], [-5.292494639852304, 56.54693997591831], [-5.275787179675458, 56.54403397849613], [-5.249556467197811, 56.54839297462941], [-5.245212527551832, 56.55313943708563], [-5.247384497374822, 56.56050129722183], [-5.262588286135751, 56.55420496947377], [-5.2874824017992506, 56.547811775144964], [-5.301850817551337, 56.55129897205158], [-5.323904664984772, 56.54752117540275], [-5.336101110913869, 56.53705958468289], [-5.360326928170295, 56.52621052764008], [-5.379373432771898, 56.52475752892899], [-5.387727162860321, 56.528147859254865], [-5.398085788169965, 56.54384024533465], [-5.414793248346809, 56.55313943708563], [-5.391068654895689, 56.56873495658468], [-5.382046626400193, 56.57057542161873], [-5.374027045515308, 56.589173805120694], [-5.3640025694092, 56.59672939841837], [-5.362665972595053, 56.601766460616815], [-5.335766961710332, 56.616974513792904], [-5.317889979321109, 56.6238520410254], [-5.315885084099887, 56.62850163690089], [-5.299511773126579, 56.636832162844485], [-5.296504430294746, 56.643225357173286], [-5.307698428613232, 56.64622822117621], [-5.317388755515802, 56.65339634815093], [-5.302184966754874, 56.66172687409451], [-5.283305536755039, 56.664536004935954], [-5.2774579256931435, 56.66996053345736], [-5.264091957551667, 56.67209159823363], [-5.253900406843791, 56.66986366687662], [-5.223492829321933, 56.686330985602325], [-5.198097489853129, 56.68574978611789], [-5.18172417887982, 56.687977717474894], [-5.168525285340113, 56.68497485347197], [-5.1483092585261305, 56.67703179385134], [-5.134776215782885, 56.68226258921127], [-5.125587112685621, 56.680034657854264], [-5.109213801712313, 56.68139078998461], [-5.106874757287555, 56.6911743146393], [-5.074128135340938, 56.69863304135623], [-5.104702787464564, 56.698729907936965], [-5.10954795091585, 56.69533957761109], [-5.123749292066169, 56.69475837812665], [-5.145636064897835, 56.68681531850602], [-5.178382686844452, 56.68923698302451], [-5.185733969322263, 56.69098058147782], [-5.184731521711653, 56.69950484058288], [-5.218146442065343, 56.70270143774729], [-5.230677037197976, 56.70095783929398], [-5.247217422773053, 56.70551056858873], [-5.238529543481094, 56.7108382305294], [-5.2393649164899365, 56.718587556988545], [-5.22917336578206, 56.729436614031364], [-5.207620742153931, 56.74038253765492], [-5.189910834366475, 56.75665612321914], [-5.170530180561334, 56.77041117768413], [-5.164348420295902, 56.780582168661766], [-5.142127498260697, 56.794918422611204], [-5.123749292066169, 56.81148260791764], [-5.09116974472132, 56.830855924065524], [-5.1234151428626316, 56.842673646915735], [-5.149812929942046, 56.838992716847635], [-5.163011823481754, 56.84412664562682], [-5.1752082694108505, 56.85265090473189], [-5.19141450578239, 56.855169435831115], [-5.250391840206654, 56.85478196950816], [-5.262922435339288, 56.853232104216325], [-5.305693533392011, 56.85613810163851], [-5.319393650737024, 56.85904409906069], [-5.334764514099722, 56.85933469880291], [-5.33493158870149, 56.855072569250375], [-5.3092021000291485, 56.84654831014531], [-5.286814103392176, 56.847032643049005], [-5.254735779852634, 56.842576780334994], [-5.23351730542804, 56.84228618059277], [-5.2072865929503935, 56.84548277775718], [-5.199099937463739, 56.84412664562682], [-5.179886358260368, 56.84606397724161], [-5.163847196490597, 56.84238304717351], [-5.15048122834912, 56.83647418574841], [-5.123749292066169, 56.83405252122992], [-5.122746844455557, 56.827174993997424], [-5.127926157110379, 56.821169265991585], [-5.151650750561499, 56.806639278880674], [-5.1559946902074785, 56.80024608455187], [-5.165852091711818, 56.797727553452646], [-5.1740387471984715, 56.79104375938162], [-5.188908386755864, 56.78397249898765], [-5.212800054808753, 56.76876444581156], [-5.230342887994439, 56.76866757923082], [-5.238863692684631, 56.76111198593315], [-5.231512410206819, 56.758109121930225], [-5.230509962596209, 56.75113472811699], [-5.253232108436718, 56.73796087313643], [-5.256406525870318, 56.73069587958098], [-5.242038110118232, 56.72159042099147], [-5.264593181356972, 56.71635962563154], [-5.275787179675458, 56.71112883027161], [-5.282971387551502, 56.70095783929398], [-5.290823893834619, 56.71112883027161], [-5.303020339763716, 56.712194362659744], [-5.318892426931718, 56.70182963852063], [-5.321064396754709, 56.69718004264514], [-5.3381060061350905, 56.69175551412373], [-5.340779199763386, 56.6874933845712], [-5.3553146901172415, 56.68206885604979], [-5.355147615515472, 56.67519132881729], [-5.369181882064023, 56.66502033783966], [-5.392906475515143, 56.652912015247225], [-5.406439518258387, 56.64254729110811], [-5.417466441975105, 56.6476812198873], [-5.43417390215195, 56.64274102426959], [-5.4523850337447115, 56.62675803844759], [-5.470262016133935, 56.615327781920335], [-5.496158579408045, 56.6147465824359], [-5.512364815779585, 56.61765257985808], [-5.524561261708682, 56.614455982693684], [-5.492984161974444, 56.60699725597675], [-5.495991504806277, 56.60166959403608], [-5.516708755425565, 56.5854928750526], [-5.523391739496303, 56.57415948510609], [-5.539096752062537, 56.5648602933551], [-5.547784631354497, 56.55362376998933], [-5.559981077283593, 56.54945850701754], [-5.559981077283593, 56.54471204456131], [-5.587715461177156, 56.53463792016441], [-5.592226475424905, 56.52882592532004], [-5.646859870203189, 56.508483943364766], [-5.690466341264754, 56.49928161819452], [-5.6954785793178075, 56.51226174001361], [-5.729227648875034, 56.516620736146876], [-5.743428990025352, 56.524660662348246], [-5.76097182321104, 56.52437006260603], [-5.771330448520684, 56.53250685538814], [-5.757129107370366, 56.54209664688134], [-5.756794958166829, 56.54916790727532], [-5.7472717058660265, 56.55459243579673], [-5.756460808963292, 56.559629497995175], [-5.7653157628570195, 56.553236303666374], [-5.7741707167507474, 56.5419997803006], [-5.775507313564896, 56.534541053583666], [-5.78469641666216, 56.53231312222666], [-5.804745368874374, 56.533572387776275], [-5.816106441794629, 56.53793138390955], [-5.829639484537873, 56.53851258339398], [-5.844174974891729, 56.543452779011695], [-5.86455807630748, 56.54422771165761], [-5.884607028519694, 56.551686438374546], [-5.904655980731908, 56.55120210547085], [-5.907663323563741, 56.5557548347656], [-5.925206156749427, 56.56176056277144], [-5.944252661351031, 56.57474068459052], [-5.944586810554568, 56.57822788149714], [-5.960793046926108, 56.58345867685707], [-5.962965016749097, 56.59062680383179], [-5.973657791262278, 56.60021659532499], [-5.9823456705542375, 56.613390450305545], [-6.000723876748767, 56.61958991147287], [-6.006738562412432, 56.644968955626595], [-6.000222652943462, 56.64903735201765], [-5.972488269049899, 56.649424818340606], [-5.954611286660675, 56.652233949182055], [-5.917520725068078, 56.65242768234353], [-5.904990129935445, 56.65736787796124], [-5.882936282502009, 56.6417723584622], [-5.8704056873693755, 56.63925382736297], [-5.85369822719253, 56.63092330141938], [-5.835152946396232, 56.63014836877347], [-5.84835183993594, 56.63789769523262], [-5.858543390643815, 56.63721962916745], [-5.877088671440113, 56.64525955536882], [-5.879594790466641, 56.653008881827965], [-5.863054404891564, 56.660177008802684], [-5.844509124095266, 56.65920834299529], [-5.806416114892059, 56.67557879514025], [-5.791546475334666, 56.679065992046866], [-5.778514656396728, 56.68962444934746], [-5.755959585157987, 56.69572704393405], [-5.744765586839501, 56.70095783929398], [-5.722878814007833, 56.69727690922588], [-5.717031202945938, 56.6911743146393], [-5.697984698344334, 56.68390932108384], [-5.679773566751573, 56.681875122888314], [-5.678436969937426, 56.678097326239474], [-5.648363541619104, 56.676353727786164], [-5.635665871884702, 56.678387925981696], [-5.608098562592907, 56.67703179385134], [-5.603587548345159, 56.6811001902424], [-5.573012896221533, 56.681875122888314], [-5.535254036221863, 56.684296787406794], [-5.535922334628937, 56.68729965140972], [-5.5603152264871305, 56.68759025115194], [-5.570673851796775, 56.69320851283482], [-5.583872745336482, 56.689043249863026], [-5.595567967460274, 56.69136804780077], [-5.615951068876025, 56.6897213159282], [-5.633995125867017, 56.684587387149016], [-5.659223390734054, 56.68303752185719], [-5.670083239849003, 56.689915049089684], [-5.679773566751573, 56.689043249863026], [-5.691301714273596, 56.69853617477549], [-5.701994488786777, 56.70008604006732], [-5.717699501353011, 56.71025703104496], [-5.732569140910403, 56.71200062949827], [-5.752618093122617, 56.7093852318183], [-5.7653157628570195, 56.71006329788348], [-5.784529342060392, 56.706091768073165], [-5.794052594361194, 56.696308243418486], [-5.809757606927428, 56.6870090516675], [-5.823290649670673, 56.68323125501866], [-5.838828587635138, 56.674803862494336], [-5.850189660555393, 56.67402892984842], [-5.858543390643815, 56.68032525759648], [-5.867565419139312, 56.67974405811204], [-5.8952998030328745, 56.67344773036398], [-5.928380574183028, 56.6774192601743], [-5.926709828165343, 56.682746922114966], [-5.938572124890904, 56.68836518379785], [-5.952439316837685, 56.682456322372744], [-5.986522535598449, 56.678969125466125], [-6.003731219580599, 56.6833281215994], [-6.030129006660015, 56.68032525759648], [-6.051514555686376, 56.69301477967334], [-6.063209777810168, 56.6938865789], [-6.095956399756784, 56.68943071618598], [-6.117676097986683, 56.6965988431607], [-6.135887229579444, 56.68507172005271], [-6.144575108871404, 56.682746922114966], [-6.159444748428795, 56.687202784828976], [-6.188348654534738, 56.68836518379785], [-6.193193817986023, 56.69282104651187], [-6.207228084534573, 56.696017643676264], [-6.226274589136176, 56.71151629659457], [-6.226274589136176, 56.72469015157513], [-6.212240322587626, 56.72788674873953], [-6.211906173384089, 56.73427994306833], [-6.2013804734726765, 56.738348339459385], [-6.183503491083453, 56.73670160758682], [-6.1833364164816835, 56.74880993017924], [-6.155936181791658, 56.75481565818509], [-6.155100808782816, 56.759077787737624], [-6.11801024719022, 56.76556784864716], [-6.099966190199227, 56.76508351574346], [-6.09311613152672, 56.76217751832128], [-6.079248939579939, 56.76285558438646], [-6.064713449226084, 56.75849658825319], [-6.050345033473997, 56.76120885251389], [-6.049676735066924, 56.765374115485685], [-6.032300976483004, 56.76314618412868], [-6.016763038518539, 56.76459918283977], [-6.012753248076096, 56.769733111618955], [-5.996881160908092, 56.77050804426487], [-5.982846894359543, 56.76866757923082], [-5.9683114040056875, 56.77544823988258], [-5.965972359580929, 56.78465056505283], [-5.946257556572252, 56.77748243807811], [-5.934562334448461, 56.76731144710047], [-5.917854874271615, 56.76082138619093], [-5.915014606041552, 56.75326579289326], [-5.903653533121297, 56.75123159469773], [-5.88176676028963, 56.761983785159806], [-5.87107398577645, 56.75597805715396], [-5.874916701617124, 56.74784126437185], [-5.870238612767607, 56.742126136108226], [-5.8503567351571615, 56.74261046901192], [-5.84617987011295, 56.75307205973178], [-5.854533600201373, 56.76140258567537], [-5.861884882679185, 56.75849658825319], [-5.88393873011262, 56.76673024761603], [-5.893796131616959, 56.77738557149737], [-5.886946072944452, 56.785328631118], [-5.873747179404745, 56.784069365568385], [-5.865894673121627, 56.77835423730476], [-5.836823692413917, 56.778063637562546], [-5.829806559139642, 56.77118611033005], [-5.8222882020600615, 56.78649103008687], [-5.80842101011328, 56.784166232149126], [-5.79221477374174, 56.791334359123844], [-5.780853700821486, 56.783391299503215], [-5.762809643830494, 56.786878496409834], [-5.790711102325824, 56.79433722312677], [-5.809089308520354, 56.79627455474156], [-5.830140708343179, 56.80363641487775], [-5.867064195334006, 56.81177320765986], [-5.861717808077416, 56.82630319477077], [-5.855034824006678, 56.83337445516475], [-5.829138260732568, 56.83482745387584], [-5.815103994184018, 56.83046845774257], [-5.808922233918586, 56.83753971813654], [-5.785865938874539, 56.83666791890989], [-5.763812091441103, 56.84771070911418], [-5.751782720113775, 56.84838877517936], [-5.7452668106448055, 56.844417245369044], [-5.719704396574233, 56.843545446142386], [-5.712520188698189, 56.84606397724161], [-5.702996936397388, 56.86204696306361], [-5.694810280910733, 56.86727775842354], [-5.671252762061382, 56.87192735429903], [-5.6722552096719925, 56.87618948385157], [-5.6902992666629855, 56.879482947596706], [-5.703164010999156, 56.86921509003833], [-5.710682368078736, 56.86708402526206], [-5.7203726949813065, 56.85110103944006], [-5.733070364715709, 56.85352270395855], [-5.754957137547375, 56.85478196950816], [-5.757129107370366, 56.858656632737734], [-5.788873281706371, 56.859722165125866], [-5.786200088078076, 56.86553415997023], [-5.762308420025187, 56.877642482562656], [-5.745433885246574, 56.88403567689146], [-5.7235471124149075, 56.884907476118116], [-5.724215410821981, 56.88946020541287], [-5.739085050379373, 56.89614399948388], [-5.7561266597597545, 56.89314113548097], [-5.771998746927758, 56.89440040103058], [-5.788372057901066, 56.88984767173582], [-5.804077070467301, 56.89159127018913], [-5.813266173564566, 56.8868448077329], [-5.834484647989159, 56.88713540747512], [-5.843506676484655, 56.882098345276674], [-5.882267984094936, 56.87957981417745], [-5.88711314754622, 56.87415528565604], [-5.9165182774574685, 56.8809359463078], [-5.923034186926437, 56.89236620283505], [-5.9044889061301395, 56.89391606812688], [-5.8993095934753175, 56.900890461940115], [-5.88611069993561, 56.90534632465413], [-5.879928939670178, 56.89875939716385], [-5.87090691117468, 56.89972806297124], [-5.859378763652657, 56.89624086606462], [-5.854199450997836, 56.90321525987786], [-5.844676198697034, 56.90602439071931], [-5.850189660555393, 56.912417585048104], [-5.872076433387059, 56.909995920529624], [-5.883437506307315, 56.91726091408508], [-5.882936282502009, 56.922588576025746], [-5.862887330289795, 56.927916237966414], [-5.867398344537543, 56.934018832552994], [-5.852862854183688, 56.94079949320475], [-5.857708017634973, 56.94612715514542], [-5.844342049493497, 56.96453180548591], [-5.827801663918421, 56.97073126665323], [-5.847182317723561, 56.97257173168728], [-5.84300545267935, 56.980224191565696], [-5.84300545267935, 56.990104582801116], [-5.834484647989159, 56.99126698176999], [-5.8323126781661685, 57.00473143649276], [-5.822789425865367, 57.00463456991203], [-5.820617456042378, 57.01189956346748], [-5.728559350467961, 57.01732409198889], [-5.71469215852118, 57.00105050642467], [-5.708677472857515, 56.99097638202777], [-5.672923508079066, 56.97770566046647], [-5.655714824096917, 56.97751192730499], [-5.641012259141292, 56.97412159697911], [-5.616786441884867, 56.97683386123981], [-5.608933935601749, 56.9829364558264], [-5.591892326221368, 56.980127324984956], [-5.581700775513492, 56.98119285737309], [-5.547617556752728, 56.99020144938186], [-5.52055147126624, 56.99407611261143], [-5.523391739496303, 57.00502203623498], [-5.544777288522665, 56.997757042679524], [-5.583872745336482, 56.99320431338477], [-5.616619367283098, 56.98283958924566], [-5.632992678256407, 56.987198585378934], [-5.639508587725376, 56.9920419144159], [-5.662397808167654, 56.99485104525735], [-5.678604044539194, 57.009865365271956], [-5.684952879406395, 57.02090815547625], [-5.671753985866687, 57.02555775135174], [-5.670250314450771, 57.03146661277684], [-5.688461446043533, 57.039506538978216], [-5.7063384284327565, 57.041153270850785], [-5.73607770754754, 57.035728742329376], [-5.735743558344004, 57.02972301432353], [-5.74910952648548, 57.029335548000574], [-5.758131554980976, 57.039409672397476], [-5.761305972414577, 57.05016186285955], [-5.779182954803801, 57.04580286672628], [-5.785531789671003, 57.04851513098698], [-5.797227011794794, 57.061688985967535], [-5.786534237281613, 57.07311924249479], [-5.759802300998661, 57.08900536173605], [-5.748107078874869, 57.090555227027885], [-5.731065469494487, 57.098498286648514], [-5.719036098167159, 57.11845280228083], [-5.696648101530187, 57.1205838670571], [-5.684785804804626, 57.11884026860379], [-5.663400255778265, 57.12310239815632], [-5.654044078079231, 57.12707392796664], [-5.610938830822971, 57.11990580099192], [-5.592059400823136, 57.119227734926746], [-5.578526358079891, 57.108378677883934], [-5.569170180380858, 57.09743275426038], [-5.5583103312659095, 57.09733588767964], [-5.551460272593403, 57.09191135915823], [-5.522890515690998, 57.083096500310944], [-5.509524547549521, 57.09743275426038], [-5.49248293816914, 57.097723354002596], [-5.453888705160628, 57.10372908200844], [-5.431333633921886, 57.105763280203966], [-5.422979903833464, 57.109250477110585], [-5.426822619674138, 57.11544993827791], [-5.4684241955144826, 57.10615074652693], [-5.503008638080551, 57.10460088123509], [-5.5142026363990375, 57.10159801723218], [-5.526064933124598, 57.10256668303957], [-5.545779736133275, 57.108475544464675], [-5.5594798534782885, 57.12581466241703], [-5.56148474869951, 57.133563988876176], [-5.577356835867512, 57.132885922811006], [-5.582870297725871, 57.13927911713981], [-5.593563072239052, 57.14015091636646], [-5.610938830822971, 57.14576917804935], [-5.631656081442259, 57.14509111198417], [-5.655714824096917, 57.14208824798125], [-5.682446760379868, 57.15129057315149], [-5.691635863477133, 57.162236496775044], [-5.675930850910898, 57.18441894376437], [-5.64234885595544, 57.19710846584123], [-5.635164648079396, 57.20679512391517], [-5.623803575159142, 57.21241338559806], [-5.635665871884702, 57.22471544135196], [-5.65638312250399, 57.228008905097106], [-5.652540406663316, 57.23837362923622], [-5.636000021088239, 57.250385085247906], [-5.608933935601749, 57.25348481583157], [-5.598742384893875, 57.25890934435298], [-5.591056953212526, 57.255906480350056], [-5.549622451973949, 57.26501193893956], [-5.542438244097906, 57.269274068492095], [-5.522389291885692, 57.26898346874987], [-5.508355025337142, 57.25367854899305], [-5.492315863567371, 57.2454448896302], [-5.485632879496633, 57.238664228978436], [-5.446537422682815, 57.222100043672], [-5.433004379939571, 57.21212278585584], [-5.418803038789252, 57.2184191136039], [-5.418468889585716, 57.22277810973718], [-5.394410146931058, 57.2321741680689], [-5.400591907196491, 57.23449896600665], [-5.413790800736199, 57.23091490251929], [-5.45038013852349, 57.23750183000956], [-5.461574136841977, 57.241570226400626], [-5.482959685868337, 57.25697201273819], [-5.503676936487626, 57.26491507235882], [-5.512698964983121, 57.27218006591428], [-5.514703860204343, 57.281866723988216], [-5.49565735560274, 57.289906650189586], [-5.486468252505475, 57.296881044002824], [-5.485465804894865, 57.30656770207676], [-5.44486667666513, 57.311411031113735], [-5.465082703479114, 57.315866893827746], [-5.4812889398506535, 57.31170163085596], [-5.490979266753223, 57.30482410362346], [-5.488807296930233, 57.299787041425006], [-5.498998847638109, 57.29281264761177], [-5.507185503124763, 57.29184398180438], [-5.523224664894535, 57.280898058180824], [-5.535086961620094, 57.28215732373044], [-5.5502907503810235, 57.27653906204755], [-5.5631554947171935, 57.27963879263121], [-5.572010448610921, 57.273633064625365], [-5.5948996690532, 57.27314873172167], [-5.606929040380528, 57.27857326024308], [-5.618958411707856, 57.2742142641098], [-5.626810917990974, 57.28225419031117], [-5.646859870203189, 57.28671005302519], [-5.662397808167654, 57.281576124246], [-5.722711739406065, 57.27954192605047], [-5.731065469494487, 57.28486958799114], [-5.720539769583075, 57.289034850962935], [-5.728726425069729, 57.297559110068], [-5.716697053742401, 57.315188827762576], [-5.701827414185008, 57.31790109202328], [-5.699989593565555, 57.32535981874021], [-5.68111016356572, 57.32380995344838], [-5.683616282592247, 57.331365546746056], [-5.678771119140962, 57.33998667243186], [-5.657886793919905, 57.341052204819995], [-5.650368436840326, 57.33446527732971], [-5.620629157725541, 57.33708067500968], [-5.587047162770083, 57.34705793282584], [-5.577356835867512, 57.3538385934776], [-5.5611505994959725, 57.35412919321982], [-5.544944363124433, 57.35199812844355], [-5.533917439407715, 57.35306366083168], [-5.506015980912384, 57.36507511684337], [-5.500335444452256, 57.37137144459143], [-5.472601060558693, 57.3826079679572], [-5.460404614629597, 57.38900116228601], [-5.452886257550016, 57.404887281527266], [-5.440522737019151, 57.413895873536035], [-5.448709392505805, 57.421838933156664], [-5.45789849560307, 57.421935799737405], [-5.47193276215162, 57.41486453934343], [-5.479952343036505, 57.40353114939691], [-5.496492728611582, 57.398687820359946], [-5.506183055514152, 57.39326329183854], [-5.505681831708847, 57.38822622964009], [-5.518045352239712, 57.38338290060312], [-5.536089409230705, 57.368852913492205], [-5.5522956456022445, 57.36139418677527], [-5.5663299121507945, 57.35790698986865], [-5.582703223124103, 57.35945685516048], [-5.601582653123938, 57.35529159218869], [-5.6132778752477295, 57.359166255418266], [-5.599577757902717, 57.36517198342411], [-5.631321932238722, 57.36546258316633], [-5.639508587725376, 57.37563357414396], [-5.633995125867017, 57.38008943685798], [-5.6084327117964445, 57.384060966668294], [-5.5948996690532, 57.390357294416354], [-5.598241161088569, 57.3953943566148], [-5.613444949849498, 57.40110948487843], [-5.605926592769918, 57.41263660798642], [-5.613444949849498, 57.414767672762686], [-5.642515930557209, 57.39074476073931], [-5.659223390734054, 57.388613695963045], [-5.670083239849003, 57.38202676847277], [-5.688795595247069, 57.37844270498541], [-5.699154220556713, 57.37098397826848], [-5.7135226363088005, 57.36555944974707], [-5.730230096485645, 57.35480725928499], [-5.743763139228889, 57.35151379553985], [-5.785531789671003, 57.34686419966436], [-5.804578294272606, 57.35848818935309], [-5.808253935511512, 57.37156517775291], [-5.816106441794629, 57.37011217904182], [-5.828135813121957, 57.37815210524319], [-5.831310230555558, 57.390551027577835], [-5.8105929799362706, 57.3990752866829], [-5.825462619493662, 57.41912666889596], [-5.81593936719286, 57.43326918968391], [-5.806583189493827, 57.43714385291349], [-5.816440590998166, 57.44382764698451], [-5.844509124095266, 57.440824782981586], [-5.856204346219057, 57.44411824672673], [-5.861049509670343, 57.449639641828874], [-5.862051957280952, 57.46203856416352], [-5.872911806395902, 57.474146886755946], [-5.8684007921481545, 57.481896213215094], [-5.8704056873693755, 57.50340059413925], [-5.854032376396067, 57.52645484035523], [-5.854199450997836, 57.54844355418307], [-5.84935428754655, 57.55793647909553], [-5.83648954321038, 57.56713880426578], [-5.841501781263434, 57.57614739627454], [-5.81159542754688, 57.58564032118701], [-5.8074185625026695, 57.58118445847299], [-5.791713549936436, 57.57440379782123], [-5.783861043653317, 57.57421006465975], [-5.7805195516179495, 57.56607327187764], [-5.769492627901231, 57.564814006328035], [-5.768323105688852, 57.559389477806626], [-5.743261915423584, 57.553964949285216], [-5.749443675689017, 57.55057461895934], [-5.7415911694059, 57.543212758823145], [-5.7272227536538125, 57.547571754956415], [-5.713188487105263, 57.54379395830758], [-5.716697053742401, 57.553093150058565], [-5.708844547459283, 57.55628974722296], [-5.698151772946103, 57.546699955729764], [-5.698987145954945, 57.531588769134416], [-5.685955327017005, 57.52626110719375], [-5.67359180648614, 57.5266485735167], [-5.663233181176496, 57.516961915442764], [-5.6522062574597784, 57.52044911234938], [-5.649533063831483, 57.52587364087079], [-5.6573855701146005, 57.54195349327353], [-5.647528168610262, 57.54234095959649], [-5.629985335424575, 57.53255743494181], [-5.633159752858175, 57.52267704370639], [-5.62079623232731, 57.520739712091604], [-5.61745474029194, 57.528779638292974], [-5.606093667371686, 57.53585089868695], [-5.5992436086991795, 57.531588769134416], [-5.577022686663975, 57.53614149842917], [-5.563489643920731, 57.53226683519959], [-5.5502907503810235, 57.53556029894473], [-5.5330820663988725, 57.52926397119667], [-5.519549023655628, 57.53120130281146], [-5.512866039584891, 57.538660029528394], [-5.516708755425565, 57.549605953151946], [-5.549121228168644, 57.55425554902744], [-5.563990867726036, 57.552899416897084], [-5.587381311973619, 57.556580346965184], [-5.605425368964612, 57.555805414319266], [-5.614113248256572, 57.55241508399339], [-5.635164648079396, 57.55619288064223], [-5.636668319495312, 57.55018715263638], [-5.651036735247399, 57.55260881715487], [-5.667242971618939, 57.546893688891245], [-5.672923508079066, 57.55444928218891], [-5.6834492079904795, 57.554836748511875], [-5.692304161884207, 57.56336100761694], [-5.70383230940623, 57.56394220710138], [-5.701994488786777, 57.57072286775313], [-5.6882943714417635, 57.56617013845838], [-5.680608939760415, 57.56946360220353], [-5.685788252415238, 57.57692232892046], [-5.706171353830989, 57.57866592737377], [-5.727723977459118, 57.585446588025526], [-5.736746005954615, 57.596973711133515], [-5.733404513919245, 57.606757235788194], [-5.75562543595445, 57.62361202083685], [-5.771831672325989, 57.63242687968414], [-5.8034087720602265, 57.64085427220847], [-5.819113784626461, 57.63978873982033], [-5.81710888940524, 57.65025033054019], [-5.808755159316817, 57.65305946138164], [-5.8094234577238915, 57.66245551971336], [-5.795723340378878, 57.67737297314723], [-5.78686838648515, 57.68366930089529], [-5.790878176927593, 57.68822203019004], [-5.7853647150692336, 57.69732748877954], [-5.772165821529526, 57.69723062219881], [-5.759802300998661, 57.706626680530526], [-5.737915528166994, 57.7082734124031], [-5.7163629045388635, 57.70052408594395], [-5.686790700025847, 57.69645568955289], [-5.6722552096719925, 57.701299018589864], [-5.687124849229384, 57.71486033989338], [-5.689965117459448, 57.72464386454806], [-5.6963139523266495, 57.73016525965021], [-5.723045888609602, 57.730068393069466], [-5.761473047016345, 57.731908858103516], [-5.772834119936601, 57.739851917724145], [-5.789541580113445, 57.745179579664814], [-5.805580741883217, 57.74576077914925], [-5.813266173564566, 57.75050724160548], [-5.803909995865531, 57.762324964455686], [-5.810425905334501, 57.769396224849665], [-5.8014038768390055, 57.78344187905688], [-5.801069727635468, 57.79341913687304], [-5.808922233918586, 57.813567385666836], [-5.813266173564566, 57.817054582573455], [-5.81493691958225, 57.83197203600733], [-5.8105929799362706, 57.84950488712116], [-5.814769844980481, 57.85425134957739], [-5.807585637104438, 57.86141947655211], [-5.782691521440938, 57.858416612549185], [-5.760637674007503, 57.86984686907643], [-5.745433885246574, 57.866456538750555], [-5.730230096485645, 57.86597220584686], [-5.7003237427690925, 57.870331201980136], [-5.682446760379868, 57.86422860739355], [-5.693640758698354, 57.850279819767074], [-5.692638311087744, 57.84378975885753], [-5.679773566751573, 57.84253049330792], [-5.685119954008163, 57.834974900010245], [-5.679272342946268, 57.83003470439254], [-5.663400255778265, 57.825288241936306], [-5.660894136751738, 57.8203480463186], [-5.6674100462207075, 57.81279245302092], [-5.6682454192295495, 57.80000606436332], [-5.654211152681, 57.78809147493237], [-5.648029392415568, 57.78605727673685], [-5.6192925609113935, 57.76639336084675], [-5.597907011885032, 57.769299358268924], [-5.622132829141457, 57.78983507338568], [-5.610771756221203, 57.79593766797227], [-5.600747280115096, 57.78993193996642], [-5.5852093421506295, 57.78896327415903], [-5.5811995517081865, 57.797293800102615], [-5.597739937283263, 57.801846529397366], [-5.588550834185998, 57.8093052561143], [-5.584875192947093, 57.81744204889641], [-5.581867850115261, 57.83604043239838], [-5.586044715159472, 57.84020569537017], [-5.6012485039204005, 57.84175556066201], [-5.599410683300948, 57.846792622860455], [-5.621965754539689, 57.854735682481085], [-5.641847632150135, 57.85589808144996], [-5.647528168610262, 57.87110613462605], [-5.655881898698684, 57.87866172792372], [-5.647528168610262, 57.886217321221395], [-5.655881898698684, 57.889026452062836], [-5.644186676574893, 57.89745384458717], [-5.647026944804956, 57.90103790807453], [-5.635665871884702, 57.91333996382843], [-5.6229682021503, 57.91895822551132], [-5.620629157725541, 57.92370468796754], [-5.6044229213540016, 57.92438275403272], [-5.58955328179661, 57.91798955970392], [-5.571676299407385, 57.91469609595878], [-5.565160389938415, 57.91828015944614], [-5.5522956456022445, 57.909659033760335], [-5.557474958257067, 57.90055357517083], [-5.548787078965107, 57.89716324484495], [-5.553298093212856, 57.89125438341985], [-5.551460272593403, 57.883601923541434], [-5.535755260027168, 57.86713460481573], [-5.516374606222028, 57.86519727320094], [-5.508020876133605, 57.86161320971358], [-5.489976819142613, 57.86074141048693], [-5.475441328788758, 57.85783541306475], [-5.4684241955144826, 57.85250775112408], [-5.452050884541174, 57.852992084027775], [-5.454222854364164, 57.86897506984978], [-5.44068981162092, 57.87265599991788], [-5.4423605576386045, 57.87875859450446], [-5.433672678346644, 57.88127712560369], [-5.437515394187319, 57.893579181357595], [-5.4223116054263905, 57.908593501372195], [-5.413289576930893, 57.90481570472336], [-5.397584564364659, 57.90471883814262], [-5.3902332818868475, 57.89929430962121], [-5.356317137727852, 57.88863898573988], [-5.33710355852448, 57.879146060827416], [-5.3327596188785, 57.87042806856087], [-5.324572963391846, 57.86519727320094], [-5.292327565250535, 57.85589808144996], [-5.26058339091453, 57.8523140179626], [-5.259580943303918, 57.8496017537019], [-5.225497724543155, 57.84262735988866], [-5.219984262684796, 57.84795502182933], [-5.238863692684631, 57.854735682481085], [-5.240701513304083, 57.862872475263195], [-5.25089306401196, 57.868490736946086], [-5.295334908082367, 57.87430273179045], [-5.311039920648602, 57.87895232766594], [-5.31337896507336, 57.88747658677101], [-5.3232363665776985, 57.89648517877977], [-5.338774304542165, 57.90626870343445], [-5.359658629763221, 57.907915435307025], [-5.3862234914444045, 57.9117900985366], [-5.3942430723292905, 57.91459922937804], [-5.3942430723292905, 57.92070182396463], [-5.405771219851314, 57.9272887514549], [-5.391235729497458, 57.931163414684484], [-5.368847732860486, 57.93232581365336], [-5.352808571090714, 57.9351349444948], [-5.3513048996747985, 57.92661068538973], [-5.332592544276732, 57.91518042886248], [-5.31555093489635, 57.910627699567726], [-5.282637238347965, 57.911499498794385], [-5.259079719498613, 57.91711776047727], [-5.239197841888167, 57.916827160735046], [-5.2361904990563355, 57.91372743015139], [-5.217478143658269, 57.90936843401811], [-5.207954891357467, 57.90084417491305], [-5.198932862861971, 57.89832564381382], [-5.188741312154095, 57.89047945077393], [-5.172869224986092, 57.88679852070583], [-5.151817825163268, 57.87546513075932], [-5.1351103649864225, 57.8751745310171], [-5.121243173039641, 57.87062180172235], [-5.099022251004437, 57.84253049330792], [-5.073793986137401, 57.81831384812307], [-5.065440256048978, 57.827128706970356], [-5.083484313039971, 57.84756755550637], [-5.080476970208139, 57.85086101925151], [-5.0953466097655316, 57.86151634313285], [-5.099022251004437, 57.86936253617274], [-5.118737054013115, 57.87846799476225], [-5.134442066579349, 57.880889659280726], [-5.136112812597034, 57.886411054382876], [-5.151483675959732, 57.896291445618296], [-5.165016718702976, 57.89309484845389], [-5.1803875820656735, 57.90752796898406], [-5.1932523264018435, 57.91033709982551], [-5.1992670120655085, 57.915955361508395], [-5.221655008702481, 57.92428588745199], [-5.217143994454732, 57.92903234990821], [-5.199768235870813, 57.92864488358526], [-5.194254774012455, 57.93494121133332], [-5.180554656667441, 57.94249680463099], [-5.192416953393002, 57.9442404030843], [-5.192249878791233, 57.95741425806486], [-5.226834321357302, 57.95867352361447], [-5.240534438702316, 57.96225758710183], [-5.2462149751624425, 57.97087871278764], [-5.282303089144428, 57.97533457550165], [-5.313713114276897, 57.98095283718454], [-5.307364279409695, 57.98560243306003], [-5.320396098347635, 57.99441729190732], [-5.33058764905551, 58.006622481080484], [-5.3533097948960195, 58.005847548434566], [-5.3472951092323555, 58.01350000831298], [-5.349968302860651, 58.02047440212622], [-5.366675763037495, 58.030742259684594], [-5.385053969232025, 58.0288049280698], [-5.4234811276387696, 58.03674798769044], [-5.417299367373337, 58.05534637119241], [-5.443697154452751, 58.062223898424904], [-5.457731421001302, 58.07714135185877], [-5.446370348081047, 58.080337949023175], [-5.4543899289659326, 58.0850844114794], [-5.446704497284584, 58.09719273407183], [-5.434675125957256, 58.1057169931769], [-5.421810381621085, 58.1052326602732], [-5.411785905514978, 58.10135799704362], [-5.390400356488616, 58.087409209417146], [-5.380375880382509, 58.08595621070606], [-5.374194120117076, 58.07617268605138], [-5.365506240825116, 58.07346042179067], [-5.351806123480104, 58.078594350569865], [-5.332425469674964, 58.07801315108543], [-5.325408336400688, 58.06881082591518], [-5.309703323834454, 58.06609856165448], [-5.292661714454072, 58.073944754694374], [-5.285477506578029, 58.0850844114794], [-5.275787179675458, 58.086343677029014], [-5.279796970117902, 58.09331807084225], [-5.2682688225958785, 58.1020360631088], [-5.271944463834783, 58.10707312530725], [-5.284475058967418, 58.10881672376056], [-5.303020339763716, 58.11956891422263], [-5.288986073215166, 58.12208744532186], [-5.2911580430381555, 58.134098901333545], [-5.282804312949733, 58.13787669798238], [-5.264091957551667, 58.137973564563126], [-5.252396735427875, 58.14698215657189], [-5.240701513304083, 58.14746648947558], [-5.240868587905853, 58.15347221748143], [-5.270106643215331, 58.14795082237928], [-5.287315327197481, 58.152019218770334], [-5.2963373556929785, 58.15056622005925], [-5.307030130206159, 58.155118949354], [-5.302352041356642, 58.163740075039804], [-5.311708219055675, 58.168195937753815], [-5.302853265161947, 58.17265180046783], [-5.3163863079051925, 58.181950992218816], [-5.3392755283474695, 58.185438189125435], [-5.344120691798755, 58.191831383454236], [-5.339776752152775, 58.199580709913384], [-5.357987883745537, 58.20209924101261], [-5.360661077373832, 58.216822961285004], [-5.386056416842636, 58.23174041471887], [-5.4042675484353975, 58.23590567769067], [-5.396916265957586, 58.24491426969943], [-5.3970833405593535, 58.25169493035119], [-5.387560088258552, 58.25518212725781], [-5.377702686754214, 58.26312518687844], [-5.367678210648107, 58.25121059744749], [-5.339609677551007, 58.24966073215566], [-5.342282871179302, 58.24452680337647], [-5.325074187197151, 58.24171767253503], [-5.310538696843296, 58.22980308310408], [-5.295167833480599, 58.23096548207295], [-5.292661714454072, 58.23503387846401], [-5.276455478082532, 58.239199141435805], [-5.271443240029479, 58.24404247047278], [-5.252897959233181, 58.24791713370235], [-5.248052795781895, 58.25033879822084], [-5.239699065693474, 58.24888579950975], [-5.23786124507402, 58.252663596158584], [-5.213969577021132, 58.250048198478616], [-5.203610951711488, 58.24646413499126], [-5.195925520030139, 58.249079532671225], [-5.171365553570176, 58.25111373086675], [-5.162176450472912, 58.25963798997182], [-5.154156869588026, 58.252760462739325], [-5.141292125251855, 58.260316056037], [-5.124584665075011, 58.25508526067707], [-5.122579769853789, 58.267193583269496], [-5.106874757287555, 58.26951838120724], [-5.105538160473406, 58.26467505217027], [-5.076968403571001, 58.25198553009341], [-5.0544133323322615, 58.24597980208756], [-5.039042468969564, 58.24762653396013], [-5.007465369235327, 58.25489152751559], [-5.002620205784041, 58.24045840698542], [-4.990423759854944, 58.23823047562841], [-4.978561463129385, 58.230190549427036], [-4.9481538856075264, 58.22195689006419], [-4.946316064988073, 58.22970621652334], [-4.963357674368455, 58.23803674246693], [-4.990590834456713, 58.2460766686683], [-4.994600624899155, 58.25062939796305], [-4.9810675821559105, 58.25421346145041], [-4.950660004634052, 58.25334166222376], [-4.94130382693502, 58.26002545629478], [-4.969873583837424, 58.25692572571111], [-4.9910920582620175, 58.25876619074516], [-5.007966593040631, 58.26399698610509], [-5.027681396049308, 58.263609519782136], [-5.053076735518113, 58.25750692519556], [-5.060762167199462, 58.260800388940694], [-5.08147941781875, 58.26380325294362], [-5.092339266933699, 58.27145571282203], [-5.1162309349865875, 58.27978623876562], [-5.12141024764141, 58.28772929838625], [-5.1342749919775805, 58.29819088910611], [-5.144466542685456, 58.30177495259346], [-5.144633617287225, 58.316304939704374], [-5.131601798349285, 58.321051402160606], [-5.146805587110214, 58.32744459648941], [-5.152653198172111, 58.31969527003025], [-5.1703631059595665, 58.322698134033175], [-5.168358210738345, 58.33044746049233], [-5.158166660030469, 58.334612723464126], [-5.175542418614388, 58.33994038540479], [-5.174372896402009, 58.36125103316746], [-5.169026509145418, 58.368709759884396], [-5.151650750561499, 58.38285228067235], [-5.144466542685456, 58.38527394519083], [-5.152653198172111, 58.3984478001714], [-5.146137288703141, 58.41113732224826], [-5.13210302215459, 58.411718521732695], [-5.124918814278548, 58.40319426262762], [-5.109882100119387, 58.3984478001714], [-5.082314790827592, 58.39244207216555], [-5.057420675164093, 58.381496148542], [-5.046393751447376, 58.38411154622196], [-5.032192410297057, 58.39282953848851], [-5.062934137022452, 58.39757600094474], [-5.0572536005623245, 58.40251619656245], [-5.072457389323254, 58.40735952559942], [-5.094845385960226, 58.40697205927646], [-5.1102162493229235, 58.41113732224826], [-5.099189325606206, 58.41675558393114], [-5.078639149588686, 58.417046183673364], [-5.092005117730162, 58.42382684432512], [-5.1142260397653665, 58.424214310648075], [-5.113223592154755, 58.43031690523466], [-5.0933417145443105, 58.439519230404905], [-5.07496350834978, 58.45182128615881], [-5.057754824367629, 58.44862468899441], [-5.048565721270365, 58.451143220093634], [-5.030354589677604, 58.44794662292924], [-5.015484950120212, 58.43922863066268], [-5.000281161359283, 58.43477276794867], [-4.996104296315071, 58.441359695438955], [-5.015484950120212, 58.44513749208779], [-5.0191605913591175, 58.44998082112476], [-5.036536349943036, 58.45414608409656], [-5.048565721270365, 58.453855484354335], [-5.069450046491422, 58.45792388074539], [-5.0612633910047675, 58.46325154268606], [-5.086324581270035, 58.469257270691905], [-5.089331924101867, 58.479040795346585], [-5.10303204144688, 58.47865332902363], [-5.12141024764141, 58.485433989675386], [-5.124751739676778, 58.4930864495538], [-5.11606386038482, 58.507035237180276], [-5.1170663079954295, 58.51526889654312], [-5.10520401126987, 58.52728035255481], [-5.092506341535468, 58.53144561552661], [-5.09116974472132, 58.53687014404801], [-5.06644270365959, 58.53628894456357], [-5.051405989500429, 58.54210093940794], [-5.030187515075836, 58.5616679887173], [-5.030688738881141, 58.56961104833793], [-5.020163038969729, 58.57532617660156], [-5.021666710385645, 58.58646583338659], [-5.0111410104742315, 58.590534229777646], [-5.015317875518443, 58.61494460812398], [-5.006797070828252, 58.62579366516679], [-4.999445788350441, 58.62656859781271], [-4.987416417023113, 58.6211440692913], [-4.965696718793213, 58.614750874962496], [-4.959347883926013, 58.61097307831366], [-4.941972125342094, 58.60971381276405], [-4.936291588881966, 58.61688193973876], [-4.892183894015095, 58.612135477282536], [-4.87547643383825, 58.61310414308993], [-4.84640545313054, 58.5987678891405], [-4.836882200829738, 58.60128642023972], [-4.8170003232192915, 58.58801569867842], [-4.821344262865272, 58.578910240088916], [-4.816833248617524, 58.560989922652126], [-4.8101502645467855, 58.55382179567741], [-4.798622117024762, 58.55110953141671], [-4.79344280436994, 58.54597560263752], [-4.821010113661735, 58.528539618104425], [-4.809147816936175, 58.52069342506453], [-4.8001257884406785, 58.52514928777855], [-4.781914656847917, 58.53987300805093], [-4.778573164812548, 58.55149699773966], [-4.791437909148719, 58.55401552883889], [-4.804302653484889, 58.560796189490645], [-4.796617221803541, 58.576294842408956], [-4.77623412038779, 58.57774784112004], [-4.76537427127284, 58.582203703834054], [-4.776902418794863, 58.59344022719983], [-4.789600088529266, 58.59886475572124], [-4.774229225166568, 58.60428928424264], [-4.765040122069304, 58.597605490171624], [-4.766710868086989, 58.590437363196905], [-4.750504631715449, 58.582300570414795], [-4.734298395343909, 58.56651131775427], [-4.717758009768833, 58.57009538124163], [-4.705394489237967, 58.565252052204656], [-4.710072578087484, 58.55982752368325], [-4.703222519414977, 58.55614659361515], [-4.682171119592152, 58.554499861742585], [-4.679832075167393, 58.55110953141671], [-4.657945302335727, 58.55236879696632], [-4.651930616672063, 58.534642212691004], [-4.66512951021177, 58.52447122171337], [-4.694534640123018, 58.5090694353758], [-4.6962053861407025, 58.50364490685439], [-4.7082347574680306, 58.49918904414038], [-4.726612963662561, 58.48049379405768], [-4.753511974547281, 58.45618028229208], [-4.750671706317217, 58.44833408925219], [-4.736136215963362, 58.44707482370258], [-4.725443441450182, 58.46179854397497], [-4.700549325786682, 58.46838547146525], [-4.693532192512407, 58.47797526295845], [-4.684677238618679, 58.477200330312535], [-4.673316165698424, 58.48388412438355], [-4.662289241981707, 58.48388412438355], [-4.658947749946337, 58.50761643666471], [-4.6392329469376605, 58.521371491129706], [-4.606319250389276, 58.52640855332815], [-4.593287431451336, 58.534642212691004], [-4.594456953663715, 58.54365080469977], [-4.604481429769822, 58.554402995161844], [-4.594624028265484, 58.56399278665505], [-4.598466744106158, 58.57135464679124], [-4.576747045876259, 58.580363238800004], [-4.5710665094161325, 58.57551990976304], [-4.540826006496043, 58.58016950563853], [-4.524285620920966, 58.576876041893385], [-4.498890281452161, 58.57619797582821], [-4.492207297381423, 58.56786744988462], [-4.469318076939145, 58.56418651981652], [-4.455785034195901, 58.558083925229944], [-4.449102050125163, 58.55178759748188], [-4.4379080518066765, 58.556340326776635], [-4.427382351895265, 58.5515938643204], [-4.428217724904107, 58.54142287334277], [-4.424542083665201, 58.53580461165988], [-4.430890918532402, 58.53144561552661], [-4.422871337647516, 58.52543988752076], [-4.409171220302503, 58.52166209087193], [-4.448767900921626, 58.50141697549739], [-4.4559521087976695, 58.494442581684154], [-4.452109392956995, 58.485433989675386], [-4.459794824638344, 58.479331395088806], [-4.466477808709082, 58.46761053881933], [-4.466979032514387, 58.45840821364909], [-4.480512075257632, 58.44862468899441], [-4.470320524549757, 58.446009291314446], [-4.445593483488025, 58.46499514113937], [-4.44074832003674, 58.473809999986656], [-4.422704263045747, 58.48223739251098], [-4.420031069417453, 58.493570782457496], [-4.396640625169869, 58.509456901698755], [-4.389456417293826, 58.50829450272988], [-4.3740855539311285, 58.51894982661122], [-4.358380541364894, 58.534835945852485], [-4.34367797640927, 58.54064794069685], [-4.2990690577370945, 58.542779005473115], [-4.266322435790477, 58.53599834482136], [-4.258637004109129, 58.52534302094002], [-4.241762469330515, 58.52427748855189], [-4.235413634463314, 58.52795841861999], [-4.237251455082768, 58.53619207798283], [-4.22188059172007, 58.532704881076214], [-4.209349996587436, 58.53367354688361], [-4.21436223464049, 58.55130326457818], [-4.201664564906087, 58.55294999645076], [-4.195649879242423, 58.546363068960474], [-4.173763106410756, 58.54210093940794], [-4.156554422428606, 58.54800980083304], [-4.156220273225069, 58.5543061285811], [-4.147198244729572, 58.56360532033209], [-4.134166425791633, 58.56302412084765], [-4.124643173490831, 58.56932044859572], [-4.108771086322828, 58.56147425555582], [-4.087719686500003, 58.5616679887173], [-4.080869627827497, 58.55198133064336], [-4.069341480305474, 58.55759959232624], [-4.070678077119622, 58.563411587170606], [-4.047454707473807, 58.57193584627568], [-4.050629124907408, 58.58142877118814], [-4.036594858358858, 58.590534229777646], [-4.016044682341338, 58.594215159845746], [-4.012034891898895, 58.58966243055099], [-4.006187280837, 58.5675768501424], [-3.9854700302177113, 58.57009538124163], [-3.9657552272090344, 58.56961104833793], [-3.9592393177400647, 58.57348571156751], [-3.9396915893331563, 58.57222644601789], [-3.923318278359848, 58.56738311698093], [-3.920979233935089, 58.56011812342547], [-3.895249745262748, 58.56825491620758], [-3.8630043471214366, 58.56302412084765], [-3.8409504996880015, 58.569029848853496], [-3.823073517298777, 58.56767371672314], [-3.800685520661805, 58.57358257814825], [-3.7923317905733818, 58.56457398613948], [-3.7751231065912316, 58.5658332516891], [-3.7767938526089164, 58.571548379952716], [-3.7587497956179234, 58.57842590718522], [-3.7502289909277327, 58.578910240088916], [-3.7253348752642337, 58.59440889300722], [-3.7001066103971976, 58.60448301740412], [-3.681561329600899, 58.60874514695665], [-3.654662318716179, 58.6211440692913], [-3.6402939029640917, 58.61533207444693], [-3.622082771371331, 58.615622674189154], [-3.5895032240264824, 58.61940047083799], [-3.5846580605751974, 58.61765687238468], [-3.5457296783631485, 58.623856333552], [-3.535538127655273, 58.62298453432535], [-3.539882067301253, 58.613975942316586], [-3.5520785132303496, 58.608260814052954], [-3.5432235593366217, 58.602255086047116], [-3.5251795023456287, 58.59692742410645], [-3.5088061913723205, 58.59925222204419], [-3.484914523319432, 58.60961694618331], [-3.4575142886294064, 58.61242607702475], [-3.4483251855321413, 58.60864828037592], [-3.4361287396030447, 58.611069944894396], [-3.4312835761517597, 58.60264255237007], [-3.399038178010448, 58.60254568578933], [-3.3751465099575597, 58.594215159845746], [-3.3550975577453457, 58.601964486304894], [-3.3467438276569235, 58.6115542777981], [-3.3510877673029036, 58.619981670322424], [-3.370969644913349, 58.62240333484091], [-3.3831660908424457, 58.62879652916971], [-3.413573668364304, 58.64042051885844], [-3.4082272811077132, 58.65853456945671], [-3.399038178010448, 58.66502463036625], [-3.375814808364634, 58.67170842443727], [-3.364119586240842, 58.66996482598396], [-3.354930483143577, 58.664152831139596], [-3.344571857833934, 58.6467168466065], [-3.322016786595193, 58.64865417822129], [-3.309987415267864, 58.64574818079911], [-3.293948253498093, 58.64555444763763], [-3.2692212124363618, 58.65388497358122], [-3.249506409427685, 58.65446617306566], [-3.238980709516272, 58.64933224428647], [-3.226617188985407, 58.649719710609425], [-3.220268354118206, 58.65553170545379], [-3.2007206257112975, 58.655144239130834], [-3.1843473147379893, 58.657662770230054], [-3.1718167196053555, 58.65049464325534], [-3.1689764513752916, 58.64284218337693], [-3.1572812292515, 58.637223921694044], [-3.136396904030444, 58.63935498647031], [-3.1280431739420207, 58.64293904995766], [-3.113841832791703, 58.64235785047323], [-3.093458731375952, 58.64691057976798], [-3.0630511538540937, 58.644101448926534], [-3.052525453942681, 58.647782378994634], [-3.0242898462438133, 58.64361711602284], [-3.037655814385289, 58.63199312633411], [-3.0354838445622994, 58.610198145667745], [-3.046009544473712, 58.59634622462201], [-3.0707365855354425, 58.593149627457606], [-3.072574406154895, 58.59024363003543], [-3.0635523776593994, 58.5786196403467], [-3.0678963173053786, 58.56418651981652], [-3.0819305838539286, 58.55643719335737], [-3.085773299694603, 58.54859100031748], [-3.1073259233227333, 58.53764507669393], [-3.112672310579324, 58.53231741475326], [-3.1257041295172625, 58.52737721913555], [-3.1313846659773903, 58.518465493707524], [-3.1332224865968428, 58.50015770994777], [-3.124367532703115, 58.48291545857616], [-3.104652729694438, 58.473713133405916], [-3.077753718809717, 58.47516613211701], [-3.052525453942681, 58.47971886141176], [-3.048515663500239, 58.47226013469482], [-3.057203542792198, 58.46005494552166], [-3.051355931730302, 58.453855484354335], [-3.0533608269515238, 58.447752889767756], [-3.0862745234999087, 58.439712963566386], [-3.0683975411106843, 58.43060750497688], [-3.080259837836244, 58.424214310648075], [-3.0844367028804553, 58.4139464530897], [-3.090618463145888, 58.40842505798756], [-3.097802671021931, 58.39302327164999], [-3.1071588487209647, 58.381883614864954], [-3.1079942217298067, 58.37122829098362], [-3.117517474030609, 58.367741094077005], [-3.126706577127874, 58.35950743471415], [-3.145084783322403, 58.354373505934966], [-3.1642983625257752, 58.34400878179585], [-3.1649666609328486, 58.340618451469965], [-3.181674121109694, 58.33315972475303], [-3.209742654206794, 58.31000861195631], [-3.2211037271270486, 58.30526214950008], [-3.251511304648907, 58.29809402252536], [-3.2720614806664257, 58.298675222009805], [-3.2972897455334618, 58.28927916367808], [-3.3307046658871524, 58.2858888333522], [-3.32769732305532, 58.2822079032841], [-3.367795227479748, 58.275136642890125], [-3.387844179691962, 58.26632178404284], [-3.417583458806747, 58.244623669957214], [-3.42476766668279, 58.24539860260313], [-3.4393031570366457, 58.22854381755447], [-3.464030198098376, 58.2136263641206], [-3.4753912710186308, 58.20016190939782], [-3.497779267655603, 58.179916794023285], [-3.517326996062512, 58.16771160485012], [-3.5283539197792297, 58.16587113981607], [-3.549572394203823, 58.15821867993766], [-3.5626042131417623, 58.14979128741333], [-3.585159284380503, 58.13971716301643], [-3.612559519070529, 58.13216156971876], [-3.6299352776544476, 58.11937518106116], [-3.6439695442029976, 58.114338118862705], [-3.658672109158622, 58.11288512015162], [-3.6720380773000976, 58.1020360631088], [-3.678721061370836, 58.10038933123623], [-3.7049517738484825, 58.086440543609754], [-3.7346910529632664, 58.07772255134321], [-3.7453838274764477, 58.06822962643075], [-3.7584156464143863, 58.06735782720409], [-3.7913293429627712, 58.06193329868269], [-3.8063660571219318, 58.05544323777315], [-3.8165576078298074, 58.045078513634024], [-3.8332650680066527, 58.038879052466704], [-3.838277306059706, 58.02938612755425], [-3.84111757428977, 58.01320940857076], [-3.8478005583605075, 58.00652561449974], [-3.8713580772098597, 58.00168228546277], [-3.8833874485371878, 57.99557969087619], [-3.891239954820305, 57.98812096415925], [-3.9173035926961832, 57.98376196802598], [-3.9356817988907133, 57.98298703538006], [-3.949047767032189, 57.97727190711644], [-3.9706003906603193, 57.97465650943648], [-3.985135881014175, 57.96836018168841], [-4.001676266589251, 57.938331541659196], [-4.007858026854684, 57.93445687842962], [-4.0250667108368345, 57.93620047688293], [-4.011199518890053, 57.94850253263684], [-4.022894741013845, 57.95024613109015], [-4.048123005880881, 57.94501533573022], [-4.058648705792293, 57.953636461416025], [-4.070511002517853, 57.95615499251525], [-4.082206224641645, 57.9511179303168], [-4.071847599332001, 57.93813780849772], [-4.045282737650817, 57.93319761288001], [-4.027238680659824, 57.92786995093934], [-4.016712980748411, 57.931938347330394], [-4.006521430040537, 57.93174461416892], [-3.9921530142884496, 57.90307210627005], [-4.004182385615778, 57.898809976717516], [-4.013037339509506, 57.890770050516146], [-4.010698295084747, 57.8815677253459], [-4.016712980748411, 57.878274261600765], [-4.0098629220759054, 57.86364740790911], [-4.020054472783781, 57.86267874210172], [-4.0339216647305625, 57.86694087165425], [-4.048290080482649, 57.86781267088091], [-4.075690315172675, 57.86674713849277], [-4.0949038943760465, 57.86171007629432], [-4.108269862517523, 57.85367015009295], [-4.136672544818159, 57.856479280934394], [-4.132662754375717, 57.86306620842468], [-4.135335948004012, 57.870137468818655], [-4.152711706587931, 57.85938527835658], [-4.173596031808987, 57.860063344421754], [-4.173763106410756, 57.86752207113869], [-4.186627850746927, 57.86694087165425], [-4.2120231902157315, 57.87333406598305], [-4.23257336623325, 57.8751745310171], [-4.236249007472156, 57.87139673436826], [-4.271668823047068, 57.86975000249569], [-4.275344464285974, 57.86122574339063], [-4.2910494768522085, 57.862097542617285], [-4.311599652869728, 57.8756588639208], [-4.333319351099626, 57.880889659280726], [-4.345682871630492, 57.88863898573988], [-4.349859736674703, 57.89667891194125], [-4.362390331807337, 57.90714050266111], [-4.38360880623193, 57.91024023324477], [-4.3969747743734064, 57.90985276692181], [-4.3789307173824135, 57.89948804278269], [-4.357378093754283, 57.90026297542861], [-4.348188990657019, 57.890770050516146], [-4.3620561826038005, 57.88224579141108], [-4.344680424019881, 57.87168733411048], [-4.3159435925157075, 57.86141947655211], [-4.303412997383074, 57.862872475263195], [-4.296897087914104, 57.85192655163964], [-4.2810250007461015, 57.856769880676616], [-4.27033222623292, 57.850376686347815], [-4.252455243843696, 57.856576147515135], [-4.223885486941291, 57.858513479129925], [-4.205340206144993, 57.86248500894024], [-4.19381205862297, 57.86267874210172], [-4.170755763578923, 57.84698635602194], [-4.163905704906417, 57.83371563446063], [-4.151542184375552, 57.833328168137676], [-4.144525051101277, 57.828775438842925], [-4.129989560747422, 57.82809737277775], [-4.1189626370307035, 57.83352190129916], [-4.103591773668007, 57.834103100783594], [-4.079700105615118, 57.828969172004406], [-4.048958378889723, 57.81492351779719], [-4.026403307650982, 57.82112297896451], [-4.005184833226389, 57.830615903876975], [-3.96625645101434, 57.84524275756863], [-3.955897825704696, 57.84563022389158], [-3.9396915893331563, 57.84107749459683], [-3.9284975910146693, 57.83371563446063], [-3.9124584292448983, 57.834199967364334], [-3.918974338713868, 57.82645064090518], [-3.895249745262748, 57.82092924580303], [-3.8561542884489306, 57.825288241936306], [-3.828754053758905, 57.83991509562796], [-3.8085380269449223, 57.862097542617285], [-3.7831426874761176, 57.86684400507352], [-3.777796300219527, 57.85367015009295], [-3.79149641756454, 57.83836523033612], [-3.810208772962606, 57.826063174582224], [-3.8148868618121234, 57.8203480463186], [-3.8369407092455585, 57.80252459546254], [-3.8481347075640446, 57.796034534553], [-3.8533140202188667, 57.789157007320505], [-3.870522704201017, 57.776661218405124], [-3.894581446855674, 57.76610276110453], [-3.899760759510496, 57.76019389967942], [-3.9163011450855727, 57.75254143980101], [-3.9179718911032575, 57.74421091385742], [-3.9303354116341227, 57.73297439049165], [-3.9316720084482704, 57.72832479461616], [-3.971101614465625, 57.697521221941024], [-3.9869737016336275, 57.691515493935185], [-4.007356803049379, 57.6945183579381], [-4.020555696589086, 57.692387293161836], [-4.034757037739404, 57.69442149135736], [-4.0359265599517835, 57.69897422065212], [-4.021391069597929, 57.72260966635253], [-4.007858026854684, 57.72958406016577], [-4.023730114022687, 57.73830205243232], [-4.039268051987153, 57.73694592030196], [-4.047454707473807, 57.73035899281169], [-4.073184196146149, 57.73229632442647], [-4.108269862517523, 57.71854126996148], [-4.114618697384724, 57.711857475890454], [-4.132662754375717, 57.703914416269825], [-4.1592276160569, 57.688706363093736], [-4.176436300039051, 57.68550976592934], [-4.190303491985833, 57.691321760773704], [-4.207345101366214, 57.69267789290406], [-4.22939894879965, 57.690449961547046], [-4.241762469330515, 57.684250500379726], [-4.2638163167639505, 57.67863223869684], [-4.279187180126648, 57.68318496799159], [-4.299737356144168, 57.67640430733984], [-4.2990690577370945, 57.66507091739332], [-4.3059191164096005, 57.656159191965294], [-4.324631471807667, 57.65577172564234], [-4.337830365347375, 57.650056597378715], [-4.347353617648176, 57.63998247298181], [-4.366734271453317, 57.62932714910048], [-4.39446865534688, 57.616928226765836], [-4.415520055169704, 57.6057885699808], [-4.41919569640861, 57.60152644042827], [-4.408837071098966, 57.59280844816172], [-4.423205486851053, 57.58418732247591], [-4.411844413930798, 57.57876279395451], [-4.399647968001702, 57.58767451938253], [-4.386950298267299, 57.59145231603137], [-4.367903793665696, 57.600557774620874], [-4.344179200214576, 57.61625016070066], [-4.3251326956129725, 57.63078014781157], [-4.287540910215071, 57.64569760124544], [-4.247108856587106, 57.66565211687776], [-4.214529309242258, 57.67398264282135], [-4.206175579153835, 57.672335910948775], [-4.165576450924101, 57.67582310785539], [-4.168082569950628, 57.66313358577853], [-4.154716601809152, 57.65741845751491], [-4.12146875605723, 57.65974325545265], [-4.107768638712217, 57.66293985261706], [-4.089724581721225, 57.66400538500519], [-4.059818228004672, 57.674854442048], [-4.040938798004837, 57.67863223869684], [-4.037096082164163, 57.68386303405677], [-4.021558144199697, 57.678825971858316], [-4.002344564996325, 57.68008523740793], [-3.9941579095096706, 57.677760439470184], [-4.002511639598094, 57.668170647976986], [-4.012201966500664, 57.6620680533904], [-4.025233785438603, 57.65867772306452], [-4.048457155084417, 57.64531013492248], [-4.066835361278947, 57.628649083035306], [-4.080201329420423, 57.62186842238354], [-4.1020881022520905, 57.60743530185337], [-4.104928370482154, 57.599007909329046], [-4.112613802163502, 57.594358313453554], [-4.108771086322828, 57.57760039498564], [-4.133163978181022, 57.57934399343895], [-4.17326188260545, 57.564814006328035], [-4.175266777826672, 57.55328688322004], [-4.1839546571186315, 57.54650622256828], [-4.224386710746597, 57.551155818443775], [-4.242764916941126, 57.55173701792821], [-4.227728202781965, 57.543212758823145], [-4.210185369596278, 57.54166289353132], [-4.2019987141096244, 57.5436002251461], [-4.193477909419433, 57.53749763055952], [-4.20350238552554, 57.52577677429005], [-4.230234321808492, 57.508147056595476], [-4.234411186852704, 57.50078519645928], [-4.292051924462819, 57.5047567262696], [-4.310597205259117, 57.50243192833185], [-4.322793651188214, 57.50504732601182], [-4.344179200214576, 57.505725392077], [-4.363559854019716, 57.51240918614801], [-4.3829405078248564, 57.511634253502095], [-4.415520055169704, 57.50446612652738], [-4.423205486851053, 57.49603873400305], [-4.407834623488355, 57.49710426639118], [-4.3941345061433426, 57.49061420548165], [-4.385112477647846, 57.48102441398844], [-4.378596568178876, 57.479280815535134], [-4.3299778590642575, 57.4846084774758], [-4.315776517913939, 57.48015261476179], [-4.3090935338432015, 57.48344607850693], [-4.287540910215071, 57.481315013730665], [-4.251285721631317, 57.49042047232017], [-4.246273483578263, 57.49429513554974], [-4.229064799596113, 57.49410140238827], [-4.219875696498848, 57.49671680006823], [-4.196151103047728, 57.48858000728612], [-4.178274120658504, 57.48528654354098], [-4.16256910809227, 57.49177660445052], [-4.147532393933109, 57.50465985968886], [-4.150205587561405, 57.511634253502095], [-4.1450262749065825, 57.5175431149272], [-4.128151740127969, 57.51473398408576], [-4.118461413225399, 57.51938357996125], [-4.10426007207508, 57.53352610074921], [-4.095405118181352, 57.53904749585135], [-4.051798647119787, 57.553093150058565], [-4.0407717234030684, 57.56016441045254], [-4.038265604376542, 57.56801060349243], [-4.047287632872038, 57.57672859575898], [-4.059651153402903, 57.58234685744186], [-4.076024464376212, 57.58341238983], [-4.058147481986988, 57.590871116546936], [-4.0198873981820125, 57.59193664893507], [-4.012703190305969, 57.60113897410531], [-3.9794553445540473, 57.592420981838764], [-3.9684284208373297, 57.592420981838764], [-3.9363500972977867, 57.586415253832925], [-3.913795026059046, 57.58583405434848], [-3.861667750307289, 57.59135544945063], [-3.814218563405049, 57.603270038881575], [-3.798680625440583, 57.6094695000489], [-3.786985403316792, 57.61934989128432], [-3.7704450177417153, 57.62438695348277], [-3.7647644812815875, 57.630392681488615], [-3.743211857653457, 57.632039413361184], [-3.7089615642909255, 57.643857136211395], [-3.699605386591892, 57.648409865506146], [-3.6989370881848185, 57.654609326673466], [-3.6909175072999325, 57.658871456226], [-3.648981782256051, 57.66293985261706], [-3.634613366503965, 57.66293985261706], [-3.624087666592552, 57.6583871233223], [-3.6222498459730987, 57.651025263186106], [-3.63294262048628, 57.64066053904699], [-3.6296011284509113, 57.633783011814494], [-3.6110558476546126, 57.6360109431715], [-3.589670298628251, 57.63078014781157], [-3.5823190161504392, 57.63494541078337], [-3.585660508185808, 57.64695686679505], [-3.600028923937895, 57.650928396605366], [-3.617738831725351, 57.66410225158593], [-3.573965286062017, 57.6615837204867], [-3.5494053196020543, 57.661680587067444], [-3.523842905531481, 57.66555525029702], [-3.507302519956405, 57.671657844883605], [-3.496609745443224, 57.67911657160054], [-3.489258462965412, 57.693937158453664], [-3.4895926121689493, 57.699361686975074], [-3.4730522265938726, 57.703914416269825], [-3.4553423188064167, 57.70439874917352], [-3.443312947479088, 57.709242078210494], [-3.392188119337942, 57.71611960544299], [-3.3848368368601305, 57.71941306918813], [-3.342065738807407, 57.72493446429028], [-3.3290339198694676, 57.72445013138658], [-3.304306878807737, 57.720575468157], [-3.2894372392503444, 57.72512819745175], [-3.2777420171265534, 57.723675198740665], [-3.2832554789849118, 57.71766947073482], [-3.2344696952685243, 57.70265515072021], [-3.173988689428345, 57.688028297028566], [-3.1168491756235346, 57.67650117392057], [-3.0939599551812567, 57.67504817520948], [-3.080593987039781, 57.6721421777873], [-3.027130114473877, 57.663617918682235], [-3.0060787146510517, 57.666136449781455], [-2.99438349252726, 57.672432777529515], [-2.9691552276602247, 57.67911657160054], [-2.959464900757654, 57.67921343818128], [-2.9322317406693967, 57.68686589805969], [-2.9222072645632897, 57.697521221941024], [-2.903996132970528, 57.697714955102505], [-2.881273987130019, 57.70246141755874], [-2.8481932159798653, 57.70614234762683], [-2.846355395360413, 57.6981992880062], [-2.828645487572957, 57.69267789290406], [-2.794228119608656, 57.700330352782466], [-2.7778548086353476, 57.692387293161836], [-2.7489509025294057, 57.69093429445074], [-2.747948454918795, 57.684250500379726], [-2.738425202617994, 57.68192570244198], [-2.7153689075739473, 57.692387293161836], [-2.708184699697904, 57.68715649780191], [-2.6939833585475856, 57.68444423354121], [-2.66223918421158, 57.68686589805969], [-2.6381804415569228, 57.68018210398867], [-2.612450952884581, 57.6790197050198], [-2.5982496117342633, 57.68211943560346], [-2.5837141213804076, 57.67756670630871], [-2.5760286896990587, 57.682410035345676], [-2.5668395866017946, 57.674854442048], [-2.540943023327684, 57.66904244720364], [-2.5259063091685237, 57.670786045656946], [-2.5120391172217422, 57.663617918682235], [-2.4949975078413607, 57.67320771017543], [-2.488815747575928, 57.671754711464345], [-2.453061782797479, 57.67049544591473], [-2.4119614307624406, 57.671754711464345], [-2.3964234927979744, 57.668267514557726], [-2.3798831072228976, 57.67010797959177], [-2.3589987820018417, 57.67562937469392], [-2.349976753506345, 57.66962364668807], [-2.327254607665836, 57.676113707597615], [-2.325583861648151, 57.68647843173673], [-2.301859268197031, 57.6945183579381], [-2.289829896869702, 57.69325909238849], [-2.2719529144804786, 57.68211943560346], [-2.258921095542539, 57.6790197050198], [-2.247058798816979, 57.68260376850716], [-2.20813041660493, 57.676210574178356], [-2.19192418023339, 57.67127037856064], [-2.175216720056545, 57.67359517649839], [-2.1628531995256797, 57.68347556773381], [-2.1548336186407937, 57.68279750166863], [-2.139796904481633, 57.68890009625522], [-2.1339492934197377, 57.6945183579381], [-2.116907684039356, 57.700233486201725], [-2.1098905507650807, 57.69713375561807], [-2.0798171224467596, 57.70052408594395], [-2.0590998718274713, 57.69723062219881], [-2.0428936354559317, 57.69170922709666], [-2.0233459070490234, 57.69684315587585], [-2.002294507226198, 57.698586754329156], [-2.002628656429735, 57.69345282554997], [-1.9952773739519234, 57.68105390321533], [-1.9735576757220246, 57.676210574178356], [-1.9540099473151162, 57.67495130862874], [-1.9419805759877873, 57.68076330347311], [-1.9185901317402045, 57.672432777529515], [-1.9180889079348988, 57.66778318165402], [-1.8980399557226848, 57.65131586292833], [-1.8856764351918196, 57.638529474270726], [-1.864290886165458, 57.6254524858709], [-1.8268661753693252, 57.61470029540883], [-1.8208514897056602, 57.60753216843411], [-1.8278686229799357, 57.596973711133515], [-1.8277015483781671, 57.584574788798875], [-1.8223551611215765, 57.570819734333874], [-1.812497759617238, 57.56045501019476], [-1.8041440295288158, 57.5563866138037], [-1.8019720597058253, 57.544859490695714], [-1.8068172231571111, 57.53110443623072], [-1.7956232248386241, 57.51589638305463], [-1.7745718250157996, 57.510762454275444], [-1.7667193187326822, 57.50310999439703], [-1.7739035266087262, 57.50117266278224], [-1.7911122105908763, 57.50233506175111], [-1.7939524788209402, 57.495748134260836], [-1.7825914059006855, 57.49119540496608], [-1.7949549264315507, 57.485674009863935], [-1.776409645635253, 57.474050020175206], [-1.7827584805024541, 57.46194169758278], [-1.7971268962545404, 57.45390177138141], [-1.797628120059846, 57.44721797731039], [-1.8181782960773658, 57.436175187106095], [-1.8155051024490705, 57.42784466116251], [-1.8277015483781671, 57.421064000510746], [-1.8383943228913484, 57.40992434372572], [-1.8475834259886126, 57.413799006955294], [-1.8552688576699614, 57.41098987611385], [-1.864625035368995, 57.400334552232515], [-1.8599469465194778, 57.393069558677055], [-1.8880154796165778, 57.37311504304474], [-1.914413266695993, 57.36313778522858], [-1.9252731158109428, 57.350738862893934], [-1.936467114129429, 57.34337700275774], [-1.967375915456592, 57.32807208300092], [-1.9860882708546583, 57.31567316066627], [-1.9979505675802187, 57.33349661152232], [-1.9991200897925978, 57.33892114004373], [-1.9902651358988699, 57.346573599922145], [-2.0019603580226617, 57.34783286547176], [-2.0089774912969363, 57.3405678719163], [-1.9987859405890607, 57.33165614648827], [-1.9997883881996712, 57.3241005531906], [-1.991434658111249, 57.31615749356997], [-1.9951102993501548, 57.31208909717891], [-1.9902651358988699, 57.30472723704272], [-2.0169970721818222, 57.27634532888607], [-2.042726560854163, 57.243216958273194], [-2.0585986480221665, 57.218031647280945], [-2.07764515262377, 57.17608841782078], [-2.078146376429075, 57.15371223766998], [-2.0734682875795585, 57.14576917804935], [-2.087669628729877, 57.14635037753378], [-2.089340374747561, 57.13956971688202], [-2.0711292431548003, 57.1397634500435], [-2.055257155986797, 57.142475714304204], [-2.057596200411556, 57.13550132049097], [-2.050746141739049, 57.129979925388824], [-2.0517485893496596, 57.12426479712519], [-2.0646133336858306, 57.106731946011365], [-2.072799989172485, 57.1041165483314], [-2.073635362181327, 57.09646408845298], [-2.09167941917232, 57.07989990314655], [-2.092180642977625, 57.067985313715596], [-2.1058807603226377, 57.063529451001585], [-2.11106007297746, 57.053649059766165], [-2.1232565189065573, 57.04774019834106], [-2.1207503998800306, 57.04347806878853], [-2.1613495281097634, 57.0180990246348], [-2.167865437578733, 57.00909043262604], [-2.169536183596418, 56.99921004139062], [-2.1750496454547763, 56.99727270977583], [-2.1874131659856424, 56.97867432627386], [-2.2042877007642554, 56.9691814013614], [-2.206459670587246, 56.96346627309778], [-2.199275462711202, 56.95310154895866], [-2.2022828055430343, 56.93324389990708], [-2.1971034928882123, 56.930628502227115], [-2.2006120595253496, 56.92094184415318], [-2.1966022690829066, 56.908930388141485], [-2.2034523277554134, 56.90796172233409], [-2.206793819790782, 56.89759699819498], [-2.2151475498792053, 56.89536906683797], [-2.213643878463289, 56.8841325434722], [-2.2243366529764694, 56.874542751979], [-2.2331916068701974, 56.86282189570953], [-2.242547784569231, 56.86040023119104], [-2.2620955129761393, 56.84451411194978], [-2.2732895112946263, 56.843545446142386], [-2.2772993017370684, 56.82969352509665], [-2.289495747666166, 56.82765932690113], [-2.3082081030642323, 56.80712361178437], [-2.326419234656993, 56.795983954999336], [-2.3583304835947674, 56.78716909615205], [-2.3758733167804547, 56.77709497175515], [-2.399430835629806, 56.774285840913706], [-2.4244920258950744, 56.7565592566384], [-2.441533635275456, 56.7300178135158], [-2.4522264097886373, 56.704348169619855], [-2.4640887065141968, 56.70328263723172], [-2.475951003239757, 56.707738499945734], [-2.4742802572220723, 56.7199436891189], [-2.5158818330624166, 56.72343088602552], [-2.531419771026883, 56.70541370200799], [-2.5162159822659538, 56.69853617477549], [-2.4838035095228745, 56.69940797400214], [-2.4797937190804316, 56.704348169619855], [-2.462752109700049, 56.701635905359154], [-2.440364113063077, 56.702217104843584], [-2.443538530496677, 56.69320851283482], [-2.4408653368683826, 56.68671845192528], [-2.4554008272222374, 56.678387925981696], [-2.5001768204961827, 56.66250180674043], [-2.5080293267792992, 56.65019975098652], [-2.5058573569563096, 56.635088564391175], [-2.5006780443014875, 56.62956716928903], [-2.4831352111158003, 56.628792236643115], [-2.480127868283968, 56.625014439994274], [-2.4883145237706223, 56.61406851637072], [-2.5010121935050247, 56.60496305778122], [-2.5043536855403934, 56.599054196356114], [-2.5195574743013225, 56.59033620408957], [-2.5244026377526074, 56.579390280466015], [-2.540274724920611, 56.572997086137214], [-2.5381027550976203, 56.566797624969894], [-2.5548102152744656, 56.56030756406035], [-2.5676749596106365, 56.56050129722183], [-2.5868885388140086, 56.55275197076268], [-2.6022594021767063, 56.551589571793805], [-2.611949729079276, 56.54761804198349], [-2.6271535178402052, 56.536381518617716], [-2.6361755463357017, 56.52698546028599], [-2.664912377839875, 56.516427002985395], [-2.6736002571318345, 56.50964634233364], [-2.708351774299672, 56.49928161819452], [-2.7145335345651045, 56.4930821570272], [-2.72472508527298, 56.47322450797562], [-2.7345824867773194, 56.46547518151647], [-2.743604515272815, 56.464603382289816], [-2.7958988656263406, 56.48048950153108], [-2.8236332495199035, 56.477777237270374], [-2.836330919254306, 56.47506497300967], [-2.8485273651834024, 56.46847804551939], [-2.8702470634133013, 56.462472317513544], [-2.8886252696078305, 56.46876864526161], [-2.909342520227119, 56.467993712615694], [-2.917195026510236, 56.46547518151647], [-2.9430915897843457, 56.46421591596686], [-2.976339435536268, 56.453657458666264], [-2.9888700306689016, 56.45133266072852], [-3.037989963588826, 56.450945194405556], [-3.0511888571285333, 56.458403921122496], [-3.058874288809882, 56.45297939260109], [-3.0824318076592343, 56.45133266072852], [-3.10014171544669, 56.438643138651656], [-3.1265395025261054, 56.431087545353975], [-3.139070097658739, 56.42362881863704], [-3.159119049870953, 56.406095967523214], [-3.168809376773523, 56.40212443771289], [-3.1947059400476334, 56.38507591950276], [-3.2075706843838034, 56.37848899201248], [-3.2272854873924812, 56.37161146477998], [-3.2540174236754336, 56.36889920051928], [-3.2809164345601536, 56.35989060851051], [-3.3029702819935896, 56.358437609799424], [-3.320011891373971, 56.36415273806305], [-3.3241887564181827, 56.36018120825273], [-3.297623894736999, 56.35156008256692], [-3.2829213297813755, 56.35020395043657], [-3.2608674823479395, 56.35078514992101], [-3.2353050682773663, 56.353981747085406], [-3.194037641640559, 56.36444333780526], [-3.1798363004902406, 56.37199893110294], [-3.1337237104021485, 56.38507591950276], [-3.115846728012924, 56.39185658015452], [-3.099807566243153, 56.39301897912339], [-3.0795915394291704, 56.39999337293663], [-3.0638865268629356, 56.40280250377807], [-3.047346141287859, 56.40851763204169], [-3.0393265604029738, 56.41568575901641], [-3.0154348923500853, 56.41752622405046], [-2.984359016421153, 56.4245006178637], [-2.9430915897843457, 56.438352538909434], [-2.9372439787224502, 56.446489331691545], [-2.920202369342068, 56.45172012705147], [-2.883111807749472, 56.45239819311665], [-2.869578765006227, 56.44590813220711], [-2.865067750758479, 56.44067733684718], [-2.855043274652372, 56.438643138651656], [-2.82831133836942, 56.4436802008501], [-2.816950265449165, 56.4436802008501], [-2.806090416334216, 56.438255672328694], [-2.8027489242988475, 56.4208196877956], [-2.81210510199788, 56.38962864879751], [-2.8212942050951453, 56.38497905292202], [-2.826306443148199, 56.37761719278583], [-2.853205454032919, 56.369092933680754], [-2.8570481698735932, 56.371030265295545], [-2.8889594188113676, 56.36609006967784], [-2.88762282199722, 56.36173107354456], [-2.8593872142983523, 56.359503142187556], [-2.8388370382808326, 56.352916214697274], [-2.8276430399623464, 56.35553161237724], [-2.820124682882766, 56.36793053471188], [-2.811770952794343, 56.361246740640865], [-2.8045867449183, 56.345166888238126], [-2.783702419697244, 56.339742359716716], [-2.777687734033579, 56.33276796590348], [-2.755633886600144, 56.331314967192384], [-2.7280665773083497, 56.32637477157468], [-2.715870131379252, 56.32773090370503], [-2.7060127298749137, 56.32453430654063], [-2.689806493503374, 56.32627790499394], [-2.678278345981351, 56.31959411092292], [-2.6604013635921264, 56.31833484537331], [-2.6518805589019356, 56.30690458884605], [-2.6306620844773425, 56.29305266780032], [-2.612785102088118, 56.28646574031004], [-2.599252059344874, 56.286659473471516], [-2.5853848673980924, 56.27910388017384], [-2.6017581783714006, 56.26438015990146], [-2.6206376083712355, 56.26098982957558], [-2.629325487663195, 56.25324050311642], [-2.654553752530231, 56.23919484890921], [-2.675438077751288, 56.232607921418925], [-2.6891381950963007, 56.222727530183505], [-2.705010282264303, 56.22079019856872], [-2.708351774299672, 56.21604373611249], [-2.7193786980163903, 56.21497820372436], [-2.753127767573617, 56.206453944619284], [-2.7815304498742535, 56.20093254951714], [-2.80024280527232, 56.193183223057986], [-2.810935579785501, 56.18572449634105], [-2.826974741555272, 56.18969602615137], [-2.843849276333886, 56.18378716472627], [-2.8520359318205397, 56.188921093505456], [-2.862728706333721, 56.186790028729185], [-2.8670726459797002, 56.19357068938095], [-2.875593450669892, 56.19628295364165], [-2.8929692092538106, 56.206744544361506], [-2.910010818634192, 56.210425474429606], [-2.935406158102997, 56.21245967262513], [-2.9671503324390027, 56.20742261042668], [-2.998393282969703, 56.1917302243469], [-2.996722536952019, 56.188533627182494], [-3.0161031907571587, 56.17826576962412], [-3.0177739367748435, 56.174487972975285], [-3.0363192175711413, 56.16654491335465], [-3.043670500048953, 56.16828851180796], [-3.063719452261167, 56.158214387411064], [-3.084102553676918, 56.14010033681279], [-3.0956307011989415, 56.13990660365131], [-3.1156796534111555, 56.129251279769974], [-3.11952236925183, 56.12431108415227], [-3.131551740579159, 56.11937088853456], [-3.14107499287996, 56.11975835485752], [-3.154273886419668, 56.11220276155984], [-3.159620273676258, 56.101450571097764], [-3.158450751463879, 56.0850801189528], [-3.1642983625257752, 56.07481226139443], [-3.184848538543294, 56.064060070932356], [-3.1962096114635488, 56.06241333905979], [-3.2167597874810685, 56.063866337770875], [-3.2244452191624173, 56.05718254369986], [-3.2348038444720615, 56.05427654627768], [-3.2508430062418325, 56.06105720692943], [-3.284257926595523, 56.05611701131172], [-3.2997958645599885, 56.04730215246444], [-3.31048863907317, 56.04362122239634], [-3.310822788276706, 56.03926222626306], [-3.336886426152585, 56.039455959424544], [-3.3418986642056385, 56.03306276509574], [-3.3571024529665676, 56.026088371282505], [-3.37297454013457, 56.02909123528543], [-3.384168538453056, 56.02550717179807], [-3.3905173733202574, 56.01707977927374], [-3.3876771050901935, 56.01146151759085], [-3.4012101478334387, 56.00913671965311], [-3.409062654116556, 56.016207980047085], [-3.4449836934967726, 56.02327924044106], [-3.4506642299569004, 56.01950144379222], [-3.4822413296911368, 56.03383769774166], [-3.5071354453546366, 56.03500009671053], [-3.5136513548236064, 56.040424625231935], [-3.5433906339383903, 56.04003715890898], [-3.5560883036727926, 56.044493021623], [-3.558761497301088, 56.049336350659964], [-3.5754689574779333, 56.05882927557243], [-3.586830030398188, 56.05611701131172], [-3.593345939867157, 56.045849153753345], [-3.606043609601559, 56.04565542059187], [-3.6175717571235824, 56.055923278150246], [-3.6528244980967255, 56.05233921466289], [-3.6745441963266243, 56.04643035323778], [-3.6854040454415733, 56.047883351948876], [-3.70846034048562, 56.05640761105394], [-3.7243324276536223, 56.06890339996932], [-3.73652887358272, 56.07578092720182], [-3.76125591464445, 56.083433387080234], [-3.795004984201677, 56.10755316568435], [-3.826415009334146, 56.113074560786494], [-3.8352699632278737, 56.11820848956569], [-3.841451723493307, 56.10658449987696], [-3.8332650680066527, 56.09902890657928], [-3.819899099865177, 56.09922263974076], [-3.7988477000423515, 56.10396910219699], [-3.7904939699539293, 56.09389497780009], [-3.762091287653292, 56.073940462167776], [-3.7353593513703407, 56.063963204351616], [-3.727673919688992, 56.04739901904517], [-3.728509292697834, 56.032384699030565], [-3.7169811451758106, 56.02647583760546], [-3.701610281813113, 56.02744450341286], [-3.6902492088928582, 56.03703429490606], [-3.681561329600899, 56.03490323012979], [-3.6772173899549196, 56.026282104443986], [-3.684234523229194, 56.02318237386032], [-3.6717039280965604, 56.01678917953152], [-3.6608440789816115, 56.014754981336], [-3.637787783937565, 56.014754981336], [-3.6247559649996255, 56.01911397746927], [-3.620077876150109, 56.016111113466344], [-3.5975228049113683, 56.02095444250332], [-3.568785973407195, 56.01591738030487], [-3.5634395861506043, 56.01146151759085], [-3.5164916230536694, 56.004680856939096], [-3.50462932632811, 55.99799706286808], [-3.4810718074787577, 55.99760959654512], [-3.472551002788567, 55.999934394482864], [-3.4346250681871284, 55.99334746699259], [-3.403883341461734, 55.99325060041185], [-3.3945271637627004, 55.98986027008597], [-3.3768172559752445, 55.9914101353778], [-3.3659574068602955, 55.99877199551399], [-3.3519231403117455, 56.00158112635543], [-3.317672846949213, 55.982982742853466], [-3.2892701646485767, 55.97901121304315], [-3.2632065267726977, 55.97910807962389], [-3.2500076332329906, 55.983854542080124], [-3.233801396861451, 55.98366080891864], [-3.2023913717289814, 55.98007674543128], [-3.195708387658244, 55.984823207887516], [-3.1795021512867043, 55.98956967034375], [-3.157114154649731, 55.98191721046533], [-3.1163479518182298, 55.956925632634565], [-3.096131925004247, 55.94956377249837], [-3.0667267950929995, 55.94501104320362], [-3.034481396951689, 55.95411650179312], [-3.0209483542084437, 55.95140423753242], [-3.010422654297032, 55.95276036966277], [-2.984359016421153, 55.95992849663749], [-2.9713271974832143, 55.970293220776604], [-2.9492733500497783, 55.97329608477953], [-2.937411053324219, 55.972230552391395], [-2.9151901312890143, 55.97523341639432], [-2.89731314889979, 55.984048275241605], [-2.899652193324549, 55.988310404794134], [-2.8886252696078305, 55.991991334862234], [-2.8851167029706932, 56.00216232583987], [-2.8901289410237467, 56.01020225204124], [-2.874423928457513, 56.01398004869008], [-2.867573869785006, 56.01068658494494], [-2.851033484209929, 56.01291451630195], [-2.8670726459797002, 56.02715390367064], [-2.8670726459797002, 56.03635622884089], [-2.8476919921745605, 56.03829356045567], [-2.838335814475527, 56.04119955787785], [-2.8313186812012523, 56.05107994911327], [-2.825471070139356, 56.052048614920665], [-2.8159478178385546, 56.06231647247905], [-2.7867097625290755, 56.065706802804925], [-2.7566363342107545, 56.059313608476124], [-2.7409313216445206, 56.06241333905979], [-2.703506610848387, 56.05737627686133], [-2.678946644388425, 56.06183213957535], [-2.670592914300002, 56.057763743184296], [-2.6604013635921264, 56.059507341637605], [-2.6289913384596577, 56.052048614920665], [-2.6209717575747726, 56.047883351948876], [-2.6081070132386017, 56.03277216535353], [-2.5980825371324947, 56.02570090495955], [-2.587222688017545, 56.02201997489145], [-2.5900629562476087, 56.01039598520272], [-2.598750835539568, 55.99770646312586], [-2.578367734123818, 56.00119366003248], [-2.56951278023009, 56.01049285178346], [-2.5439503661595166, 55.99877199551399], [-2.5421125455400633, 56.00516518984279], [-2.531419771026883, 56.00671505513462], [-2.512874490230584, 56.00535892300427], [-2.509365923593447, 55.99974066132138], [-2.488481598372391, 55.99538166518811], [-2.473946108018535, 55.99576913151107], [-2.465258228726576, 55.98763233872896], [-2.445209276514362, 55.98792293847118], [-2.4408653368683826, 55.981239144400156], [-2.4139663259836617, 55.97019635419586], [-2.4027723276651756, 55.9717462194877], [-2.394919821382058, 55.95760369869974], [-2.3747037945680756, 55.947045241399145], [-2.3531511709399453, 55.93861784887482], [-2.338782755187859, 55.93745544990595], [-2.3357754123560266, 55.93203092138454], [-2.3205716235950975, 55.92980299002753], [-2.310714222090759, 55.930965388996405], [-2.289829896869702, 55.92883432422014], [-2.2590881701443077, 55.92379726202169], [-2.240877038551546, 55.93038418951197], [-2.224837876781775, 55.93232152112676], [-2.2109706848349937, 55.930674789254184], [-2.1997766865165076, 55.923022329375776], [-2.1676983629769646, 55.91507926975514], [-2.13695663625157, 55.91633853530475], [-2.1301065775790633, 55.906555010650074], [-2.135118815632117, 55.90258348083976], [-2.1279346077560737, 55.89715895231835], [-2.125762637933084, 55.88369449759557], [-2.109723476163312, 55.88030416726969], [-2.1027063428890376, 55.87575143797494], [-2.0818220176679807, 55.87391097294089], [-2.0741365859866328, 55.87003630971132], [-2.0697926463406526, 55.8427199339428], [-2.058097424216861, 55.83816720464805], [-2.0549230067832607, 55.8304178781889], [-2.0442302322700794, 55.81637222398168], [-2.034372830765741, 55.81114142862175], [-2.0525839623585025, 55.802520302935946], [-2.0601023194380828, 55.80261716951669]]]]}}, {"type": "Feature", "properties": {"id": "TLN", "name": "Northern Ireland"}, "geometry": {"type": "MultiPolygon", "coordinates": [[[[-6.189852325950653, 55.25842071892268], [-6.198206056039076, 55.26500764641296], [-6.200545100463835, 55.27721283558613], [-6.188682803738274, 55.28496216204528], [-6.193026743384254, 55.29261462192369], [-6.227611185950323, 55.29610181883031], [-6.254008973029739, 55.29203342243926], [-6.2824116553303755, 55.292420888762216], [-6.280573834710923, 55.30094514786728], [-6.252672376215591, 55.30966314013383], [-6.2378027366582, 55.31247227097527], [-6.218422082853059, 55.30627280980795], [-6.201714622676214, 55.305691610323514], [-6.169803373738439, 55.30162321393246], [-6.180997372056925, 55.28002196642757], [-6.181164446658695, 55.26704184460849], [-6.189852325950653, 55.25842071892268]]], [[[-5.524561261708682, 54.668987575123374], [-5.5314113203811885, 54.67014997409225], [-5.543941915513822, 54.677899300551395], [-5.533917439407715, 54.681677097200236], [-5.520217322062702, 54.673637170998866], [-5.524561261708682, 54.668987575123374]]], [[[-6.062708554004862, 54.02279061501077], [-6.064713449226084, 54.027730810628476], [-6.081587984004697, 54.029474409081786], [-6.089106341084278, 54.03644880289502], [-6.106816248871734, 54.04042033270534], [-6.092447833119647, 54.04942892471411], [-6.0774111189604865, 54.050106990779284], [-6.086600222057751, 54.058243783561394], [-6.097292996570932, 54.0631839791791], [-6.104644279048744, 54.06124664756432], [-6.12118466462382, 54.06550877711685], [-6.1323786629423065, 54.06531504395537], [-6.138226274004202, 54.06173098046801], [-6.156604480198732, 54.06483071105167], [-6.184338864092295, 54.0759703678367], [-6.19352796718956, 54.09573115030754], [-6.215414740021227, 54.100574479344516], [-6.234294170021062, 54.10134941199043], [-6.250834555596138, 54.09728101559938], [-6.268210314180058, 54.102221211217085], [-6.281409207719765, 54.11132666980659], [-6.290932460020567, 54.11268280193694], [-6.308976517011559, 54.106677073931095], [-6.317998545507056, 54.09098468785131], [-6.336376751701586, 54.09476248450015], [-6.3345389310821325, 54.10512720863927], [-6.345900004002387, 54.113748334325074], [-6.354754957896115, 54.110454870579936], [-6.368455075241128, 54.11093920348363], [-6.362106240373927, 54.09737788218011], [-6.362273314975695, 54.07926383158184], [-6.367285553028749, 54.07025523957308], [-6.383993013205593, 54.06783357505459], [-6.387167430639194, 54.06163411388727], [-6.418076231966358, 54.06240904653319], [-6.445643541258152, 54.058340650142135], [-6.449987480904132, 54.068027308216074], [-6.456002166567796, 54.072580037510825], [-6.480227983824221, 54.076357834159666], [-6.477554790195926, 54.06938344034643], [-6.49660129479753, 54.059212449368786], [-6.5034513534700364, 54.05989051543396], [-6.515647799399133, 54.05252865529777], [-6.532021110372441, 54.05969678227248], [-6.549229794354591, 54.0503975905215], [-6.557917673646552, 54.049235191552626], [-6.586654505150725, 54.05756571749622], [-6.5956765336462215, 54.051947455813334], [-6.595008235239147, 54.044585595677134], [-6.6065363827611705, 54.03964540005943], [-6.6274207079822265, 54.03974226664017], [-6.640786676123703, 54.048266525745234], [-6.649975779220968, 54.06144038072579], [-6.665179567981896, 54.066283709762764], [-6.6586636585129275, 54.075292301771526], [-6.655990464884632, 54.086141358814345], [-6.6454647649732195, 54.100574479344516], [-6.655155091875789, 54.10958307135328], [-6.661169777539454, 54.12256319317236], [-6.647970883999746, 54.130215653050776], [-6.639784228513092, 54.13166865176186], [-6.640452526920166, 54.14242084222394], [-6.631597573026438, 54.14697357151869], [-6.63026097621229, 54.15452916481637], [-6.636442736477724, 54.17099648354207], [-6.6586636585129275, 54.18475153800706], [-6.665012493380129, 54.19317893053139], [-6.6735332980703195, 54.192210264724], [-6.705945770813399, 54.20005645776389], [-6.720982484972559, 54.18717320252555], [-6.720982484972559, 54.182039273746355], [-6.745208302228985, 54.18814186833294], [-6.755901076742166, 54.19899092537575], [-6.773610984529622, 54.19889405879502], [-6.784303759042802, 54.20596531918899], [-6.801011219219648, 54.21323031274445], [-6.800342920812573, 54.22107650578434], [-6.815045485768197, 54.227082233790185], [-6.822563842847778, 54.240643555093705], [-6.829079752316748, 54.2475210823262], [-6.8295809761220525, 54.25740147356162], [-6.839271303024622, 54.26776619770074], [-6.865502015502269, 54.26970352931552], [-6.868008134528797, 54.28210245165017], [-6.8584848822279945, 54.282586784553864], [-6.850799450546646, 54.29731050482626], [-6.85798365842269, 54.304478631800976], [-6.856312912405005, 54.31358409039048], [-6.863330045679279, 54.31532768884379], [-6.865000791696964, 54.32976080937396], [-6.872184999573007, 54.334797871572405], [-6.877030163024292, 54.3468093275841], [-6.893069324794064, 54.35116832371737], [-6.90643529293554, 54.35039339107145], [-6.905599919926698, 54.359983182564655], [-6.91077923258152, 54.3655045776668], [-6.911113381785057, 54.374513169675566], [-6.933167229218492, 54.379937698196976], [-6.943692929129904, 54.38923688994796], [-6.959732090899676, 54.392239753950875], [-6.95923086709437, 54.397858015633766], [-6.975938327271216, 54.40027968015225], [-6.982120087536648, 54.409482005322495], [-6.993982384262209, 54.40512300918922], [-7.000665368332946, 54.41325980197133], [-7.016537455500949, 54.413937868036506], [-7.029736349040657, 54.421202861591965], [-7.053293867890009, 54.41238800274468], [-7.0706696264739275, 54.39020555575535], [-7.084536818420709, 54.37867843264736], [-7.109096784880671, 54.36569831082828], [-7.103416248420544, 54.35601165275434], [-7.1236322752345265, 54.35078085739441], [-7.152536181340468, 54.33528220447611], [-7.1836120572694, 54.33983493377086], [-7.188791369924222, 54.337607002413854], [-7.1817742366499475, 54.329470209631744], [-7.178098595411042, 54.31619948807044], [-7.179769341428726, 54.3092250942572], [-7.191631638154286, 54.31193735851791], [-7.2066683523134465, 54.30486609812393], [-7.212181814171805, 54.299635302764], [-7.183946206472937, 54.28752698017158], [-7.17291928275622, 54.28607398146048], [-7.173420506561524, 54.272706393318444], [-7.160722836827123, 54.2735781925451], [-7.150364211517479, 54.25837013936901], [-7.141509257623751, 54.253139344009085], [-7.158049643198828, 54.24558375071141], [-7.146020271871499, 54.23977175586705], [-7.1496959131104045, 54.23395976102268], [-7.148025167092721, 54.22475743585244], [-7.160388687623586, 54.21972037365399], [-7.176594923995125, 54.2182673749429], [-7.190462115941907, 54.224176236368], [-7.195307279393192, 54.21758930887772], [-7.209174471339973, 54.212842846421495], [-7.219031872844312, 54.21565197726294], [-7.244427212313116, 54.20480292022012], [-7.236073482224693, 54.19337266369287], [-7.250943121782086, 54.19414759633879], [-7.259463926472277, 54.184073471941886], [-7.251277270985623, 54.17274008199537], [-7.257291956649287, 54.16499075553622], [-7.252446793198002, 54.15569156378524], [-7.263974940720026, 54.14522997306538], [-7.262972493109414, 54.13748064660623], [-7.27750798346327, 54.12963445356634], [-7.291876399215356, 54.11907599626574], [-7.303571621339148, 54.12295065949532], [-7.308918008595739, 54.13215298466557], [-7.292711772224199, 54.13060311937373], [-7.284190967534007, 54.139805444543974], [-7.301399651516158, 54.14406757409651], [-7.289871503994135, 54.1492015028757], [-7.279847027888028, 54.167606153216184], [-7.291375175410051, 54.17196514934946], [-7.300397203905547, 54.166153154505096], [-7.310254605409886, 54.16731555347397], [-7.326293767179657, 54.1514294342327], [-7.339492660719365, 54.14687670493795], [-7.327296214790268, 54.13515584866848], [-7.312092426029339, 54.131765518342604], [-7.316102216471782, 54.12692218930563], [-7.3054094419586, 54.12333812581828], [-7.308416784790433, 54.11704179807022], [-7.321281529126604, 54.114813866713206], [-7.323286424347826, 54.12236946001088], [-7.346175644790103, 54.116460598585775], [-7.346342719391871, 54.12246632659162], [-7.3635514033740215, 54.13147491860039], [-7.3799247143473305, 54.12420992504493], [-7.392622384081733, 54.12692218930563], [-7.38209668417032, 54.134671515764786], [-7.402981009391376, 54.140870976932106], [-7.420356767975296, 54.13689944712179], [-7.424700707621275, 54.140096044286196], [-7.40899569505504, 54.15307616610527], [-7.426872677444265, 54.15472289797785], [-7.442410615408731, 54.15394796533193], [-7.4537716883289855, 54.14474564016169], [-7.468474253284609, 54.14077411035137], [-7.471982819921747, 54.12663158956342], [-7.481004848417243, 54.122175726849406], [-7.4918646975321925, 54.12304752607606], [-7.50940753071788, 54.12982818672782], [-7.521771051248745, 54.13069998595447], [-7.528119886115946, 54.13573704815292], [-7.544660271691023, 54.128181454855245], [-7.5657116715138475, 54.12663158956342], [-7.574232476204038, 54.13292791731148], [-7.5737312523987335, 54.14106471009359], [-7.591942383991494, 54.139902311124715], [-7.610487664787792, 54.143776974354296], [-7.611323037796635, 54.147167304680174], [-7.625357304345185, 54.15326989926675], [-7.625357304345185, 54.16547508843992], [-7.629701243991164, 54.17012468431541], [-7.645573331159167, 54.175936679159776], [-7.656099031070579, 54.185623337233714], [-7.664452761159002, 54.18794813517146], [-7.676649207088099, 54.182039273746355], [-7.679155326114626, 54.19191966498178], [-7.692187145052565, 54.203834254412726], [-7.702044546556904, 54.20780578422304], [-7.710565351247094, 54.20315618834755], [-7.74448149540609, 54.20431858731642], [-7.748324211246764, 54.20945251609561], [-7.762191403193546, 54.207515184480826], [-7.8036259044321215, 54.20703085157713], [-7.811478410715239, 54.200928256990544], [-7.83937986921057, 54.20974311583783], [-7.861433716644006, 54.21846110810438], [-7.855419030980341, 54.22272323765691], [-7.860097119829859, 54.22960076488941], [-7.858927597617479, 54.243065219612184], [-7.86210201505108, 54.25265501110539], [-7.860431269033395, 54.260307470983804], [-7.87279478956426, 54.2662163324089], [-7.870789894343039, 54.288205046236754], [-7.881148519652683, 54.29198284288559], [-7.888165652926958, 54.30050710199066], [-7.901531621068434, 54.30147576779805], [-7.915064663811679, 54.297116771664776], [-7.918573230448816, 54.30312249967062], [-7.94614053974061, 54.304381765220235], [-7.961678477705076, 54.312421691421605], [-7.963349223722761, 54.320461617622975], [-7.972204177616489, 54.33082634176209], [-7.982562802926132, 54.3362508702835], [-7.986405518766807, 54.34419392990413], [-7.999437337704746, 54.34719679390705], [-7.997432442483525, 54.35572105301212], [-8.00779106779317, 54.36124244811427], [-8.018316767704581, 54.35668971881952], [-8.03134858664252, 54.35668971881952], [-8.049559718235281, 54.3659889105705], [-8.065264730801516, 54.37722543393627], [-8.084144160801351, 54.39737368273007], [-8.097677203544595, 54.40657600790031], [-8.153647195137026, 54.43699211425248], [-8.142787346022077, 54.450650302136744], [-8.16935220770326, 54.460530693372164], [-8.17386322195101, 54.46731135402392], [-8.148634957083972, 54.46992675170389], [-8.114718812924977, 54.46905495247723], [-8.11321514150906, 54.47641681261342], [-8.098011352748133, 54.47728861184008], [-8.098679651155207, 54.48416613907258], [-8.085647832217267, 54.487556469398456], [-8.065097656199747, 54.486684670171805], [-8.043043808766312, 54.489203201271025], [-8.038532794518563, 54.5031519888975], [-8.039869391332712, 54.50935145006483], [-8.014641126465676, 54.53221196311932], [-8.005953247173716, 54.545967017584324], [-7.99141775681986, 54.54306102016214], [-7.9777176394748475, 54.54528895151915], [-7.96017480628916, 54.540736222224396], [-7.953491822218423, 54.534246161314854], [-7.937619735050419, 54.53308376234598], [-7.919575678059426, 54.53676469241408], [-7.890003473546411, 54.53676469241408], [-7.869453297528891, 54.53453676105707], [-7.844225032661855, 54.53744275847925], [-7.829856616909769, 54.54083308880513], [-7.824176080449641, 54.54654821706876], [-7.833198108945138, 54.552360211913125], [-7.817994320184209, 54.56340300211742], [-7.800952710803827, 54.568536930896606], [-7.799616113989679, 54.576576857097976], [-7.766702417441294, 54.586166648591174], [-7.760353582574093, 54.59420657479255], [-7.751498628680365, 54.5987593040873], [-7.740972928768953, 54.59943737015247], [-7.697867681512692, 54.60989896087233], [-7.696698159300313, 54.61900441946184], [-7.706388486202883, 54.619585618946275], [-7.704717740185199, 54.631984541280914], [-7.72510084160095, 54.627625545147644], [-7.743311973193711, 54.62026368501145], [-7.754004747706892, 54.61910128604258], [-7.7578474635475665, 54.62501014746768], [-7.771714655494348, 54.621426083980325], [-7.783744026821676, 54.63334067341127], [-7.801286860007363, 54.63343753999201], [-7.808303993281639, 54.63963700115933], [-7.818495543989514, 54.64050880038599], [-7.828352945493853, 54.633050073669054], [-7.8448933310689295, 54.63353440657275], [-7.856755627794489, 54.63837773560972], [-7.85658855319272, 54.65048605820215], [-7.877305803812009, 54.655716853562076], [-7.891340070360559, 54.65591058672355], [-7.904037740094961, 54.662691247375314], [-7.913560992395762, 54.67625256867883], [-7.898524278236602, 54.684970560945374], [-7.91272561938692, 54.69426975269636], [-7.921079349475343, 54.695916484568926], [-7.918072006643511, 54.70269714522069], [-7.895182786201233, 54.70037234728294], [-7.879477773634998, 54.70269714522069], [-7.855084881776805, 54.72691379040554], [-7.836706675582275, 54.736406715318005], [-7.8176601709806715, 54.73379131763804], [-7.8168247979718295, 54.729141721762545], [-7.804628352042733, 54.71868013104269], [-7.794436801334857, 54.72003626317304], [-7.780903758591612, 54.717323998912335], [-7.776392744343864, 54.71189947039093], [-7.749994957264449, 54.70424701051252], [-7.743144898591942, 54.70686240819248], [-7.735292392308826, 54.71693653258938], [-7.711567798857705, 54.72613885775962], [-7.697366457707387, 54.7263325909211], [-7.676315057884562, 54.73311325157286], [-7.636551302663671, 54.75151790191335], [-7.617671872663836, 54.74338110913124], [-7.600797337885222, 54.7459965068112], [-7.579077639655324, 54.74347797571198], [-7.5576920906289615, 54.745318440746026], [-7.549171285938771, 54.74047511170906], [-7.537977287620285, 54.747255772360816], [-7.547500539921087, 54.75539256514293], [-7.54816883832816, 54.77263481651454], [-7.543156600275107, 54.77960921032778], [-7.549338360540539, 54.78939273498246], [-7.528286960717715, 54.80770051874221], [-7.517427111602766, 54.808184851645905], [-7.500886726027689, 54.81758090997763], [-7.483845116647307, 54.82397410430643], [-7.480336550010169, 54.83182029734632], [-7.469977924700525, 54.839666490386215], [-7.457113180364354, 54.85351841143195], [-7.455275359744902, 54.86000847234149], [-7.443078913815805, 54.87124499570726], [-7.442076466205194, 54.87938178848937], [-7.451432643904227, 54.89313684295437], [-7.451599718505996, 54.90243603470535], [-7.445083809037026, 54.91280075884447], [-7.448425301072395, 54.930817942862], [-7.442577690010499, 54.93798606983671], [-7.425034856824812, 54.94321686519664], [-7.405320053816134, 54.94215133280851], [-7.396966323727712, 54.94602599603809], [-7.407157874435588, 54.95522832120833], [-7.407492023639125, 54.963655713732656], [-7.400307815763081, 54.97217997283772], [-7.407157874435588, 54.98264156355758], [-7.391954085674659, 54.99465301956927], [-7.4056542030196715, 55.00327414525508], [-7.398637069745397, 55.00908614009944], [-7.391452861869353, 55.02235686166074], [-7.376583222311961, 55.0286531894088], [-7.356033046294442, 55.04579857419968], [-7.3334779750557, 55.05015757033295], [-7.3217827529319095, 55.0451205081345], [-7.299394756294937, 55.056163298338795], [-7.289036130985293, 55.04744530607225], [-7.277340908861501, 55.054322833304745], [-7.272662820011984, 55.06352515847499], [-7.264142015321793, 55.06672175563939], [-7.2455967345254955, 55.06352515847499], [-7.254618763020992, 55.051998035367], [-7.251778494790928, 55.04415184232711], [-7.2327319901893246, 55.04822023871816], [-7.234235661605241, 55.05374163382031], [-7.22571485691505, 55.06090976079503], [-7.214186709393027, 55.05684136440397], [-7.183277908065863, 55.06090976079503], [-7.161391135234196, 55.059747361826155], [-7.148025167092721, 55.05732569730767], [-7.148192241694488, 55.04667037342633], [-7.13081648311057, 55.04202077755084], [-7.109932157889514, 55.042505110454535], [-7.061647597978431, 55.04763903923373], [-7.048448704438723, 55.05170743562478], [-7.0446059885980485, 55.05829436311506], [-7.026561931607056, 55.06701235538161], [-7.013530112669117, 55.077764545843685], [-7.022385066562845, 55.08696687101393], [-7.020213096739855, 55.100237592575226], [-7.010689844439053, 55.106437053742546], [-6.99698972709404, 55.10585585425811], [-6.989972593819766, 55.11108664961804], [-6.983456684350796, 55.127069635440044], [-6.9687541193951725, 55.14789595029902], [-6.9627394337315085, 55.16455700218619], [-6.960400389306749, 55.18218671988077], [-6.9664150749704135, 55.19458564221541], [-6.951879584616559, 55.192745177181365], [-6.927820841961902, 55.179377589039326], [-6.910946307183288, 55.173759327356436], [-6.891231504174611, 55.17017526386908], [-6.86433249328989, 55.167366133027635], [-6.833256617360958, 55.1667849335432], [-6.804853935060322, 55.16881913173873], [-6.789984295502929, 55.1677535993506], [-6.77377805913139, 55.169497197803906], [-6.768431671874799, 55.167366133027635], [-6.727164245237992, 55.17220946206461], [-6.725326424618539, 55.1795713222008], [-6.7076165168310835, 55.19322951008506], [-6.689071236034785, 55.195360574861326], [-6.679715058335752, 55.198750905187204], [-6.660167329928843, 55.19865403860646], [-6.649641630017431, 55.205047232935264], [-6.628924379398143, 55.20843756326114], [-6.610212024000076, 55.20601589874266], [-6.590664295593168, 55.208728163003364], [-6.573288537009249, 55.21463702442847], [-6.543883407098001, 55.21725242210843], [-6.528512543735304, 55.225001748567585], [-6.531686961168905, 55.23255734186526], [-6.506124547098331, 55.240403534905155], [-6.502114756655889, 55.24621552974952], [-6.481731655240138, 55.251930658013144], [-6.470036433116347, 55.25134945852871], [-6.455835091966028, 55.2395317356785], [-6.425928738249475, 55.236722604837055], [-6.416906709753979, 55.23720693774075], [-6.409388352674398, 55.232266742123045], [-6.388838176656879, 55.235753939029664], [-6.380484446568456, 55.24253459968142], [-6.3694575228517385, 55.2454405971036], [-6.358597673736789, 55.24088786780885], [-6.3325340358609115, 55.23962860225924], [-6.312485083648697, 55.22974821102382], [-6.295777623471851, 55.231201209734905], [-6.28725681878166, 55.224711148825364], [-6.272053030020732, 55.221223951918745], [-6.260190733295172, 55.2129902925559], [-6.248662585773149, 55.21211849332924], [-6.23763566205643, 55.20446603345083], [-6.228947782764472, 55.20456290003157], [-6.179994924446316, 55.213280892298116], [-6.154933734181048, 55.22752027966681], [-6.139729945420118, 55.22703594676311], [-6.116172426570767, 55.20950309564928], [-6.10715039807527, 55.21018116171446], [-6.074069626925118, 55.19797597254129], [-6.052851152500525, 55.18257418620372], [-6.050679182677534, 55.17530919264827], [-6.033136349491847, 55.169400331223166], [-6.025952141615804, 55.15845440759961], [-6.026286290819341, 55.13908109145173], [-6.039485184359048, 55.13278476370367], [-6.041657154182038, 55.12648843595561], [-6.0353083193148365, 55.12300123904899], [-6.033637573297153, 55.11331458097504], [-6.035976617721911, 55.10324045657815], [-6.048173063651007, 55.089388535532414], [-6.0553572715270505, 55.08473893965692], [-6.052684077898755, 55.07301808338745], [-6.058531688960651, 55.064106357959425], [-6.0424925271908805, 55.05296670117439], [-6.02411432099635, 55.05722883072693], [-6.012084949669022, 55.05664763124249], [-5.994709191085104, 55.05935989550319], [-5.981176148341858, 55.057906896792105], [-5.965972359580929, 55.052385501689955], [-5.963299165952634, 55.04822023871816], [-5.972154119846362, 55.030977987346546], [-5.971652896041057, 55.02235686166074], [-5.979004178518869, 55.0117015377794], [-5.977166357899415, 55.00734254164613], [-5.987190834005522, 55.000465014413635], [-5.991701848253271, 54.98641936020642], [-5.9823456705542375, 54.978960633489486], [-5.969313851616299, 54.98099483168501], [-5.960960121527876, 54.97663583555174], [-5.955613734271285, 54.96927397541555], [-5.945255108961641, 54.970823840707375], [-5.929884245598944, 54.968111576446674], [-5.919024396483994, 54.961718382117866], [-5.904321831528371, 54.94796332765287], [-5.893461982413422, 54.93469260609157], [-5.886277774537378, 54.91890335343105], [-5.878091119050724, 54.90766683006528], [-5.857875092236742, 54.89865823805651], [-5.844342049493497, 54.90078930283278], [-5.842504228874044, 54.889843379209225], [-5.833482200378548, 54.87802565635902], [-5.821786978254757, 54.875603991840535], [-5.810760054538038, 54.86707973273546], [-5.805914891086753, 54.858458607049656], [-5.797728235600099, 54.852162279301595], [-5.769158478697694, 54.85196854614012], [-5.757630331175671, 54.85865234021114], [-5.746102183653647, 54.85545574304674], [-5.7143580093176425, 54.83850409141734], [-5.691468788875365, 54.80954098377626], [-5.689463893654143, 54.801888523897844], [-5.6943090571054285, 54.77883427768187], [-5.692304161884207, 54.76556355612056], [-5.708343323653978, 54.75209910139779], [-5.710181144273431, 54.74589964023046], [-5.7263873806449705, 54.73795658060983], [-5.733070364715709, 54.73824718035205], [-5.748441228078406, 54.72623572434036], [-5.765649912060557, 54.722942260595225], [-5.790209878520519, 54.720908062399694], [-5.805580741883217, 54.71432113490942], [-5.805580741883217, 54.7108339380028], [-5.82997363374141, 54.70889660638801], [-5.8423371542722755, 54.70434387709326], [-5.854700674803141, 54.69581961798819], [-5.895633952236412, 54.67402463732182], [-5.900312041085929, 54.65978524995313], [-5.912842636218562, 54.64796752710292], [-5.855034824006678, 54.63363127315349], [-5.847182317723561, 54.640121334063025], [-5.82997363374141, 54.6449646631], [-5.82245527666183, 54.65164845717102], [-5.798396534007173, 54.66123824866422], [-5.791713549936436, 54.66152884840644], [-5.74910952648548, 54.67402463732182], [-5.738583826574068, 54.67402463732182], [-5.720706844184843, 54.667050243508584], [-5.678604044539194, 54.6683095090582], [-5.673424731884372, 54.66317558027901], [-5.656048973300453, 54.6710217733189], [-5.651036735247399, 54.665597244797496], [-5.634997573477628, 54.66966564118855], [-5.636334170291775, 54.67857736661657], [-5.606260741973454, 54.675283902871435], [-5.585877640557703, 54.677221234486225], [-5.576855612062207, 54.675090169709954], [-5.568836031177321, 54.66404737950566], [-5.55279686940755, 54.655523120400595], [-5.54210409489437, 54.653682655366545], [-5.539932125071379, 54.645836462326656], [-5.530074723567041, 54.6422523988393], [-5.5294064251599675, 54.634890538703104], [-5.534084514009484, 54.62307281585289], [-5.519883172859165, 54.59565957350364], [-5.5043452348947, 54.58878204627114], [-5.503676936487626, 54.582001385619385], [-5.490812192151455, 54.57764238948611], [-5.4772791494082105, 54.56408106818259], [-5.484630431886022, 54.550616613459816], [-5.481623089054191, 54.53385869499189], [-5.4704290907357045, 54.52581876879052], [-5.463077808257892, 54.49792119353757], [-5.456394824187154, 54.49346533082356], [-5.432837305337802, 54.48736273623698], [-5.442026408435067, 54.47341394861051], [-5.43634587197494, 54.46537402240914], [-5.441023960824456, 54.45442809878558], [-5.450881362328795, 54.45094090187896], [-5.4552253019747745, 54.43941377877097], [-5.4732693589657675, 54.435345382379914], [-5.480119417638274, 54.42711172301706], [-5.465082703479114, 54.41529400016686], [-5.462743659054356, 54.405994808415876], [-5.46441440507204, 54.39708308298785], [-5.458566794010144, 54.39291782001605], [-5.46224243524905, 54.383424895103595], [-5.481623089054191, 54.38400609458803], [-5.492315863567371, 54.36966984063859], [-5.482959685868337, 54.364439045278665], [-5.489809744540844, 54.35785211778839], [-5.499165922239877, 54.34322526409674], [-5.495824430204508, 54.33537907105684], [-5.531578394982957, 54.31581202174748], [-5.54845292976157, 54.30767522896537], [-5.557809107460604, 54.29517944004999], [-5.5603152264871305, 54.286461447783445], [-5.57551901524806, 54.27348132596436], [-5.586880088168314, 54.27009099563848], [-5.595735042062042, 54.26069493730676], [-5.603086324539854, 54.26011373782232], [-5.608599786398212, 54.24887721445655], [-5.632992678256407, 54.25992000466084], [-5.644854974981967, 54.25730460698088], [-5.6381719909112284, 54.25081454607134], [-5.636835394097082, 54.241515354320356], [-5.648029392415568, 54.23134436334272], [-5.6602258383446635, 54.2256292350791], [-5.669582016043698, 54.23386289444194], [-5.677100373123277, 54.2465524165188], [-5.6954785793178075, 54.25158947871726], [-5.7235471124149075, 54.249652147102466], [-5.726220306043203, 54.253139344009085], [-5.748775377281943, 54.25158947871726], [-5.758131554980976, 54.24761794890694], [-5.77818050719319, 54.2443244851618], [-5.7813549246267915, 54.245971217034366], [-5.819615008431766, 54.24248402012775], [-5.832646827369706, 54.2543986095587], [-5.817777187812313, 54.25720774040014], [-5.82028330683884, 54.27231892699549], [-5.828804111529031, 54.26980039589626], [-5.841167632059896, 54.258563872530495], [-5.846514019316487, 54.250523946329125], [-5.83331512577678, 54.251298878975035], [-5.828135813121957, 54.24664928309954], [-5.831310230555558, 54.24035295535148], [-5.8623861064844895, 54.22679163404797], [-5.884774103121462, 54.2141021119711], [-5.891958310997506, 54.20693398499639], [-5.890955863386894, 54.201218856732766], [-5.87742282064365, 54.19007919994773], [-5.872577657192366, 54.17738967787086], [-5.871742284183523, 54.167606153216184], [-5.875919149227734, 54.153463632428235], [-5.889118042767442, 54.13476838234553], [-5.886277774537378, 54.12140079420349], [-5.896970549050559, 54.10473974231631], [-5.903152309315992, 54.099508946956384], [-5.919191471085764, 54.09369695211202], [-5.957785704094276, 54.07228943776861], [-5.962965016749097, 54.062699646275405], [-5.991367699049734, 54.058243783561394], [-6.008409308430116, 54.04971952445632], [-6.0135886210849385, 54.04197019799717], [-6.040821781173196, 54.03257413966545], [-6.062708554004862, 54.02279061501077]]]]}}]}